freq_GHz,Rbv,Cbv,Rdv,Ldv,Cdv,Rav
0.04,0.005422344315738883,0.003068083089601714,0.012519822429749184,0.07150436874711887,0.00609870027663419,0.05112966838059947
0.14013824884792628,0.005421252131782239,0.003066059088741895,0.012518446868343745,0.07149597856914625,0.006098068279097788,0.05112647121073678
0.24027649769585255,0.005418982399569359,0.003061938953178469,0.01251596784684807,0.07148090611910447,0.006096898748219246,0.0511210179887712
0.3404147465437788,0.005415405108797131,0.003055748348560883,0.012512075159174857,0.07145715682767331,0.006095246182376286,0.051113272185903044
0.44055299539170506,0.005410418392857537,0.0030482260791177395,0.012506513066764455,0.07142380328150466,0.00609337219822919,0.051102127621416
0.5406912442396314,0.005403972474305192,0.0030397150965291077,0.012499609861115459,0.071383351017721,0.006091674444178352,0.05108794420957565
0.6408294930875577,0.005395763905253262,0.0030327781413507183,0.012491432333772536,0.0713357226853259,0.00609046388315619,0.05107229471206665
0.7409677419354839,0.005385791849257657,0.003027410818322096,0.012481890431954525,0.07128085616743192,0.006089445259858621,0.05105332529172301
0.8411059907834102,0.005373780207592062,0.0030234705509792547,0.01247055851330515,0.0712159577361308,0.006088191324233776,0.051031786864623424
0.9412442396313365,0.005359820260346169,0.003025181264965795,0.012458291938819456,0.07114525798009709,0.00608689198459615,0.051009186278097335
1.0413824884792628,0.005344189171592006,0.0030358571595570536,0.012444956508406903,0.0710660627274774,0.006085804914764594,0.050984874682035296
1.141520737327189,0.005326481908123242,0.0030553977195813785,0.012430300995183642,0.07098115142900496,0.006085004287451738,0.05095887732924893
1.2416589861751153,0.005309324335394194,0.0030846588763233738,0.012414094583364203,0.07088530021719634,0.006084333402104676,0.05093242659466341
1.3417972350230416,0.005293697451270419,0.0031193736875138713,0.012398196113645099,0.07078649864532054,0.006084065363829723,0.0509078796999529
1.4419354838709677,0.005281921296700603,0.0031570426510006654,0.012380435391387437,0.07067738467594609,0.006083428250422003,0.05087916304124519
1.542073732718894,0.005271445443795529,0.0031984809016285,0.012361060663824901,0.07056249547051266,0.0060830428211193065,0.05085160890128464
1.6422119815668204,0.0052636576202348805,0.0032428331999108193,0.01233950251538772,0.07044094506418333,0.006082510259584523,0.050821424573659894
1.7423502304147467,0.005260289792204276,0.003291240155522246,0.012318097832030616,0.07031289934646338,0.006081725749972975,0.05079058424802497
1.842488479262673,0.0052599261833529455,0.0033418808958958833,0.012294451947382186,0.07017698442330583,0.00608016981423134,0.05076390831498429
1.942626728110599,0.0052600799003266726,0.0033940427770721726,0.012267822301364504,0.07003475423669442,0.00607795077652554,0.050734798316843806
2.0427649769585257,0.005260459692362929,0.0034467735872021877,0.012239050977805165,0.06989080397877842,0.006075373127387138,0.050707062643487004
2.1429032258064518,0.005263252882432425,0.00349934537691297,0.012209307440498378,0.06974235686007887,0.006072201636125101,0.050676069180481134
2.243041474654378,0.005265917799260933,0.003550375669146888,0.012179654450155794,0.06959178600925953,0.006068221487803385,0.0506453156308271
2.3431797235023044,0.005267380860750563,0.0035993159576901235,0.012147070347564294,0.06944168802117928,0.006063138289755443,0.050612299994099885
2.4433179723502305,0.005268422307999572,0.0036461463005980476,0.01211188603861956,0.06929196140961721,0.00605686463197344,0.05057873320998624
2.5434562211981566,0.005268081803806126,0.0036894165133708155,0.012074277825595345,0.06913992545800283,0.006049354688584572,0.05054442488122732
2.643594470046083,0.005266291483712849,0.003729028475645464,0.012037640319613274,0.0689876162307337,0.006040643442247529,0.05050931357080117
2.7437327188940093,0.005265117584640393,0.003764729002432432,0.011999531578330789,0.06883323515066878,0.006030693469219841,0.05047579825622961
2.8438709677419354,0.005262866140983533,0.003796239871880971,0.011961434862168972,0.06867799598025158,0.006019650456728413,0.05044197301845998
2.944009216589862,0.005260174767754506,0.003823097091517411,0.011922223585133906,0.06851985471555963,0.0060071397775027435,0.05040622622705996
3.044147465437788,0.00525638931474532,0.0038459666652488522,0.01188200926175341,0.06835746828699485,0.005993631921592168,0.05036853352794424
3.1442857142857146,0.0052519839449087155,0.003864785171317635,0.011841175759909674,0.06818991998909041,0.005979183394665597,0.05032994924345985
3.2444239631336407,0.005246948896674439,0.0038794394007709344,0.011800489664601628,0.06801529773510992,0.005963623488059966,0.05028739537578076
3.344562211981567,0.005240433466242394,0.00389106855756836,0.01175984788016649,0.06783319008536637,0.005947280493128346,0.05024320872500539
3.4447004608294933,0.005232487989705987,0.0038991693945718,0.011719110781268683,0.06764338165754452,0.005929889121471205,0.050196588702965526
3.5448387096774194,0.005222252903913613,0.0039038100713514722,0.011678151438536588,0.06744766430696472,0.005911632162315073,0.05014684207038954
3.644976958525346,0.005210033694893355,0.003905220798769733,0.011636913576221559,0.06724522507516667,0.005892495491134468,0.0500939558679238
3.745115207373272,0.005196176061290316,0.0039041323936544357,0.011595942151325289,0.06703657135134562,0.0058729177979694215,0.050040868264622985
3.845253456221198,0.005180618811427848,0.0039005379907030148,0.0115551829256583,0.06682003136025742,0.0058526164303475525,0.04998422133270651
3.9453917050691247,0.005163253122591413,0.003894595505698817,0.011514911290432792,0.06659663596889004,0.0058317352674203,0.049925292478874325
4.045529953917051,0.005144448499195277,0.0038866337267972994,0.011475252915115561,0.06636684077326209,0.005810187231109012,0.04986441631568596
4.145668202764977,0.005124204442981863,0.0038769832455727736,0.011436076188401785,0.06612978524994105,0.005787966294301441,0.0498018876160495
4.2458064516129035,0.005102387762744911,0.0038655691292660776,0.011397306538710836,0.06588604244636372,0.0057651050531421786,0.04973854857729748
4.34594470046083,0.00507933295913972,0.0038525151331850792,0.011360019832791295,0.06563539796276018,0.00574168318460579,0.04967278216732666
4.446082949308756,0.0050552728508773724,0.0038383475168666335,0.011323169838578905,0.06537914961110801,0.005718059868522687,0.04960613900795579
4.546221198156682,0.005030203954083845,0.0038232782145496457,0.011286259710032028,0.06511626396793872,0.005693975135945948,0.04953752512810752
4.646359447004609,0.005004362737963675,0.0038078037061495705,0.011250314792850985,0.06484709645155817,0.005669492480374174,0.04946597122121602
4.7464976958525344,0.004977636333642295,0.00379158368188655,0.011214440496696626,0.06457135817268864,0.005644411290268181,0.04939604482846335
4.846635944700461,0.004950028238381492,0.003774384092685068,0.011178481215320063,0.06429024636745453,0.0056188687738904265,0.04932346186134964
4.9467741935483875,0.004921442893974017,0.003756177630129969,0.011143937839369756,0.06400158807169647,0.00559263021350489,0.049250075274612753
5.046912442396313,0.004892202277114848,0.003737326859263703,0.011110057348560076,0.06370798408286646,0.005566198412561789,0.049177457701880485
5.14705069124424,0.004862016199331265,0.003717614275374217,0.011076256055675913,0.06340939055895432,0.005539278285141336,0.04910389003576711
5.247188940092166,0.004831110387167428,0.003697156132693635,0.011042631567979697,0.06310531278606504,0.005511854516662425,0.04902916520833969
5.347327188940092,0.004799516798229888,0.0036760274703556205,0.011008764096477535,0.06279564349912108,0.005483922625280684,0.04895475765923038
5.4474654377880185,0.004767168962571304,0.0036542857739550526,0.010974905754846987,0.0624806691496633,0.005455527937301668,0.0488877394865267
5.547603686635945,0.004734200158127351,0.003631939522747416,0.010941147575795184,0.06216093566268682,0.005426700833631912,0.04881871988298372
5.647741935483871,0.00470075175864622,0.0036090085172327236,0.01090799069381319,0.06183525550412014,0.005397375454485882,0.04875228510471061
5.747880184331797,0.0046667368256021295,0.003585591654118616,0.010874430207477416,0.06150591844925657,0.005367729545105249,0.04868385579669848
5.848018433179724,0.004632350084284554,0.0035616860550362617,0.010841003942477983,0.061170967079233377,0.005337685868289555,0.048614908969029785
5.94815668202765,0.0045974173917784356,0.003537402356159873,0.010807976832729764,0.060830362518318,0.005307249665929703,0.04854636895237491
6.048294930875576,0.004562029719454586,0.0035126635927008464,0.010775096969737205,0.060486156491097065,0.005276447190117324,0.04847593707730993
6.148433179723503,0.004526245613378705,0.003487696464871988,0.010743316063017119,0.06013695320580155,0.005245250798761845,0.04840648653684184
6.248571428571429,0.004489988651985186,0.003462481166352518,0.010712565776193514,0.059783863776829094,0.005213706404902041,0.048335715949069706
6.348709677419355,0.004453191136344685,0.0034370212466455995,0.0106822506772005,0.05942503841826692,0.005181654362677364,0.048265107774641366
6.448847926267281,0.004416073162501561,0.0034113829003763387,0.01065184977283934,0.05906276168534532,0.005149336325266631,0.04819404808105901
6.548986175115208,0.004378963598137489,0.0033855325300828553,0.010622491700924002,0.05869632874149829,0.005116692379524466,0.04812261095270515
6.6491244239631335,0.004341589239120367,0.003359443801164161,0.010594775754143484,0.058326657579746095,0.0050839111306413545,0.04804929896723479
6.74926267281106,0.004304163201668416,0.0033332265324133915,0.010567871865350752,0.05795187494019047,0.005050860146729974,0.04797572779702022
6.849400921658987,0.004266954077320406,0.00330696124889073,0.01054117731138831,0.05757328823208809,0.005017641758313402,0.04790124032413587
6.949539170506912,0.00422998477879446,0.003280522801942425,0.010514351468300447,0.057190753957256674,0.004984057885158108,0.04782782448688522
7.049677419354839,0.004193305838634842,0.0032538392205606215,0.010487664792744909,0.05680397948017344,0.0049501102651993275,0.04775386432884261
7.149815668202765,0.004157102062818012,0.0032270083822368177,0.010460862420441117,0.0564148070034571,0.00491599662185763,0.04767805604962632
7.249953917050692,0.004121202406167868,0.003200135912775295,0.010434715982119086,0.05602132041938603,0.004881520794442622,0.047603326274547726
7.350092165898618,0.0040859217727120265,0.003173256172449328,0.010408434786077123,0.0556258274265565,0.004846829835441895,0.047526050617452714
7.450230414746544,0.004051888109534048,0.0031464319286169484,0.010382920824049506,0.055227023791521786,0.00481177538211341,0.047449390909168866
7.550368663594471,0.004019147298167809,0.0031197069797781296,0.01035713833902264,0.05482675049221143,0.0047764564580575096,0.04737077250843868
7.650506912442396,0.003987517567657051,0.0030930427301791496,0.010331510790856556,0.05442242319462821,0.004740744273585733,0.04729264908470213
7.750645161290323,0.003957274744097958,0.003066293413139647,0.010305445936392061,0.05401653706096113,0.00470505875928211,0.04721248384797946
7.850783410138249,0.0039281089202995645,0.0030394655145937577,0.010279732582275755,0.05360537467873655,0.004669221549265785,0.047133147111162545
7.950921658986175,0.0038991263484786033,0.0030129191449668725,0.0102536671856069,0.05319365791161545,0.004633247960227891,0.0470525665814057
8.051059907834102,0.0038704131921986117,0.0029864549843478016,0.010227364450693131,0.05277988215791993,0.004597580581103103,0.04697116130962968
8.151198156682026,0.0038420684914308367,0.0029601804449339397,0.010201239515736234,0.05236450550262816,0.004562375890309341,0.046889298022724686
8.251336405529953,0.0038141640362300677,0.002934022662375355,0.010174792146717664,0.051949118901975455,0.004527238180235145,0.046805261962581425
8.35147465437788,0.0037867513644596327,0.0029078605213726403,0.010148330833180808,0.05153063024627045,0.004492491779456031,0.04672115456080064
8.451612903225806,0.0037598607957625065,0.0028818257847160566,0.010121794661681633,0.051108426389982926,0.004457773975373129,0.046636911774985496
8.551751152073733,0.003733162772987271,0.0028564066742546856,0.01009495762642473,0.05068407412385568,0.004422858717371128,0.04655134582193568
8.65188940092166,0.003706429530939204,0.002831952540873317,0.01006779808580177,0.05025713195675053,0.0043876926891243785,0.04646397725911811
8.752027649769584,0.0036797436670894966,0.0028088136573205702,0.010040536126180086,0.04982698295731097,0.00435248675836192,0.04637603492476046
8.85216589861751,0.0036532946072111373,0.0027869093971094115,0.010013150690938347,0.04939419361879118,0.004317332870850805,0.04628754746401682
8.952304147465437,0.0036272818716679466,0.002765607858018484,0.00998547622235492,0.0489691518235486,0.0042823099690576785,0.04619694246212021
9.052442396313364,0.003601495829570922,0.002745805086015025,0.009957703827531077,0.04854339519399218,0.004247661215194967,0.04610545806353912
9.15258064516129,0.0035761736041604307,0.0027280546115071047,0.009929737751663196,0.048119894393021244,0.004213562689037644,0.04601336495717987
9.252718894009217,0.003551355257877731,0.0027121729562350084,0.009901649591920431,0.047698810838628564,0.004179476866192999,0.04592045416822657
9.352857142857141,0.003526711271770182,0.002697625438740943,0.009873357714677695,0.0472753537085373,0.004145859543787083,0.045825417074374854
9.452995391705068,0.003502248092991067,0.0026840316322341096,0.009845091322495137,0.046849489314481615,0.00411345755768707,0.045729342775885015
9.553133640552995,0.003478189333618502,0.0026716941954509823,0.00981678617245052,0.04643047097022645,0.004081732080157963,0.0456328178034164
9.653271889400921,0.00345444969178061,0.002660161826206604,0.009788392828195356,0.04601286717108451,0.004051001214029384,0.04553441828349605
9.753410138248848,0.003431128391021048,0.002649193127435865,0.00976019007153809,0.045600694767199454,0.004020947675599018,0.045435021766461435
9.853548387096774,0.0034085352053079988,0.0026393143454333766,0.009732255937706213,0.04519909382797778,0.00399199762599892,0.04533532511210069
9.9536866359447,0.0033865623540623347,0.0026299040669982786,0.009704183788853698,0.04479997466085479,0.00396468590850418,0.04523418032797053
10.053824884792625,0.003365864700608654,0.0026212713746645022,0.009676367580832448,0.044406152734300125,0.003940229408981395,0.045133727530483156
10.153963133640552,0.003346486214286415,0.0026129823514202143,0.00964835284248693,0.044020479747559876,0.0039164952885039385,0.045030862691346554
10.254101382488479,0.003327238573037903,0.002604610607522773,0.00962057141616242,0.04364220390445553,0.0038936712677968897,0.04492771124234423
10.354239631336405,0.0033082184580416653,0.002596167201991193,0.009592883136065211,0.043266705776331946,0.003871567495298223,0.04482260330580175
10.454377880184332,0.0032899774942779913,0.002587670475622872,0.009565473169495818,0.04289881201577373,0.0038503215892706066,0.0447165540442802
10.554516129032258,0.0032719684780022364,0.0025793049548519776,0.009538219801324885,0.042542611224344,0.0038298321874754037,0.0446099853166379
10.654654377880183,0.00325407049342175,0.002570926047919784,0.009511135412321892,0.04220156839583069,0.003809574037150014,0.044503508193884045
10.75479262672811,0.0032367390980653,0.0025624844286357986,0.009483982194506097,0.04188039349624887,0.0037902090006537038,0.044396268716081974
10.854930875576036,0.0032199601219326723,0.0025540946921682917,0.009456660505675245,0.041592044163262475,0.0037729560137813676,0.04428737860172987
10.955069124423963,0.003203502639007638,0.0025456708794808947,0.009429251111869234,0.041318283502478154,0.003755999633212923,0.0441775350086391
11.05520737327189,0.0031874784418323542,0.002537196122284513,0.009401796052989084,0.041067783529870214,0.003739288464421406,0.044066900303587314
11.155345622119816,0.003171751738409512,0.0025286626857996455,0.009374174005351961,0.04082341683562845,0.0037231707906903466,0.043954255122225734
11.25548387096774,0.003156200828088913,0.0025201545673189684,0.009346453877806199,0.040587175075197594,0.0037074118613963946,0.043840904384851456
11.355622119815667,0.003140762495386298,0.002511598665441852,0.009318604837171734,0.04036401599645614,0.003691816037389799,0.043727012563031166
11.455760368663594,0.003125289621966658,0.0025030402146512644,0.009290644487773534,0.04014404685702175,0.003676223007278168,0.043611468458548186
11.55589861751152,0.0031098171039047884,0.0024945705613936297,0.00926255588477943,0.03992705556796863,0.003660596838162746,0.043495022824499754
11.656036866359447,0.0030943558127910363,0.0024860547231219244,0.00923425365035655,0.039719608350424096,0.003644831097990391,0.04337679415708408
11.756175115207373,0.003079250635128119,0.002477546250738669,0.009205971426272299,0.039516448531067,0.003629372622963274,0.04325818082783371
11.8563133640553,0.003064179571592831,0.0024691113672452047,0.009177491205336992,0.039314088486135004,0.003614111449860502,0.043138099184725436
11.956451612903225,0.0030490854474919614,0.0024607488050241953,0.009148790684703272,0.03911198805784807,0.003599055633749231,0.043016777022276076
12.056589861751151,0.003033955631326535,0.0024523025103553664,0.009120065557945055,0.03891279368079267,0.0035839906743058234,0.042893650319892916
12.156728110599078,0.0030191383462806697,0.0024437761948502158,0.009091250358324032,0.038713197929318995,0.003568860440791468,0.04277049917262048
12.256866359447004,0.003005214450895437,0.0024351919676701074,0.009062243796361145,0.03851422391599044,0.003553734487068141,0.042646215753629806
12.35700460829493,0.002991884178700275,0.0024266579096729403,0.009033046573167667,0.03831610490102321,0.0035386537766316905,0.04252053052885458
12.457142857142857,0.002978510932662175,0.0024180754585540853,0.009003563595179002,0.03812056503375061,0.0035239864706090884,0.042393692461773755
12.557281105990782,0.0029650029214826645,0.0024094163707923145,0.008973743788956198,0.03792676006793044,0.003509254834789317,0.04226506047649309
12.657419354838709,0.0029515444594289874,0.00240071549982531,0.008943796964886133,0.03773414592025801,0.003494478538777912,0.04213597010355443
12.757557603686635,0.0029381485928752227,0.0023919601464876903,0.008913641264953184,0.03754219964146614,0.0034796968019509223,0.042005585765000436
12.857695852534562,0.002924941299133934,0.002383182614139514,0.008883371472184081,0.037349774468457324,0.003464829525255482,0.04187405776698142
12.957834101382488,0.0029123160022572845,0.0023743114988610614,0.008852526117989328,0.037155462380032984,0.0034497525231927282,0.04173930906457826
13.057972350230415,0.0029001117246662033,0.002365378117392538,0.008821595844638068,0.03696106835268438,0.0034347110393355253,0.041603932986035944
13.158110599078341,0.002887926770345075,0.0023565730577684006,0.00879049190582009,0.03676885657478124,0.003419756019866327,0.04146693533752113
13.258248847926266,0.0028757867972308304,0.0023478034028084948,0.008758750809065532,0.03657686820602976,0.0034046058108651777,0.04132614292902872
13.358387096774193,0.0028637948483083166,0.0023391640378395097,0.008727586198656354,0.03639516387367621,0.0033899337347247636,0.04118686196627095
13.45852534562212,0.002852011134600616,0.0023304073029430583,0.00869575826684013,0.03621216035098769,0.0033750366399908673,0.041043249445501716
13.558663594470046,0.002840824941304163,0.0023216282184876035,0.008664059450093192,0.03602986509096809,0.003360139170472394,0.04089921750826761
13.658801843317972,0.0028299256745231106,0.002312809280556394,0.008632016540213954,0.035847495740745215,0.003345078608836047,0.04075354004977271
13.758940092165899,0.0028196504506922794,0.0023039996114675885,0.008599656568840146,0.03566623676451854,0.003330005820680526,0.04060549137648195
13.859078341013824,0.00280959160081693,0.0022952545095176902,0.008567362195753958,0.03548628704156727,0.003314960644347593,0.0404576945793815
13.95921658986175,0.002799246026770561,0.002286367315246025,0.008534664402832277,0.03530410422245041,0.0032995468685840025,0.04030564381042495
14.059354838709677,0.002789268047126825,0.002277488067629747,0.008502172408043407,0.03512495698640123,0.0032846121587499512,0.040153428153134885
14.159493087557603,0.002779456776115694,0.002268556853668997,0.008469077213085256,0.03494433090323582,0.003269579087791499,0.0399978240346536
14.25963133640553,0.002769798942754278,0.0022596317001443824,0.008435980600770563,0.03476377181359567,0.003254512566345511,0.03984147739131003
14.359769585253456,0.0027607285736303312,0.00225073326844722,0.00840251517132856,0.0345811372238677,0.0032392396477371223,0.03968256617663428
14.459907834101383,0.0027519547929114197,0.0022417976120777893,0.008368620836699847,0.034396809537429365,0.0032237466799415414,0.03952090541832149
14.560046082949308,0.0027439116446475965,0.0022329535429889804,0.008334725554741454,0.0342139402218163,0.0032082558859838173,0.03935871390393004
14.660184331797234,0.002736406985059148,0.002224087458307622,0.008300564135133755,0.03402984902146272,0.003192629499026225,0.03919489730382338
14.76032258064516,0.0027311579725937916,0.0022151695053617003,0.008265949449269101,0.03384522587177344,0.0031767247537209187,0.03902773668756709
14.860460829493087,0.002728546069265576,0.0022062119441397954,0.008231498107779772,0.03366591373342089,0.0031605671914439882,0.03885881970869377
14.960599078341014,0.0027280378056457268,0.0021972558059496806,0.008196909119724295,0.03348926018807106,0.003144264561124146,0.03868786288192496
15.06073732718894,0.0027288850766490212,0.002188494070287561,0.008162505803338717,0.033315027352655305,0.0031280124611657812,0.03851692817406729
15.160875576036865,0.002731123513658531,0.0021799332941009196,0.008127214358537457,0.033139044602867214,0.003111316352078575,0.0383411136106588
15.261013824884792,0.0027341947171953505,0.002171716869052034,0.008091772682091687,0.03296308096149005,0.0030945199113921263,0.03816413338528946
15.361152073732718,0.002737339456944028,0.002163409935164964,0.008055985096434596,0.032786312964744865,0.0030776586613501422,0.037984666887205094
15.461290322580645,0.0027412483750958927,0.0021550769127497917,0.008020107161137276,0.03261012641596608,0.0030607773263182027,0.03780478958040476
15.561428571428571,0.002745624506933382,0.0021467009097978005,0.007983973085356411,0.032432597340084614,0.0030436911423748826,0.03762391623109579
15.661566820276498,0.002750079549296061,0.002138344795530429,0.007947029512142762,0.03225327798165381,0.0030262775023584252,0.037438816756475715
15.761705069124423,0.0027547022662474776,0.002130095862230519,0.007910410203039646,0.03207747213542461,0.003009020840545418,0.03725440505892039
15.86184331797235,0.002759015707997605,0.002121749980433378,0.007872833881119732,0.0318982654256979,0.0029912893959408394,0.03706514537567273
15.961981566820276,0.002763233698497061,0.00211354612823925,0.007835453259176575,0.03172022900020238,0.002973599240576732,0.03687585577601567
16.062119815668204,0.0027672460618487094,0.002105327319150092,0.007797318884695414,0.031538522787741385,0.00295546528257546,0.03668187262723222
16.162258064516127,0.0027712679897376803,0.0020971282725804484,0.007759544865984935,0.03135800096730236,0.0029373368409142133,0.03648820082424208
16.262396313364054,0.002775465517916018,0.0020889252063352615,0.0077212518607848325,0.031174407590879128,0.0029189089628198417,0.03629105873638764
16.36253456221198,0.0027795333883841524,0.0020806746967718935,0.007682479024806526,0.030987900844193065,0.002900203232493368,0.03609103417256847
16.462672811059907,0.002783396873564925,0.0020724612862977666,0.007643658300221432,0.030800517469760962,0.002881415951051167,0.03589011791860685
16.562811059907833,0.0027869802455825266,0.002064143204333959,0.00760419682279462,0.03060935156594496,0.0028623351787246064,0.03568519868189469
16.66294930875576,0.002790458412346197,0.0020560314242902677,0.0075645271118264645,0.030416692472063005,0.0028432252518541647,0.03547859170008451
16.763087557603686,0.0027937435862259007,0.0020479902993247377,0.007524366170109716,0.03022253567178268,0.002823835638264427,0.03526903127320111
16.863225806451613,0.002797017590200994,0.0020400200072617737,0.007484081015572883,0.030029971014591865,0.0028043329491629267,0.03505859078839421
16.96336405529954,0.0028001395051251167,0.002032184888521442,0.007443455475149676,0.029835533128934912,0.0027846200509520714,0.03484606980462559
17.063502304147466,0.0028032775614701675,0.0020243058841151653,0.007402433954121079,0.029638755102059804,0.0027645832794223678,0.034630475194426254
17.163640552995393,0.002806284660327947,0.002016314493230311,0.007361064303986495,0.029441528025781736,0.00274429814213363,0.034412468504160645
17.26377880184332,0.0028090216955752112,0.0020083159564819653,0.007319446448236704,0.02924340931174811,0.0027238158185355133,0.034192892365390436
17.363917050691242,0.002811767249950208,0.002000358741352102,0.007277655343787046,0.02904510387859773,0.0027032172556209844,0.033972018900094554
17.46405529953917,0.0028144676933879965,0.0019924673000059558,0.007235601668944582,0.02884452827333007,0.0026824575668433683,0.033748883706284684
17.564193548387095,0.00281709382426925,0.0019845894099853466,0.007193015424709301,0.028641377645544707,0.002661487984441919,0.03352268413524143
17.664331797235022,0.0028195305573171935,0.001976811900240136,0.007149876673938706,0.028436232914100402,0.0026402863388648255,0.033293341501848775
17.76447004608295,0.0028216879586398136,0.001969114581734175,0.007106309388909722,0.02822837411193177,0.0026187976107758006,0.03306112792226486
17.864608294930875,0.002823714184196433,0.0019618367885414047,0.007062881100137019,0.028021786710014568,0.0025973741144844097,0.03282979723298922
17.9647465437788,0.002825331630301662,0.001954526902118232,0.007018593280517962,0.027809839860419742,0.002575414935563458,0.032592948495876045
18.064884792626728,0.002826889873977052,0.0019472512928768993,0.006974145839631091,0.027598117481684312,0.0025533771474874813,0.0323554860719014
18.165023041474655,0.002828134127630619,0.0019400154805043713,0.006929002863471396,0.027382000247598626,0.0025309746232960607,0.03211376845603809
18.26516129032258,0.0028294858247681987,0.0019330590037861838,0.006883713761053514,0.02716506072494667,0.0025086358022963396,0.03187128769583069
18.365299539170508,0.0028306599018105773,0.0019264185597421602,0.006837979072297457,0.026945896766264923,0.0024860361554601695,0.03162607417092658
18.465437788018434,0.002831571469723713,0.0019202655897242948,0.006792096987483092,0.026725229279254564,0.002463338691231911,0.03137940450804308
18.56557603686636,0.002832187413005158,0.0019146276348328683,0.00674576575649553,0.026501914869295432,0.002440389466282795,0.03113001798395999
18.665714285714284,0.002832448797271354,0.0019095213487162256,0.006698955102037872,0.026276252364041283,0.0024171354924328627,0.03087756734690629
18.76585253456221,0.0028324152331333607,0.0019046401589002926,0.006651860345591558,0.02604866279521957,0.002393679379965761,0.03062290829140693
18.865990783410137,0.0028321246500127017,0.0018999899072514382,0.006604127919854363,0.02581762816233095,0.002369912371650571,0.030365133840823545
18.966129032258063,0.002831773081416031,0.0018957325584779028,0.0065565116092329845,0.02558656545705162,0.002346205374560668,0.030107039621798323
19.06626728110599,0.0028310693806270137,0.00189158417400904,0.006508268848847365,0.02535174131509848,0.0023221783235203475,0.029844488768139853
19.166405529953916,0.0028301925401319748,0.0018879889059462585,0.00646001702581998,0.02511664942605421,0.0022982250943459803,0.029581722001312302
19.266543778801843,0.0028289236487762538,0.0018850450221361826,0.006410921987553593,0.024876406153198333,0.002273962608524016,0.029313676682068034
19.36668202764977,0.002827648354286794,0.0018825546299194684,0.00636190315708518,0.024635453099617736,0.00224993878735404,0.02904454849776812
19.466820276497696,0.002826204544107895,0.0018803579349332721,0.0063126535592891745,0.024392278262530452,0.002225968710336019,0.028773363046348095
19.566958525345623,0.0028245794532995206,0.0018781076202139958,0.006262759302189807,0.024145109537639656,0.0022018187543289968,0.028497799009783192
19.66709677419355,0.002822754143708153,0.0018758965883171185,0.0062128671084064994,0.023896769795101136,0.00217759048602602,0.02822146543068811
19.767235023041476,0.0028205572710430717,0.0018736244119645562,0.0061624617494817355,0.023644758858717977,0.0021534030416660243,0.027941377991810443
19.867373271889402,0.00281797045681742,0.0018713828261388698,0.006111704343929887,0.023390334655414336,0.00212914243900741,0.02765868817572482
19.967511520737325,0.002815050892677391,0.0018692124384688215,0.006060585039012949,0.023134736919309944,0.0021050634072889807,0.02737369342125021
20.067649769585252,0.0028120148442394564,0.0018671488848485752,0.00600911528825236,0.022877435647533275,0.002081323875972885,0.02708643174613826
20.16778801843318,0.0028087484047864563,0.0018651956533722114,0.005957830438273959,0.022620351399527863,0.0020584571724612034,0.02679895276669413
20.267926267281105,0.0028053135752270464,0.0018630945713084656,0.005905783955458901,0.022358418210060335,0.0020355106828355927,0.026506359843770044
20.36806451612903,0.0028017801242822315,0.0018610811860708054,0.005853523901969311,0.022095388840534726,0.002012843436314142,0.02621278417413123
20.468202764976958,0.002798117282654857,0.0018592853561858647,0.005800996477701119,0.02183112147380598,0.001990572475006047,0.025916990468977018
20.568341013824885,0.0027940775937167926,0.0018572949542431162,0.0057477842555817915,0.02156310959137045,0.0019684379211685156,0.025617657623952253
20.66847926267281,0.0027898558125889397,0.0018550950209464646,0.005694363045258797,0.021294336911523715,0.0019470227412239183,0.02531666074297391
20.768617511520738,0.002785358472901862,0.0018529221233620774,0.005640655846655136,0.021023883537855,0.0019260504323028727,0.025013451336417348
20.868755760368664,0.0027808235259726643,0.0018507149439392378,0.005586342404858442,0.020749966150615366,0.001905494603633997,0.024707031953148544
20.96889400921659,0.0027764939310145564,0.0018484882047778229,0.005531778874646989,0.020474720192723908,0.0018862693045230117,0.024398208901984617
21.069032258064517,0.0027720309140568133,0.001846258157675038,0.005477333411035943,0.020198583492892795,0.0018693101220196694,0.024088193712523208
21.169170506912444,0.0027672313230868895,0.0018439185546594672,0.00542242176241416,0.01992028745240532,0.001853644198126858,0.02377474312670529
21.269308755760367,0.002762171506328741,0.0018413188212434762,0.00536749529048393,0.019642330875503832,0.0018420586732099764,0.02346019636723213
21.369447004608293,0.002756711173715303,0.0018384685335331597,0.005311883621980087,0.019366321091656574,0.0018350557921803555,0.023140960241435096
21.46958525345622,0.0027511407496058383,0.0018355343866278417,0.005256044248089893,0.019094311455264686,0.0018315684721892467,0.022820303725311533
21.569723502304146,0.00274555967291235,0.0018323221002356149,0.005200239036275889,0.01882664508768357,0.0018368027699034429,0.022496889429166913
21.669861751152073,0.002739713845658116,0.0018291675653017592,0.0051450985115661756,0.018574943719431757,0.0018522898644732777,0.02217093333019875
21.77,0.002734044159151381,0.0018260809718049131,0.005094316094837268,0.018330242583178915,0.0018749972246587276,0.021842348905047403
21.870138248847926,0.0027288254746235907,0.0018232676893239841,0.005050629815377761,0.01811166215047706,0.0019011415919521824,0.021512248769868167
21.970276497695853,0.002723931408690987,0.0018208056438015774,0.005016105537943076,0.01791212453332264,0.00192980124927999,0.021178954301867635
22.07041474654378,0.002720215097942855,0.0018188985432789195,0.004996797159692506,0.01774188821495045,0.0019624270284111845,0.020845365847926588
22.170552995391706,0.0027186210721265526,0.0018179441685788333,0.005025708175817272,0.017660385264025535,0.001995165099506266,0.020510908503783867
22.270691244239632,0.0027192877531342675,0.0018180160195333884,0.005076254722080193,0.01786433310888242,0.002027950801566476,0.020175631007296035
22.37082949308756,0.0027222048630937933,0.0018187076367030385,0.005128032283682842,0.018251717690145598,0.0020602536516526014,0.019845226829638705
22.470967741935482,0.0027260441638645716,0.0018196879595052452,0.0051795116922585295,0.018640214814804493,0.002092365343487472,0.019515414275228977
22.57110599078341,0.0027316526909999085,0.0018211489514214918,0.005230346309981542,0.019025054711382838,0.0021240587411011803,0.019210301808197983
22.671244239631335,0.0027388933637121225,0.0018232970185636077,0.005281429352180567,0.019406463587656617,0.002155391055275686,0.018962931575952097
22.77138248847926,0.002747799044009298,0.0018267143660341389,0.005332821385381976,0.019785291242296808,0.0021863515575387283,0.01875981027027592
22.871520737327188,0.002757756871142192,0.0018317529164778535,0.005383724405546673,0.020160806159838104,0.0022170029667177003,0.018577047292201315
22.971658986175115,0.0027687352561042646,0.0018372192211973015,0.00543412629631348,0.020533505102503114,0.002247399842162849,0.0184517497633351
23.07179723502304,0.0027802537359821146,0.0018429118215863127,0.0054843890163465405,0.02090426520036999,0.0022776263856940206,0.018405401863274166
23.171935483870968,0.0027920135034946725,0.0018486179075262045,0.005533685237751342,0.02127094631898217,0.0023074654539232144,0.01840102085887338
23.272073732718894,0.0028038465231657026,0.0018546556250657886,0.005583090655054548,0.021634588403976522,0.002336948588999803,0.018423382063338066
23.37221198156682,0.002816030649119057,0.0018605413231125567,0.005632037467075861,0.021995265710866078,0.0023660830534936394,0.018481078433105723
23.472350230414747,0.0028283477651712017,0.001866553295403719,0.005680177597969305,0.022352400943054816,0.002394795041400357,0.018567056926258374
23.572488479262674,0.0028403968340717256,0.001872136650054017,0.005727563817490591,0.022706216085352934,0.0024231529758981197,0.018674613489129115
23.6726267281106,0.002852193981379969,0.0018772483224165626,0.005774972144718049,0.023056896582711487,0.002451156163660926,0.01879441449244041
23.772764976958523,0.002863691338716308,0.001882003513746895,0.005821938028238946,0.023404913286794907,0.0024789212582982147,0.018923832305008544
23.87290322580645,0.002874896011198871,0.0018868403141095768,0.0058681178338883914,0.023749081604764796,0.002506266922791838,0.019051271940697917
23.973041474654377,0.00288596470549237,0.0018915255364845506,0.005914223242725712,0.024091573693440296,0.002533454421136412,0.019177742887404748
24.073179723502303,0.0028967275201284793,0.0018960364045051393,0.0059595788409933445,0.02443120035342872,0.0025603248421248283,0.019299775678664446
24.17331797235023,0.002907175725849811,0.0019004622440843377,0.00600399621296674,0.02476652266981546,0.002586767605316709,0.019417641942272895
24.273456221198156,0.0029174340244207996,0.0019046934637299273,0.006047956628462998,0.02510000277252402,0.0026130177676532184,0.01953375476761721
24.373594470046083,0.0029275676688121166,0.001908719681960065,0.006091237624641508,0.02543049418309238,0.002638937738520326,0.01964694500202313
24.47373271889401,0.0029373175304499453,0.0019122043547395151,0.006133617508166936,0.025757362760487013,0.0026644762708019696,0.019755895524285735
24.573870967741936,0.0029466179831069894,0.0019150529209582602,0.006175228932697792,0.02608076224802062,0.0026896256909822113,0.019860763929318636
24.674009216589862,0.0029555066672037355,0.0019174470857251436,0.0062160466487694065,0.026402009214507416,0.002714430560954497,0.019961811827961355
24.77414746543779,0.002964136540540494,0.0019193739675392861,0.006256181494973134,0.026720066925045104,0.002738869411550695,0.020059002003399655
24.874285714285715,0.0029723482640110887,0.001920606365747517,0.00629539511515759,0.027034376575611533,0.002762884894327726,0.020151628659805285
24.974423963133642,0.0029804542337660677,0.001921485176862916,0.006333875001582783,0.027345102061517537,0.0027864880880952114,0.02023996671545319
25.074562211981565,0.0029884692313498816,0.0019219744633301161,0.006371324922220083,0.027652147530461663,0.002809624579967931,0.020324033225188033
25.17470046082949,0.002996273449098226,0.0019220751541433856,0.0064081618674390484,0.027956743918475694,0.0028324806033197094,0.020405139414360746
25.274838709677418,0.0030036470756749623,0.0019216452394903172,0.006444051789294462,0.028257233253098094,0.002854885194101371,0.020482059579808264
25.374976958525345,0.0030107395401864777,0.001920719299087068,0.00647900486655999,0.028553702649078333,0.0028769543292582966,0.02055448753410019
25.47511520737327,0.003017493326042313,0.0019193837359489407,0.006513123420154443,0.02884563476080075,0.00289855948278273,0.02062209821655415
25.575253456221198,0.0030240263672021684,0.0019174700800795108,0.006546665703353938,0.02913551512407139,0.0029200443266745426,0.020686781029216946
25.675391705069124,0.0030301935914030763,0.0019147999078268185,0.00657928713291767,0.029422329612425527,0.002941195842795423,0.020746655892580748
25.77552995391705,0.003035901591356378,0.0019113181342254393,0.0066110546184063425,0.029704904766986145,0.002961878570858971,0.020801920474041252
25.875668202764977,0.0030416724691167472,0.0019070756604196504,0.006642037348065059,0.02998480498441495,0.002982197839592118,0.020853165668668225
25.975806451612904,0.0030470925378904214,0.0019020825371262617,0.006672200458415318,0.030263206563540736,0.003002159508832847,0.02090039455331862
26.07594470046083,0.0030520122410962356,0.0018962956662289799,0.006701223834679695,0.03053686353028752,0.0030215955153107643,0.02094172181445174
26.176082949308757,0.0030568614551157226,0.0018897611732245424,0.006729598975070985,0.030807933903997765,0.0030407369745807955,0.02098018809920177
26.276221198156684,0.003061495002184529,0.0018825891330197918,0.0067569229837681636,0.031074350524577313,0.0030593440186203226,0.02101337209576741
26.376359447004607,0.0030659205275878777,0.0018747894110856577,0.006783547394006746,0.0313375577313127,0.003077655965753365,0.021043065808480605
26.476497695852533,0.0030698259428027087,0.001866182644298533,0.006808960705820937,0.03159507817297708,0.003095383818654227,0.02106666084495373
26.57663594470046,0.0030733549654542005,0.0018568264986970461,0.006833534369361587,0.03184823874616995,0.003112653481584857,0.02108629491762258
26.676774193548386,0.0030769297017832287,0.001846766154485522,0.0068570616467332,0.032096988589619284,0.0031294672880903818,0.021100493300473318
26.776912442396313,0.003080325057671871,0.0018360805170959792,0.006880095742963022,0.03234411075303797,0.0031460839221108474,0.02111234815791249
26.87705069124424,0.0030831535080506002,0.001824490609433269,0.006901955101493513,0.03258748207183089,0.003162238441800582,0.021117716459557415
26.977188940092166,0.003085838401602814,0.001812267113418784,0.006923233158740914,0.03282850248506293,0.0031781222929566865,0.021119674618821593
27.077327188940092,0.0030886910026310943,0.0017995074574719183,0.006943483498762362,0.03306540307065006,0.003193659114476759,0.021116328148636967
27.17746543778802,0.003091988859960111,0.0017860492055478971,0.006963002575939754,0.03329864248109516,0.0032088808289699954,0.02110921261482872
27.277603686635945,0.0030955968954367564,0.001772534130141139,0.006981629292713478,0.03352781300491188,0.0032239419664256276,0.021098772172117607
27.377741935483872,0.0030992125300690534,0.0017589159224007745,0.00699942038016161,0.03375367869448383,0.0032386257548932917,0.021083321621408687
27.4778801843318,0.003102692432003096,0.0017457523627672344,0.007016422882297774,0.033975952275213786,0.0032529451129812512,0.021063282534014433
27.578018433179725,0.003106040000129724,0.001732610413164366,0.007032687128521502,0.03419518902141135,0.003267160572941066,0.02103935301420279
27.678156682027648,0.00311012176272925,0.0017197206657147035,0.007048371499258792,0.03441123686905485,0.0032812881330755773,0.021011226853588597
27.778294930875575,0.0031145846340223217,0.0017064196860883385,0.007063032205187483,0.03462243820773438,0.0032950008386251283,0.02097778203082271
27.8784331797235,0.0031195500018657185,0.0016931730454962234,0.007076929928880418,0.034830019926303066,0.0033083569101290777,0.020940202940255403
27.978571428571428,0.0031247045907366556,0.001679874311084859,0.007089643677609274,0.0350321855355287,0.0033212988125887934,0.020896399746416137
28.078709677419354,0.003130050299805589,0.0016669590841047466,0.007101743723615073,0.035231508768047204,0.0033339994734706124,0.02085001123487018
28.17884792626728,0.003135193995112786,0.001654333926126128,0.007112611743214075,0.035425300278584475,0.003346164965769276,0.020797248979797588
28.278986175115207,0.003140425935271196,0.0016423600088455715,0.007123095618881053,0.03561614696809556,0.0033583847559202694,0.02074066591099836
28.379124423963134,0.003145533888164209,0.0016314388442697236,0.007132785592548316,0.03580213094945066,0.0033703127608896467,0.020678421320626514
28.47926267281106,0.0031508157393545845,0.0016221303395286667,0.0071421873071813025,0.03598480474902317,0.0033822894091281343,0.020612852231133728
28.579400921658987,0.0031561874023464044,0.0016140993427688954,0.0071505282174621244,0.03616272651241161,0.003394034020966501,0.020541799928760155
28.679539170506914,0.00316189928285894,0.0016074413990645553,0.0071579329304222485,0.03633667014364619,0.003405307648863527,0.020468139410950242
28.77967741935484,0.0031675184352206996,0.0016038866283270181,0.007164509802823887,0.03650606045906898,0.0034161470666731475,0.02038884304347448
28.879815668202767,0.0031731025461340322,0.0016024079626731692,0.007170703110896284,0.03667350720614195,0.0034268663212424144,0.020306709629949182
28.97995391705069,0.0031788132763176692,0.0016058940523362253,0.007176119632495101,0.036837866197456604,0.0034373087991116337,0.020219855748582632
29.080092165898616,0.003184716437244788,0.001612520179915009,0.007180444211699068,0.03699663936800789,0.003447132203436922,0.02012556905101519
29.180230414746543,0.0031912132923025637,0.0016204449589713476,0.007184549835656071,0.03715384547889698,0.0034568778432003456,0.020029910269076936
29.28036866359447,0.0031978975336824076,0.0016297396799200214,0.007187848018511431,0.03730701410851907,0.003466276211547665,0.019932952595991083
29.380506912442396,0.0032044901768676936,0.0016421758670185228,0.007190282069786918,0.03745614753279369,0.0034752971702255307,0.019831142282346264
29.480645161290322,0.003211167498084251,0.001657181059126742,0.007191718541143928,0.037600343089434315,0.003483866376336664,0.019742572306422516
29.58078341013825,0.0032181335662608036,0.0016740648516861256,0.007192786313826218,0.037741896479274145,0.003492277241530246,0.019657159557682463
29.680921658986176,0.003227679747942602,0.0016945429051702376,0.007193486377946101,0.0378787163720699,0.003500196294626221,0.01957770097476896
29.781059907834102,0.0032378685142612084,0.0017172987242520322,0.0071938417463388755,0.03801091330009512,0.003507574984396342,0.019494791491888465
29.88119815668203,0.003249158754624659,0.0017415225322474726,0.007193823716370389,0.03813929033582099,0.003514747415538295,0.019413807274540885
29.981336405529955,0.0032619935322145467,0.0017662391504563856,0.007193573826807551,0.03826387886947487,0.0035219376006716627,0.01934251519967802
30.08147465437788,0.0032776130559796003,0.0017919028075993992,0.0071927541891636795,0.03838348692574073,0.003528646127670072,0.019321604711003602
30.181612903225805,0.0032936349087685814,0.0018188282930350396,0.007191151071456261,0.038497875418397595,0.003534958568052389,0.019363728078315035
30.28175115207373,0.0033093557087704537,0.001848444659553934,0.007188933668512618,0.03860763950448018,0.0035411782739538464,0.019491681070649067
30.381889400921658,0.0033249318513844626,0.0018818089172418695,0.00718618943457841,0.03871191879967228,0.003548472123147803,0.01971507225825917
30.482027649769584,0.0033409070360357874,0.0019156715541612356,0.007182641559629701,0.038812160319066605,0.0035558846768981313,0.02000568716903217
30.58216589861751,0.0033571800556092056,0.001950579464173643,0.007178671606670833,0.03890896949276794,0.0035640919652360024,0.020317554199136792
30.682304147465437,0.003373296833306085,0.001986327934428118,0.007173793465190101,0.039000489577301775,0.0035732537868170765,0.020654152433853597
30.782442396313364,0.003389479961479083,0.0020228900121583137,0.0071679299461538904,0.03908713839191478,0.003582481220291811,0.021019703010097146
30.88258064516129,0.0034053952954127453,0.0020597542410541792,0.007160997537284857,0.03916851498943288,0.0035917154119670157,0.021408797630574555
30.982718894009217,0.003421588880155468,0.0020964974419621285,0.007153327224514215,0.039245888240402566,0.003601095555568463,0.02181542887003161
31.082857142857144,0.003438281578855822,0.002133846214856021,0.007144740811781958,0.03931824316852726,0.0036103462061146275,0.022257884962018578
31.18299539170507,0.0034550191716698465,0.0021709075724356806,0.007134968603932066,0.03938443486345932,0.003619636950097629,0.022711359307868405
31.283133640552997,0.0034724580150214024,0.0022074822535796557,0.007125272491393843,0.039446695276419634,0.0036299202797090402,0.02317606147029437
31.383271889400923,0.003490509589901194,0.0022438139664882326,0.0071152901244931855,0.039503086116164925,0.0036405175409890945,0.02364968304755166
31.483410138248846,0.0035105301870498808,0.002280049512628466,0.007104418788512703,0.039554422745131886,0.0036516591309191425,0.024156476226635276
31.583548387096773,0.00353152954383404,0.0023163709566870238,0.0070925880948198025,0.03960101262142416,0.0036628594619833167,0.024677641931921245
31.6836866359447,0.0035524777129467113,0.002352406407298986,0.007079722526395926,0.039641846576705574,0.0036749664764647604,0.025220880972919985
31.783824884792626,0.0035737272680853496,0.0023880394535080994,0.007066110588639276,0.03967854238522705,0.0036871206538489788,0.025788577947532757
31.883963133640552,0.003595040450600209,0.002423049050557893,0.007051320604514331,0.03970926756446715,0.00369957503695332,0.02636047884472646
31.98410138248848,0.003616999515797943,0.0024576323690416756,0.007035545740072848,0.03973502999637276,0.0037133984859246995,0.02694951897719875
32.08423963133641,0.00363927438374958,0.0024919506171136164,0.007018998741259565,0.03975662685581483,0.0037305286337505094,0.027541811891132965
32.18437788018433,0.0036621925362851472,0.0025255783819011415,0.0070017914767959155,0.039772207249770875,0.003748929475987097,0.028137077015126122
32.284516129032255,0.0036851675827347208,0.002558519887388684,0.006984551960485987,0.03978188611217774,0.003768014157540165,0.0287342400662601
32.38465437788018,0.0037082421456580052,0.0025907980019110257,0.006966535663814284,0.039786719856783746,0.003789657082161284,0.02933712535887025
32.48479262672811,0.003731607059453381,0.0026226714978110975,0.00694747053537867,0.03978577030648012,0.003813528968967148,0.029940886868862437
32.584930875576035,0.0037556914531160146,0.0026540429537999445,0.006927462970052148,0.039779944077017716,0.0038398901608161394,0.03054834065376781
32.68506912442396,0.0037796414305921646,0.002684925201756414,0.006906520353950328,0.03976883565366734,0.003869595561627648,0.03115658462396823
32.78520737327189,0.0038035973536898384,0.002715635570930317,0.00688492699235212,0.03975277410587296,0.0039013191073900087,0.03176795248524286
32.885345622119814,0.0038274286872183438,0.002745816336537246,0.006872343528812053,0.03973115630273241,0.003937023739053984,0.03238204480847344
32.98548387096774,0.003851042082387721,0.0027761097678740045,0.006867108545702649,0.03971585234045051,0.003977270642717485,0.03299960916279815
33.08562211981567,0.003874622641451424,0.002805892933392897,0.00686483297336963,0.03973661346419249,0.004020836065465118,0.033617482001427564
33.185760368663594,0.003898372995754471,0.0028352868201909588,0.006871936112293042,0.03975424584466964,0.004066385807745974,0.03423795558861457
33.28589861751152,0.003922433356347028,0.0028640786482719703,0.006889728160458617,0.039768190445029175,0.004115765540918801,0.034860300888540224
33.38603686635945,0.003946497127908515,0.002892496986023616,0.0069186353615077675,0.039817579478258265,0.004167110784037504,0.035485746070044115
33.486175115207374,0.003970756556082051,0.002920440777379554,0.0069623188582772855,0.03992846070439555,0.004220954396223533,0.036112328298622744
33.5863133640553,0.003995184400846483,0.0029480476464959792,0.007022005038452335,0.040095374541706405,0.00427558230527211,0.036741755056427794
33.68645161290323,0.00401981589733623,0.0029752364484011196,0.007093693555507343,0.040328643058310264,0.004330827062294702,0.03737241471768357
33.78658986175115,0.0040445596622885206,0.0030017769744154067,0.007176619886449771,0.04061053003184498,0.004386416449196986,0.03800426724017598
33.88672811059908,0.004070417384064058,0.0030278400683891957,0.007267642431106652,0.04094333212764468,0.00444265454512788,0.038639165970962494
33.986866359447006,0.004096784854482394,0.003053361312195193,0.0073627653451694645,0.04129915716242977,0.004499603491203743,0.039276572923408824
34.08700460829493,0.004124449458613526,0.0030783678847365083,0.007459913950151531,0.041680918965139424,0.004556873753099353,0.03991512111038901
34.18714285714286,0.004152310072531691,0.003103029673511628,0.00755902044926188,0.042095120956655595,0.0046145255005831136,0.04055609745788388
34.287281105990786,0.00418045923797763,0.0031272139263455755,0.007658985624002526,0.04255291964916978,0.004672497875362751,0.04119865704211406
34.38741935483871,0.004209008578181965,0.0031509762111818418,0.007762973216886166,0.04302971363824327,0.00473053008718125,0.041842214887728914
34.48755760368664,0.0042378021733020434,0.0031743988904054275,0.007870156849821796,0.04351425312343053,0.004788888059047167,0.04248933553462848
34.587695852534566,0.004266647665790515,0.00319742058054544,0.007980704236688325,0.04400461554178037,0.004847352780707297,0.04313794460147619
34.687834101382485,0.004295651895517949,0.003220342182321474,0.008093505195574835,0.04449721806799062,0.0049060387798090235,0.043788257895503196
34.78797235023041,0.004324832850543316,0.003242869983077981,0.008207821354590123,0.045007736667757856,0.004965199135403964,0.044441593419760464
34.88811059907834,0.0043543458815838675,0.003264986242575105,0.00832334060309222,0.04552463526139036,0.005024730288132559,0.045097649269737305
34.988248847926265,0.004384232852316927,0.0032867115034605375,0.008440101490705273,0.04604343849234283,0.005084479884608299,0.04575501457322389
35.08838709677419,0.004414412961632479,0.003308065203309525,0.008558645737939513,0.04656682238331996,0.00514446275512455,0.04641482502687722
35.18852534562212,0.004444997074897401,0.00332926125935046,0.008679119432199513,0.04709498095791787,0.00520474403820117,0.04707699196878821
35.288663594470044,0.004475524628069252,0.003350166060263291,0.008801014187338297,0.047627572319470346,0.005265051361202495,0.047739374826196584
35.38880184331797,0.004506199050083524,0.0033707736278302037,0.00892331832452328,0.04816907297703438,0.005325575191091047,0.04840317575726658
35.4889400921659,0.004537172596756136,0.0033911114335933236,0.009046134532545692,0.04871203727438114,0.005386342802667059,0.049069034978747365
35.589078341013824,0.004568276538484497,0.003411333765980089,0.009169390359747922,0.04925626972224564,0.00544756508723367,0.04973660882562399
35.68921658986175,0.0046000562194967645,0.0034315350296674294,0.009292978161684005,0.04980196761665866,0.005508990687521873,0.05040622165892273
35.78935483870968,0.004632067781349178,0.0034514050821599085,0.009416837420867524,0.0503489156474825,0.005570580944477115,0.05107725630281493
35.889493087557604,0.00466410864435602,0.0034711136737314518,0.009542107079760172,0.05089708021609113,0.005632319619326154,0.05174944058991968
35.98963133640553,0.004696021051495336,0.003490482603228884,0.009667899367632344,0.0514501145191025,0.0056941062617988794,0.052421820214949545
36.08976958525346,0.004727857995894738,0.003509557175275404,0.009794097824778874,0.05200885425321758,0.005756139332806925,0.053096413426101205
36.18990783410138,0.0047595880326116455,0.0035283721733139826,0.009920628984109498,0.05257692922605202,0.005818386890459806,0.05377246988005936
36.29004608294931,0.004791204408684279,0.0035470550999161785,0.01004739206749946,0.05314691168372519,0.005880766908667283,0.054449829699005935
36.390184331797236,0.004822742850810755,0.0035655779292574153,0.010174223298963624,0.05371988120488822,0.005943180003523594,0.055127475094050166
36.49032258064516,0.004854548578005051,0.0035843597451457754,0.010301608017762191,0.05430278504616581,0.006005832977243699,0.055807611048221586
36.59046082949309,0.004886321596131893,0.003603209809225518,0.010429240181983913,0.05489168370026164,0.006068630434165243,0.05648884467082098
36.690599078341016,0.004917966892680852,0.0036218241008464246,0.01055693602276733,0.055485981332603844,0.006131477126764366,0.05717033026274294
36.79073732718894,0.004949519169022096,0.0036402001246460714,0.010684872223064303,0.056082806470803916,0.006194512561341981,0.057852772804908456
36.89087557603687,0.004981086355255684,0.0036584775711526163,0.010813157302036415,0.05668132423073985,0.006257761214947095,0.05853698757942766
36.991013824884796,0.0050127428171981596,0.003676672633155249,0.01094176820886787,0.05728101039770991,0.00632116342880181,0.05922242774395272
37.09115207373272,0.005044736706186086,0.0036949048735550605,0.011070850708638318,0.0578845061128959,0.006384836600045673,0.05990975701250136
37.19129032258065,0.005077000688033877,0.003713326501601841,0.011200282911304385,0.05849084754474461,0.006448686300282134,0.060598123786039654
37.29142857142857,0.005109153506055009,0.0037315837532514704,0.011329739395878278,0.05909880429506302,0.006512609518686077,0.06128650426398963
37.391566820276495,0.005141481843893416,0.0037500125335645862,0.0114598250342533,0.05971051610074937,0.006576886831026058,0.06197790840175003
37.49170506912442,0.005173908376891631,0.0037683946843026206,0.011590417785337195,0.060326002337969836,0.006641217568103457,0.06266936996253207
37.59184331797235,0.005206721213762648,0.003786597369471565,0.01172115674125962,0.060945347156375645,0.006705596978281392,0.06336114717647433
37.691981566820274,0.0052398952282965185,0.0038049890495312866,0.011852391047868878,0.061567497283685955,0.006770267296669772,0.06405529755167663
37.7921198156682,0.005272983700269834,0.00382326752631343,0.011983564854308498,0.0621909198211506,0.006834981513238744,0.06474950824398547
37.89225806451613,0.005306397452368401,0.003841771641455125,0.01211506444378756,0.06281688372604549,0.0069000870671879965,0.0654451609402895
37.992396313364054,0.005339871064061299,0.0038602806930430234,0.012247061944799497,0.06344583316007629,0.006965526803833199,0.06614244331605733
38.09253456221198,0.005373228162061423,0.0038786236562009437,0.012379128916363698,0.0640763447782956,0.007030953600915382,0.06683918875409291
38.19267281105991,0.0054067229977226815,0.003896893827331951,0.0125114078191109,0.06471526527078822,0.007096501764463028,0.06753674862906336
38.292811059907834,0.00544017731648637,0.003915000701963436,0.012643704694346525,0.06535522845806555,0.0071620853267086206,0.06823437279788777
38.39294930875576,0.005473907885025255,0.00393319912138395,0.012776250108145178,0.06599938820581883,0.007227819370018551,0.06893260993529111
38.49308755760369,0.005507736889994703,0.00395130010205321,0.012909110113105271,0.06664809700800106,0.007293709896912332,0.06963222332065926
38.59322580645161,0.005541694379644468,0.003969285163475433,0.013042129950772505,0.06729896046686917,0.007359703128167893,0.0703323555435054
38.69336405529954,0.005575727453979198,0.003987427073006984,0.01317514109890908,0.06795163410948589,0.007425696765567409,0.07103197514079511
38.79350230414747,0.005609953401144594,0.004005798290309031,0.013308726218820083,0.06860933335265144,0.007491959492472233,0.07173454857897013
38.89364055299539,0.005644144642574247,0.004024157415842638,0.013442103060369845,0.06926728259772062,0.007558120925095863,0.07243547562044114
38.99377880184332,0.005678317731944844,0.004042442572826985,0.013575925737095531,0.06992939118063077,0.007624528473679675,0.07313841404626147
39.093917050691246,0.005712409805855714,0.00406069063799805,0.013709915279760026,0.07059431054163724,0.007691039297060343,0.07384168250020594
39.19405529953917,0.005746408813574817,0.004078804930613842,0.013843937507772353,0.07125979492207989,0.007757574026472866,0.07454493656521663
39.2941935483871,0.0057803151686675845,0.004096845481253695,0.013977988566621207,0.07192613373044879,0.007824185592035064,0.07524774697609246
39.394331797235026,0.005814175249543041,0.004114925519097597,0.014112235544598662,0.0725930694071576,0.007890934462775476,0.07595095071243123
39.49447004608295,0.005847964495478664,0.004132894448412116,0.014246714013570454,0.0732620500982739,0.007957797163835495,0.07665477013681084
39.59460829493088,0.005881693025585264,0.004150784814992221,0.014381334136414807,0.07393231673864648,0.008024765003938228,0.07735904002794997
39.694746543778805,0.005915369237191044,0.004168629271443933,0.014515989505744073,0.07460366445127875,0.008091752463951708,0.07806270906236022
39.794884792626725,0.005948958299122751,0.004186350050440523,0.014650638409075328,0.07527595378924161,0.008158741819061106,0.07876591088017448
39.89502304147465,0.005982513410563115,0.0042039975603984205,0.014785511248046532,0.07595032793236896,0.008225901966361561,0.07946986411698162
39.99516129032258,0.006015984359546565,0.0042215247929561885,0.014920341977267526,0.07662471705814823,0.008293053750530816,0.08017295284196735
40.095299539170504,0.0060493421577848495,0.004238953022286296,0.015055446261831093,0.0773007678403519,0.008360354779870249,0.08087656285148113
40.19543778801843,0.0060826876579085365,0.0042564111930551,0.015190837898699102,0.07797850811854005,0.008427801087964325,0.08158182014478371
40.29557603686636,0.006115985149808694,0.004273856982617872,0.01532628713059239,0.07865738519467413,0.00849533834902104,0.08228820504853501
40.395714285714284,0.006149147693358828,0.00429117032836075,0.01546156464581145,0.07933629595674574,0.008562806803238345,0.08299301285529509
40.49585253456221,0.006182328324357513,0.0043085164455987975,0.015597375186916906,0.08001822903519497,0.008630542066093767,0.08369991258019581
40.59599078341014,0.006215451285243034,0.0043257374706445265,0.01573317940288689,0.0807005471852608,0.00869829798466526,0.08440586761571467
40.696129032258064,0.006248567530128639,0.004342945655516814,0.015869102261785884,0.08138388912193477,0.00876611412371858,0.08511193765560165
40.79626728110599,0.006281717935344204,0.004360115038725781,0.01600516027538106,0.08206854532239959,0.008834046443953412,0.08581800915068015
40.89640552995392,0.00631478884635726,0.00437713376712054,0.016140963066136466,0.08275209916289895,0.008901839767349883,0.0865223293681629
40.99654377880184,0.006347959012782667,0.004394121490768157,0.016277618694584817,0.08343930625356734,0.008970001469569978,0.08722904669120908
41.09668202764977,0.006380949829763267,0.0044109767071495295,0.016413862853951286,0.08412665593903512,0.009038032373500754,0.08793348624370992
41.1968202764977,0.006413966018881183,0.00442775698575133,0.016550230986613314,0.08481711150379852,0.009106147317652358,0.08863802326610312
41.29695852534562,0.006446909419319127,0.004444496128853643,0.016686624784197194,0.08550886797253042,0.009174305421620375,0.08934192914050072
41.39709677419355,0.006479837658116594,0.0044611836932017465,0.01682305149763124,0.08620077525032684,0.009242470096214674,0.09004520784365014
41.497235023041476,0.006512896540516522,0.004477838595485082,0.016959748260851483,0.08689292327733711,0.009310741182271159,0.09074796876404434
41.5973732718894,0.0065459466297761535,0.004494472809456056,0.017096567161788697,0.08758620986249298,0.009379092762101209,0.09145073645049706
41.69751152073733,0.006578925613721367,0.004511094783083536,0.017233278633793817,0.08827984727919101,0.009447413582820445,0.09215226432308554
41.797649769585256,0.0066118451714282855,0.00452764068293618,0.01736988197779283,0.08897527197375893,0.009515728844999103,0.09285293469903991
41.89778801843318,0.0066446887134225105,0.004544157044001622,0.017506458213320003,0.08967145264847204,0.009584095082100248,0.09355263708392159
41.99792626728111,0.006677475022443104,0.0045605781694757755,0.017642843947687652,0.09037020116345956,0.009652399736223742,0.09425097118830308
42.098064516129035,0.006710307274479419,0.0045769809966441245,0.017779460662859493,0.09107039195485413,0.009720781058567808,0.09494916291674599
42.19820276497696,0.0067430407521897,0.0045933741847693456,0.017915962452534587,0.09177004493540153,0.009789067729725503,0.09564508314244449
42.29834101382489,0.006775731082016136,0.004609734038967872,0.018052484492363872,0.09247141196159646,0.009857382180489366,0.09634039622731506
42.39847926267281,0.006808361071744002,0.004626066057680873,0.018189060219447127,0.09317354453261942,0.009925781619385817,0.09703553968574852
42.498617511520735,0.006840836947376374,0.0046423170054913495,0.018325211195333396,0.09387448612134904,0.00999400985383545,0.09772772873053327
42.59875576036866,0.006873299166618381,0.004658635813830188,0.018461455814831426,0.09457717177225276,0.010062316355324584,0.09841990335844457
42.69889400921659,0.006905646181257908,0.004674922328267712,0.01859752583230147,0.09527922101784497,0.010130537521763471,0.09911015699617565
42.799032258064514,0.006937898114265408,0.00469115270068869,0.018733341845509132,0.0959809627267532,0.010198707420349819,0.09979913079179824
42.89917050691244,0.006970039841689868,0.0047073479402752125,0.018869068951462394,0.09668281801510602,0.010266820870456286,0.10048693091142923
42.99930875576037,0.007002102747355821,0.004723515708028572,0.01900466191524174,0.09738476345082744,0.01033491310896352,0.10117342736339197
43.099447004608294,0.007034109057858586,0.004739667090034345,0.01914015659276629,0.09808706462150439,0.010403008087305352,0.10185900376411156
43.19958525345622,0.007066011121642077,0.004755756769154687,0.01927539066586178,0.09878904072800651,0.01047102897966397,0.10254249543184414
43.29972350230415,0.007097933916811599,0.004771882473432925,0.01941033660637913,0.0994900396000594,0.01053894089665846,0.10322416983777657
43.39986175115207,0.007129799481917871,0.0047880024611367845,0.019545226075861136,0.10019155081361532,0.010606872696080245,0.10390488779637963
43.5,0.0071617585832427725,0.00480424523979309,0.019680486181750893,0.10089551782933995,0.010675044161180267,0.10458670823602007
