param,sweep_val,cf_S11_re,cf_S11_im
Rbv,-2.0,0.93262779712677,-0.16417208313941956
Rbv,-1.9595959595959596,0.9339032173156738,-0.1643710732460022
Rbv,-1.9191919191919191,0.9351524114608765,-0.16456666588783264
Rbv,-1.878787878787879,0.9363747835159302,-0.16475872695446014
Rbv,-1.8383838383838385,0.9375699758529663,-0.16494716703891754
Rbv,-1.797979797979798,0.9387374520301819,-0.16513189673423767
Rbv,-1.7575757575757576,0.9398770332336426,-0.16531282663345337
Rbv,-1.7171717171717171,0.9409884214401245,-0.16548985242843628
Rbv,-1.6767676767676767,0.9420714974403381,-0.165662944316864
Rbv,-1.6363636363636362,0.9431261420249939,-0.1658320277929306
Rbv,-1.595959595959596,0.9441524147987366,-0.16599707305431366
Rbv,-1.5555555555555556,0.9451503157615662,-0.1661580353975296
Rbv,-1.5151515151515151,0.9461200833320618,-0.16631488502025604
Rbv,-1.4747474747474747,0.9470619559288025,-0.16646762192249298
Rbv,-1.4343434343434343,0.9479761123657227,-0.16661620140075684
Rbv,-1.393939393939394,0.9488629698753357,-0.16676065325737
Rbv,-1.3535353535353534,0.9497228860855103,-0.16690099239349365
Rbv,-1.3131313131313131,0.9505563974380493,-0.16703718900680542
Rbv,-1.2727272727272727,0.9513638615608215,-0.16716930270195007
Rbv,-1.2323232323232323,0.9521458148956299,-0.1672973483800888
Rbv,-1.1919191919191918,0.9529029130935669,-0.1674213409423828
Rbv,-1.1515151515151514,0.953635573387146,-0.16754135489463806
Rbv,-1.1111111111111112,0.9543444514274597,-0.16765740513801575
Rbv,-1.0707070707070705,0.9550301432609558,-0.16776955127716064
Rbv,-1.0303030303030303,0.955693244934082,-0.16787785291671753
Rbv,-0.9898989898989898,0.9563342928886414,-0.16798235476016998
Rbv,-0.9494949494949494,0.9569538235664368,-0.16808313131332397
Rbv,-0.909090909090909,0.9575524926185608,-0.16818027198314667
Rbv,-0.8686868686868685,0.9581308364868164,-0.16827380657196045
Rbv,-0.8282828282828283,0.9586893320083618,-0.16836385428905487
Rbv,-0.7878787878787878,0.9592285752296448,-0.1684504896402359
Rbv,-0.7474747474747474,0.9597490429878235,-0.16853377223014832
Rbv,-0.707070707070707,0.9602512121200562,-0.16861380636692047
Rbv,-0.6666666666666665,0.960735559463501,-0.16869069635868073
Rbv,-0.6262626262626261,0.9612026214599609,-0.16876451671123505
Rbv,-0.5858585858585856,0.9616527557373047,-0.1688353717327118
Rbv,-0.5454545454545454,0.9620864391326904,-0.16890333592891693
Rbv,-0.505050505050505,0.9625041484832764,-0.16896852850914001
Rbv,-0.46464646464646453,0.9629062414169312,-0.1690310388803482
Rbv,-0.4242424242424241,0.963293194770813,-0.16909095644950867
Rbv,-0.38383838383838365,0.9636654257774353,-0.16914840042591095
Rbv,-0.3434343434343432,0.9640232920646667,-0.16920343041419983
Rbv,-0.303030303030303,0.9643672704696655,-0.16925616562366486
Rbv,-0.26262626262626254,0.9646977782249451,-0.169306680560112
Rbv,-0.2222222222222221,0.965015172958374,-0.16935507953166962
Rbv,-0.18181818181818166,0.9653198719024658,-0.16940145194530487
Rbv,-0.14141414141414121,0.9656122922897339,-0.16944587230682373
Rbv,-0.10101010101010077,0.9658928513526917,-0.16948843002319336
Rbv,-0.06060606060606055,0.9661619067192078,-0.16952921450138092
Rbv,-0.02020202020202011,0.9664199352264404,-0.16956830024719238
Rbv,0.020202020202020332,0.9666671752929688,-0.16960576176643372
Rbv,0.060606060606060996,0.9669041633605957,-0.1696416735649109
Rbv,0.10101010101010122,0.9671311974525452,-0.16967611014842987
Rbv,0.14141414141414144,0.9673486948013306,-0.16970914602279663
Rbv,0.1818181818181821,0.9675570130348206,-0.16974084079265594
Rbv,0.22222222222222232,0.9677565097808838,-0.1697712540626526
Rbv,0.262626262626263,0.9679475426673889,-0.16980047523975372
Rbv,0.3030303030303032,0.9681304097175598,-0.16982853412628174
Rbv,0.3434343434343434,0.9683055281639099,-0.1698555052280426
Rbv,0.3838383838383841,0.9684731364250183,-0.1698814481496811
Rbv,0.4242424242424243,0.9686336517333984,-0.1699063926935196
Rbv,0.464646464646465,0.9687873125076294,-0.16993042826652527
Rbv,0.5050505050505052,0.9689344167709351,-0.1699535846710205
Rbv,0.5454545454545459,0.9690752625465393,-0.1699758917093277
Rbv,0.5858585858585861,0.9692100882530212,-0.1699974238872528
Rbv,0.6262626262626263,0.9693392515182495,-0.17001821100711823
Rbv,0.666666666666667,0.9694629907608032,-0.17003831267356873
Rbv,0.7070707070707072,0.9695814847946167,-0.1700577586889267
Rbv,0.7474747474747478,0.969694972038269,-0.17007657885551453
Rbv,0.7878787878787881,0.9698037505149841,-0.1700948178768158
Rbv,0.8282828282828287,0.9699079990386963,-0.1701125204563141
Rbv,0.868686868686869,0.9700079560279846,-0.1701297163963318
Rbv,0.9090909090909092,0.9701037406921387,-0.1701464205980301
Rbv,0.9494949494949498,0.9701955914497375,-0.17016270756721497
Rbv,0.9898989898989901,0.9702837467193604,-0.17017856240272522
Rbv,1.0303030303030307,0.9703682661056519,-0.17019404470920563
Rbv,1.070707070707071,0.9704493284225464,-0.1702091544866562
Rbv,1.1111111111111112,0.970527172088623,-0.17022395133972168
Rbv,1.1515151515151518,0.9706019163131714,-0.1702384352684021
Rbv,1.191919191919192,0.970673680305481,-0.17025263607501984
Rbv,1.2323232323232327,0.9707425832748413,-0.17026659846305847
Rbv,1.272727272727273,0.9708088040351868,-0.1702803075313568
Rbv,1.3131313131313136,0.9708724021911621,-0.17029380798339844
Rbv,1.3535353535353538,0.9709334969520569,-0.17030709981918335
Rbv,1.393939393939394,0.9709922671318054,-0.17032022774219513
Rbv,1.4343434343434347,0.9710487723350525,-0.17033320665359497
Rbv,1.474747474747475,0.9711030721664429,-0.17034603655338287
Rbv,1.5151515151515156,0.9711553454399109,-0.17035873234272003
Rbv,1.5555555555555558,0.9712055921554565,-0.17037132382392883
Rbv,1.5959595959595965,0.9712539315223694,-0.17038382589817047
Rbv,1.6363636363636367,0.971300482749939,-0.17039623856544495
Rbv,1.676767676767677,0.9713452458381653,-0.17040857672691345
Rbv,1.7171717171717176,0.9713883399963379,-0.17042085528373718
Rbv,1.7575757575757578,0.9714298248291016,-0.17043310403823853
Rbv,1.7979797979797985,0.9714698195457458,-0.1704453080892563
Rbv,1.8383838383838387,0.971508264541626,-0.17045746743679047
Rbv,1.878787878787879,0.9715452790260315,-0.17046964168548584
Rbv,1.9191919191919196,0.9715809226036072,-0.17048178613185883
Rbv,1.9595959595959598,0.9716153144836426,-0.170493945479393
Rbv,2.0,0.9716483354568481,-0.17050610482692719
Cbv,-2.0,0.9683603048324585,-0.17021304368972778
Cbv,-1.9595959595959596,0.9684047102928162,-0.17021723091602325
Cbv,-1.9191919191919191,0.9684427380561829,-0.17021983861923218
Cbv,-1.878787878787879,0.9684744477272034,-0.17022094130516052
Cbv,-1.8383838383838385,0.9684998989105225,-0.1702205240726471
Cbv,-1.797979797979798,0.9685193300247192,-0.17021870613098145
Cbv,-1.7575757575757576,0.9685328602790833,-0.17021550238132477
Cbv,-1.7171717171717171,0.9685409069061279,-0.17021101713180542
Cbv,-1.6767676767676767,0.9685438871383667,-0.17020533978939056
Cbv,-1.6363636363636362,0.968542218208313,-0.17019855976104736
Cbv,-1.595959595959596,0.9685364365577698,-0.17019081115722656
Cbv,-1.5555555555555556,0.9685271978378296,-0.1701822131872177
Cbv,-1.5151515151515151,0.9685150384902954,-0.17017291486263275
Cbv,-1.4747474747474747,0.9685006141662598,-0.17016303539276123
Cbv,-1.4343434343434343,0.9684844613075256,-0.17015276849269867
Cbv,-1.393939393939394,0.9684672951698303,-0.17014223337173462
Cbv,-1.3535353535353534,0.9684495329856873,-0.1701315939426422
Cbv,-1.3131313131313131,0.9684315919876099,-0.1701209843158722
Cbv,-1.2727272727272727,0.9684140086174011,-0.1701105535030365
Cbv,-1.2323232323232323,0.9683970212936401,-0.17010042071342468
Cbv,-1.1919191919191918,0.9683809280395508,-0.1700906902551651
Cbv,-1.1515151515151514,0.9683657884597778,-0.17008142173290253
Cbv,-1.1111111111111112,0.9683516621589661,-0.17007270455360413
Cbv,-1.0707070707070705,0.968338668346405,-0.1700645387172699
Cbv,-1.0303030303030303,0.9683266878128052,-0.17005695402622223
Cbv,-0.9898989898989898,0.9683156609535217,-0.17004992067813873
Cbv,-0.9494949494949494,0.9683053493499756,-0.17004340887069702
Cbv,-0.909090909090909,0.9682957530021667,-0.1700373739004135
Cbv,-0.8686868686868685,0.9682866334915161,-0.17003171145915985
Cbv,-0.8282828282828283,0.9682778120040894,-0.17002637684345245
Cbv,-0.7878787878787878,0.9682691693305969,-0.17002123594284058
Cbv,-0.7474747474747474,0.968260645866394,-0.17001619935035706
Cbv,-0.707070707070707,0.9682520627975464,-0.17001117765903473
Cbv,-0.6666666666666665,0.9682433605194092,-0.17000605165958405
Cbv,-0.6262626262626261,0.9682345390319824,-0.17000073194503784
Cbv,-0.5858585858585856,0.9682255387306213,-0.16999512910842896
Cbv,-0.5454545454545454,0.9682164192199707,-0.1699891835451126
Cbv,-0.505050505050505,0.9682072401046753,-0.16998279094696045
Cbv,-0.46464646464646453,0.9681980013847351,-0.16997592151165009
Cbv,-0.4242424242424241,0.9681887626647949,-0.16996853053569794
Cbv,-0.38383838383838365,0.9681797027587891,-0.169960618019104
Cbv,-0.3434343434343432,0.9681708216667175,-0.1699521541595459
Cbv,-0.303030303030303,0.9681622982025146,-0.1699431836605072
Cbv,-0.26262626262626254,0.9681541323661804,-0.1699337214231491
Cbv,-0.2222222222222221,0.9681465029716492,-0.16992385685443878
Cbv,-0.18181818181818166,0.9681394100189209,-0.169913649559021
Cbv,-0.14141414141414121,0.9681330323219299,-0.1699032038450241
Cbv,-0.10101010101010077,0.9681273102760315,-0.16989266872406006
Cbv,-0.06060606060606055,0.9681224226951599,-0.1698821783065796
Cbv,-0.02020202020202011,0.9681183099746704,-0.16987191140651703
Cbv,0.020202020202020332,0.9681150913238525,-0.1698620617389679
Cbv,0.060606060606060996,0.9681128263473511,-0.1698528379201889
Cbv,0.10101010101010122,0.9681115746498108,-0.16984450817108154
Cbv,0.14141414141414144,0.9681113362312317,-0.1698373258113861
Cbv,0.1818181818181821,0.9681121706962585,-0.1698315292596817
Cbv,0.22222222222222232,0.9681142568588257,-0.1698274165391922
Cbv,0.262626262626263,0.9681176543235779,-0.1698252409696579
Cbv,0.3030303030303032,0.9681224226951599,-0.16982528567314148
Cbv,0.3434343434343434,0.9681288003921509,-0.16982777416706085
Cbv,0.3838383838383841,0.9681368470191956,-0.16983291506767273
Cbv,0.4242424242424243,0.9681467413902283,-0.16984085738658905
Cbv,0.464646464646465,0.9681586623191833,-0.16985169053077698
Cbv,0.5050505050505052,0.9681726098060608,-0.1698654443025589
Cbv,0.5454545454545459,0.9681888222694397,-0.16988207399845123
Cbv,0.5858585858585861,0.9682071208953857,-0.16990141570568085
Cbv,0.6262626262626263,0.9682276248931885,-0.16992323100566864
Cbv,0.666666666666667,0.968250036239624,-0.16994719207286835
Cbv,0.7070707070707072,0.9682741165161133,-0.16997289657592773
Cbv,0.7474747474747478,0.9682995676994324,-0.1699998676776886
Cbv,0.7878787878787881,0.9683257341384888,-0.17002758383750916
Cbv,0.8282828282828287,0.9683521389961243,-0.17005546391010284
Cbv,0.868686868686869,0.968377947807312,-0.1700829565525055
Cbv,0.9090909090909092,0.9684023857116699,-0.17010949552059174
Cbv,0.9494949494949498,0.9684245586395264,-0.1701345443725586
Cbv,0.9898989898989901,0.9684435725212097,-0.17015765607357025
Cbv,1.0303030303030307,0.9684585332870483,-0.1701783835887909
Cbv,1.070707070707071,0.9684686064720154,-0.17019638419151306
Cbv,1.1111111111111112,0.968472957611084,-0.17021140456199646
Cbv,1.1515151515151518,0.9684709906578064,-0.17022322118282318
Cbv,1.191919191919192,0.9684621691703796,-0.17023172974586487
Cbv,1.2323232323232327,0.9684459567070007,-0.17023687064647675
Cbv,1.272727272727273,0.9684221148490906,-0.17023861408233643
Cbv,1.3131313131313136,0.9683905243873596,-0.17023704946041107
Cbv,1.3535353535353538,0.9683511853218079,-0.17023223638534546
Cbv,1.393939393939394,0.9683041572570801,-0.17022430896759033
Cbv,1.4343434343434347,0.9682497382164001,-0.17021344602108002
Cbv,1.474747474747475,0.9681881666183472,-0.17019981145858765
Cbv,1.5151515151515156,0.9681198000907898,-0.17018362879753113
Cbv,1.5555555555555558,0.9680451154708862,-0.17016510665416718
Cbv,1.5959595959595965,0.9679645299911499,-0.1701444834470749
Cbv,1.6363636363636367,0.9678784608840942,-0.17012198269367218
Cbv,1.676767676767677,0.9677873849868774,-0.17009788751602173
Cbv,1.7171717171717176,0.9676917791366577,-0.17007240653038025
Cbv,1.7575757575757578,0.9675920605659485,-0.17004583775997162
Cbv,1.7979797979797985,0.9674885869026184,-0.17001836001873016
Cbv,1.8383838383838387,0.9673817157745361,-0.16999027132987976
Cbv,1.878787878787879,0.9672718644142151,-0.16996176540851593
Cbv,1.9191919191919196,0.9671592712402344,-0.16993309557437897
Cbv,1.9595959595959598,0.9670441746711731,-0.1699044555425644
Cbv,2.0,0.9669268131256104,-0.16987603902816772
Rdv,-2.0,0.9485470056533813,-0.1605970859527588
Rdv,-1.9595959595959596,0.9491885304450989,-0.16103769838809967
Rdv,-1.9191919191919191,0.9498316645622253,-0.16146129369735718
Rdv,-1.878787878787879,0.9504720568656921,-0.16186706721782684
Rdv,-1.8383838383838385,0.9511061906814575,-0.16225479543209076
Rdv,-1.797979797979798,0.9517316222190857,-0.16262468695640564
Rdv,-1.7575757575757576,0.9523467421531677,-0.16297724843025208
Rdv,-1.7171717171717171,0.9529502391815186,-0.16331323981285095
Rdv,-1.6767676767676767,0.9535412788391113,-0.16363343596458435
Rdv,-1.6363636363636362,0.9541193842887878,-0.1639387458562851
Rdv,-1.595959595959596,0.9546841382980347,-0.16422998905181885
Rdv,-1.5555555555555556,0.9552353024482727,-0.16450804471969604
Rdv,-1.5151515151515151,0.9557727575302124,-0.16477365791797638
Rdv,-1.4747474747474747,0.9562965035438538,-0.16502757370471954
Rdv,-1.4343434343434343,0.9568064212799072,-0.16527044773101807
Rdv,-1.393939393939394,0.9573026299476624,-0.1655028909444809
Rdv,-1.3535353535353534,0.9577850699424744,-0.1657254844903946
Rdv,-1.3131313131313131,0.9582539796829224,-0.16593869030475616
Rdv,-1.2727272727272727,0.9587092995643616,-0.16614298522472382
Rdv,-1.2323232323232323,0.9591512680053711,-0.16633878648281097
Rdv,-1.1919191919191918,0.9595800042152405,-0.16652648150920868
Rdv,-1.1515151515151514,0.959995687007904,-0.1667063981294632
Rdv,-1.1111111111111112,0.9603984355926514,-0.16687889397144318
Rdv,-1.0707070707070705,0.9607885479927063,-0.1670442372560501
Rdv,-1.0303030303030303,0.9611662030220032,-0.16720274090766907
Rdv,-0.9898989898989898,0.9615315794944763,-0.16735464334487915
Rdv,-0.9494949494949494,0.9618849754333496,-0.16750021278858185
Rdv,-0.909090909090909,0.9622265696525574,-0.16763968765735626
Rdv,-0.8686868686868685,0.9625566601753235,-0.1677732914686203
Rdv,-0.8282828282828283,0.962875485420227,-0.16790124773979187
Rdv,-0.7878787878787878,0.9631832838058472,-0.16802376508712769
Rdv,-0.7474747474747474,0.9634804129600525,-0.16814103722572327
Rdv,-0.707070707070707,0.9637670516967773,-0.16825327277183533
Rdv,-0.6666666666666665,0.9640435576438904,-0.1683606654405594
Rdv,-0.6262626262626261,0.9643101096153259,-0.16846337914466858
Rdv,-0.5858585858585856,0.9645670652389526,-0.16856162250041962
Rdv,-0.5454545454545454,0.9648146629333496,-0.16865554451942444
Rdv,-0.505050505050505,0.9650532007217407,-0.16874532401561737
Rdv,-0.46464646464646453,0.9652829766273499,-0.16883113980293274
Rdv,-0.4242424242424241,0.9655041694641113,-0.16891314089298248
Rdv,-0.38383838383838365,0.9657171964645386,-0.16899147629737854
Rdv,-0.3434343434343432,0.9659221768379211,-0.16906628012657166
Rdv,-0.303030303030303,0.9661194086074829,-0.16913774609565735
Rdv,-0.26262626262626254,0.9663091897964478,-0.16920597851276398
Rdv,-0.2222222222222221,0.9664918184280396,-0.16927111148834229
Rdv,-0.18181818181818166,0.9666674137115479,-0.1693332940340042
Rdv,-0.14141414141414121,0.9668363332748413,-0.1693926453590393
Rdv,-0.10101010101010077,0.9669987559318542,-0.16944929957389832
Rdv,-0.06060606060606055,0.9671549201011658,-0.1695033609867096
Rdv,-0.02020202020202011,0.967305064201355,-0.1695549488067627
Rdv,0.020202020202020332,0.9674493670463562,-0.16960415244102478
Rdv,0.060606060606060996,0.9675881266593933,-0.1696511209011078
Rdv,0.10101010101010122,0.9677214622497559,-0.1696958988904953
Rdv,0.14141414141414144,0.967849612236023,-0.16973863542079926
Rdv,0.1818181818181821,0.9679728150367737,-0.16977940499782562
Rdv,0.22222222222222232,0.9680911898612976,-0.16981828212738037
Rdv,0.262626262626263,0.968204915523529,-0.16985535621643066
Rdv,0.3030303030303032,0.9683141708374023,-0.16989073157310486
Rdv,0.3434343434343434,0.9684191942214966,-0.16992445290088654
Rdv,0.3838383838383841,0.9685201048851013,-0.16995660960674286
Rdv,0.4242424242424243,0.9686170220375061,-0.1699872761964798
Rdv,0.464646464646465,0.9687101244926453,-0.17001652717590332
Rdv,0.5050505050505052,0.9687995910644531,-0.170044407248497
Rdv,0.5454545454545459,0.9688854813575745,-0.17007097601890564
Rdv,0.5858585858585861,0.9689680337905884,-0.17009630799293518
Rdv,0.6262626262626263,0.9690472483634949,-0.1701204627752304
Rdv,0.666666666666667,0.969123363494873,-0.1701434850692749
Rdv,0.7070707070707072,0.9691964983940125,-0.17016540467739105
Rdv,0.7474747474747478,0.9692666530609131,-0.17018629610538483
Rdv,0.7878787878787881,0.9693340063095093,-0.1702061891555786
Rdv,0.8282828282828287,0.9693986773490906,-0.17022515833377838
Rdv,0.868686868686869,0.9694607853889465,-0.17024318873882294
Rdv,0.9090909090909092,0.9695203304290771,-0.17026036977767944
Rdv,0.9494949494949498,0.9695774912834167,-0.1702767163515091
Rdv,0.9898989898989901,0.9696323275566101,-0.17029227316379547
Rdv,1.0303030303030307,0.969684898853302,-0.17030708491802216
Rdv,1.070707070707071,0.9697352647781372,-0.17032113671302795
Rdv,1.1111111111111112,0.96978360414505,-0.17033450305461884
Rdv,1.1515151515151518,0.9698298573493958,-0.170347198843956
Rdv,1.191919191919192,0.9698742032051086,-0.17035925388336182
Rdv,1.2323232323232327,0.9699166417121887,-0.1703706979751587
Rdv,1.272727272727273,0.9699572920799255,-0.1703815460205078
Rdv,1.3131313131313136,0.9699961543083191,-0.17039182782173157
Rdv,1.3535353535353538,0.9700332880020142,-0.17040155827999115
Rdv,1.393939393939394,0.9700687527656555,-0.17041076719760895
Rdv,1.4343434343434347,0.9701026678085327,-0.17041946947574615
Rdv,1.474747474747475,0.9701350331306458,-0.17042769491672516
Rdv,1.5151515151515156,0.9701658487319946,-0.17043545842170715
Rdv,1.5555555555555558,0.9701952338218689,-0.17044275999069214
Rdv,1.5959595959595965,0.9702231884002686,-0.1704496443271637
Rdv,1.6363636363636367,0.9702497720718384,-0.17045609652996063
Rdv,1.676767676767677,0.9702750444412231,-0.17046217620372772
Rdv,1.7171717171717176,0.9702990055084229,-0.17046783864498138
Rdv,1.7575757575757578,0.9703217148780823,-0.1704731434583664
Rdv,1.7979797979797985,0.9703431725502014,-0.17047809064388275
Rdv,1.8383838383838387,0.970363438129425,-0.17048269510269165
Rdv,1.878787878787879,0.9703825116157532,-0.1704869419336319
Rdv,1.9191919191919196,0.9704005122184753,-0.17049089074134827
Rdv,1.9595959595959598,0.970417320728302,-0.17049451172351837
Rdv,2.0,0.9704331159591675,-0.1704978346824646
Ldv,-2.0,0.9679437279701233,-0.17011292278766632
Ldv,-1.9595959595959596,0.9679524898529053,-0.17010720074176788
Ldv,-1.9191919191919191,0.9679608941078186,-0.17010146379470825
Ldv,-1.878787878787879,0.9679690003395081,-0.17009572684764862
Ldv,-1.8383838383838385,0.9679766893386841,-0.1700899749994278
Ldv,-1.797979797979798,0.967984139919281,-0.17008422315120697
Ldv,-1.7575757575757576,0.9679912328720093,-0.17007847130298615
Ldv,-1.7171717171717171,0.9679980278015137,-0.17007271945476532
Ldv,-1.6767676767676767,0.9680045247077942,-0.1700669527053833
Ldv,-1.6363636363636362,0.9680107235908508,-0.17006118595600128
Ldv,-1.595959595959596,0.9680166840553284,-0.17005541920661926
Ldv,-1.5555555555555556,0.9680222868919373,-0.17004965245723724
Ldv,-1.5151515151515151,0.968027651309967,-0.17004390060901642
Ldv,-1.4747474747474747,0.968032717704773,-0.1700381338596344
Ldv,-1.4343434343434343,0.9680375456809998,-0.17003238201141357
Ldv,-1.393939393939394,0.9680421352386475,-0.17002663016319275
Ldv,-1.3535353535353534,0.9680464863777161,-0.17002087831497192
Ldv,-1.3131313131313131,0.9680505990982056,-0.1700151264667511
Ldv,-1.2727272727272727,0.968054473400116,-0.17000938951969147
Ldv,-1.2323232323232323,0.9680581092834473,-0.17000365257263184
Ldv,-1.1919191919191918,0.9680615663528442,-0.1699979156255722
Ldv,-1.1515151515151514,0.9680648446083069,-0.16999219357967377
Ldv,-1.1111111111111112,0.9680679440498352,-0.16998647153377533
Ldv,-1.0707070707070705,0.9680708050727844,-0.16998076438903809
Ldv,-1.0303030303030303,0.9680735468864441,-0.16997505724430084
Ldv,-0.9898989898989898,0.9680760502815247,-0.1699693500995636
Ldv,-0.9494949494949494,0.9680784940719604,-0.16996365785598755
Ldv,-0.909090909090909,0.9680807590484619,-0.1699579656124115
Ldv,-0.8686868686868685,0.968082845211029,-0.16995227336883545
Ldv,-0.8282828282828283,0.9680848717689514,-0.1699466109275818
Ldv,-0.7878787878787878,0.9680867195129395,-0.16994093358516693
Ldv,-0.7474747474747474,0.9680885076522827,-0.16993527114391327
Ldv,-0.707070707070707,0.9680901765823364,-0.1699296087026596
Ldv,-0.6666666666666665,0.9680917859077454,-0.16992396116256714
Ldv,-0.6262626262626261,0.9680933356285095,-0.16991831362247467
Ldv,-0.5858585858585856,0.9680947661399841,-0.1699126660823822
Ldv,-0.5454545454545454,0.9680961966514587,-0.16990701854228973
Ldv,-0.505050505050505,0.9680975079536438,-0.16990138590335846
Ldv,-0.46464646464646453,0.9680988192558289,-0.16989575326442719
Ldv,-0.4242424242424241,0.9681001305580139,-0.1698901355266571
Ldv,-0.38383838383838365,0.9681013822555542,-0.16988450288772583
Ldv,-0.3434343434343432,0.9681026339530945,-0.16987888514995575
Ldv,-0.303030303030303,0.9681038856506348,-0.16987325251102448
Ldv,-0.26262626262626254,0.9681051969528198,-0.1698676347732544
Ldv,-0.2222222222222221,0.9681064486503601,-0.16986201703548431
Ldv,-0.18181818181818166,0.9681077599525452,-0.16985639929771423
Ldv,-0.14141414141414121,0.9681090712547302,-0.16985078155994415
Ldv,-0.10101010101010077,0.9681105017662048,-0.16984516382217407
Ldv,-0.06060606060606055,0.9681119322776794,-0.169839546084404
Ldv,-0.02020202020202011,0.968113362789154,-0.1698339283466339
Ldv,0.020202020202020332,0.9681149125099182,-0.16982829570770264
Ldv,0.060606060606060996,0.9681165814399719,-0.16982267796993256
Ldv,0.10101010101010122,0.9681182503700256,-0.16981706023216248
Ldv,0.14141414141414144,0.9681200385093689,-0.1698114275932312
Ldv,0.1818181818181821,0.9681218862533569,-0.16980579495429993
Ldv,0.22222222222222232,0.9681238532066345,-0.16980016231536865
Ldv,0.262626262626263,0.9681259393692017,-0.16979452967643738
Ldv,0.3030303030303032,0.9681281447410583,-0.1697888970375061
Ldv,0.3434343434343434,0.9681304097175598,-0.16978326439857483
Ldv,0.3838383838383841,0.9681328535079956,-0.16977761685848236
Ldv,0.4242424242424243,0.968135416507721,-0.1697719693183899
Ldv,0.464646464646465,0.9681380391120911,-0.16976632177829742
Ldv,0.5050505050505052,0.9681408405303955,-0.16976067423820496
Ldv,0.5454545454545459,0.9681438207626343,-0.1697550266981125
Ldv,0.5858585858585861,0.9681468605995178,-0.16974937915802002
Ldv,0.6262626262626263,0.9681500792503357,-0.16974371671676636
Ldv,0.666666666666667,0.9681534767150879,-0.1697380691766739
Ldv,0.7070707070707072,0.9681569337844849,-0.16973240673542023
Ldv,0.7474747474747478,0.9681606292724609,-0.16972675919532776
Ldv,0.7878787878787881,0.9681644439697266,-0.1697211116552353
Ldv,0.8282828282828287,0.9681683778762817,-0.16971546411514282
Ldv,0.868686868686869,0.9681724905967712,-0.16970981657505035
Ldv,0.9090909090909092,0.9681767821311951,-0.16970418393611908
Ldv,0.9494949494949498,0.9681811928749084,-0.1696985512971878
Ldv,0.9898989898989901,0.9681857824325562,-0.16969293355941772
Ldv,1.0303030303030307,0.9681904911994934,-0.16968731582164764
Ldv,1.070707070707071,0.968195378780365,-0.16968171298503876
Ldv,1.1111111111111112,0.9682004451751709,-0.16967612504959106
Ldv,1.1515151515151518,0.9682056307792664,-0.16967053711414337
Ldv,1.191919191919192,0.9682109951972961,-0.16966497898101807
Ldv,1.2323232323232327,0.9682164788246155,-0.16965943574905396
Ldv,1.272727272727273,0.9682221412658691,-0.16965390741825104
Ldv,1.3131313131313136,0.9682279229164124,-0.16964839398860931
Ldv,1.3535353535353538,0.9682338833808899,-0.16964291036128998
Ldv,1.393939393939394,0.9682399034500122,-0.16963745653629303
Ldv,1.4343434343434347,0.9682461619377136,-0.16963203251361847
Ldv,1.474747474747475,0.9682524800300598,-0.1696266233921051
Ldv,1.5151515151515156,0.9682589769363403,-0.16962125897407532
Ldv,1.5555555555555558,0.9682655930519104,-0.16961592435836792
Ldv,1.5959595959595965,0.96827232837677,-0.1696106344461441
Ldv,1.6363636363636367,0.9682791829109192,-0.16960537433624268
Ldv,1.676767676767677,0.9682860970497131,-0.16960015892982483
Ldv,1.7171717171717176,0.9682931900024414,-0.16959500312805176
Ldv,1.7575757575757578,0.9683004021644592,-0.16958987712860107
Ldv,1.7979797979797985,0.9683076739311218,-0.16958481073379517
Ldv,1.8383838383838387,0.968315064907074,-0.16957978904247284
Ldv,1.878787878787879,0.9683225750923157,-0.1695748269557953
Ldv,1.9191919191919196,0.9683301448822021,-0.1695699244737625
Ldv,1.9595959595959598,0.9683377742767334,-0.1695650964975357
Ldv,2.0,0.9683455228805542,-0.16956031322479248
Cdv,-2.0,0.9729709029197693,-0.144160658121109
Cdv,-1.9595959595959596,0.9729329943656921,-0.14443829655647278
Cdv,-1.9191919191919191,0.9728943705558777,-0.14472171664237976
Cdv,-1.878787878787879,0.9728549122810364,-0.1450112760066986
Cdv,-1.8383838383838385,0.9728144407272339,-0.14530731737613678
Cdv,-1.797979797979798,0.9727728366851807,-0.14561018347740173
Cdv,-1.7575757575757576,0.9727300405502319,-0.14592024683952332
Cdv,-1.7171717171717171,0.9726858735084534,-0.14623786509037018
Cdv,-1.6767676767676767,0.9726402163505554,-0.14656341075897217
Cdv,-1.6363636363636362,0.9725928902626038,-0.14689727127552032
Cdv,-1.595959595959596,0.9725438356399536,-0.1472398042678833
Cdv,-1.5555555555555556,0.9724928140640259,-0.14759138226509094
Cdv,-1.5151515151515151,0.9724397659301758,-0.1479523926973343
Cdv,-1.4747474747474747,0.9723844528198242,-0.148323193192482
Cdv,-1.4343434343434343,0.9723268151283264,-0.14870412647724152
Cdv,-1.393939393939394,0.972266674041748,-0.1490955799818039
Cdv,-1.3535353535353534,0.9722038507461548,-0.1494978368282318
Cdv,-1.3131313131313131,0.9721382856369019,-0.14991126954555511
Cdv,-1.2727272727272727,0.9720697999000549,-0.1503361612558365
Cdv,-1.2323232323232323,0.9719982147216797,-0.1507727950811386
Cdv,-1.1919191919191918,0.9719234704971313,-0.15122145414352417
Cdv,-1.1515151515151514,0.9718454480171204,-0.15168236196041107
Cdv,-1.1111111111111112,0.9717640280723572,-0.15215574204921722
Cdv,-1.0707070707070705,0.9716790914535522,-0.15264177322387695
Cdv,-1.0303030303030303,0.971590518951416,-0.15314063429832458
Cdv,-0.9898989898989898,0.9714983105659485,-0.15365241467952728
Cdv,-0.9494949494949494,0.9714022874832153,-0.1541772335767746
Cdv,-0.909090909090909,0.9713025093078613,-0.15471512079238892
Cdv,-0.8686868686868685,0.9711987972259521,-0.15526607632637024
Cdv,-0.8282828282828283,0.9710912704467773,-0.15583008527755737
Cdv,-0.7878787878787878,0.9709798097610474,-0.15640705823898315
Cdv,-0.7474747474747474,0.9708644151687622,-0.15699687600135803
Cdv,-0.707070707070707,0.9707451462745667,-0.15759935975074768
Cdv,-0.6666666666666665,0.9706220626831055,-0.1582142859697342
Cdv,-0.6262626262626261,0.9704951047897339,-0.15884137153625488
Cdv,-0.5858585858585856,0.9703644514083862,-0.15948030352592468
Cdv,-0.5454545454545454,0.9702301025390625,-0.16013069450855255
Cdv,-0.505050505050505,0.970092236995697,-0.16079209744930267
Cdv,-0.46464646464646453,0.9699509739875793,-0.16146403551101685
Cdv,-0.4242424242424241,0.9698063731193542,-0.1621459424495697
Cdv,-0.38383838383838365,0.9696586728096008,-0.1628372073173523
Cdv,-0.3434343434343432,0.9695080518722534,-0.1635371893644333
Cdv,-0.303030303030303,0.9693545699119568,-0.16424515843391418
Cdv,-0.26262626262626254,0.9691985845565796,-0.1649603545665741
Cdv,-0.2222222222222221,0.9690402746200562,-0.16568195819854736
Cdv,-0.18181818181818166,0.9688798189163208,-0.16640911996364594
Cdv,-0.14141414141414121,0.9687175154685974,-0.16714094579219818
Cdv,-0.10101010101010077,0.9685536026954651,-0.1678764671087265
Cdv,-0.06060606060606055,0.9683882594108582,-0.16861474514007568
Cdv,-0.02020202020202011,0.96822190284729,-0.16935476660728455
Cdv,0.020202020202020332,0.9680546522140503,-0.1700955629348755
Cdv,0.060606060606060996,0.9678868651390076,-0.17083607614040375
Cdv,0.10101010101010122,0.967718780040741,-0.17157530784606934
Cdv,0.14141414141414144,0.9675506353378296,-0.17231222987174988
Cdv,0.1818181818181821,0.9673827886581421,-0.17304585874080658
Cdv,0.22222222222222232,0.967215359210968,-0.17377519607543945
Cdv,0.262626262626263,0.967048704624176,-0.17449931800365448
Cdv,0.3030303030303032,0.9668830037117004,-0.17521727085113525
Cdv,0.3434343434343434,0.9667184352874756,-0.17592822015285492
Cdv,0.3838383838383841,0.9665553569793701,-0.17663130164146423
Cdv,0.4242424242424243,0.966393768787384,-0.1773257702589035
Cdv,0.464646464646465,0.966234028339386,-0.17801091074943542
Cdv,0.5050505050505052,0.9660761952400208,-0.17868606746196747
Cdv,0.5454545454545459,0.9659204483032227,-0.17935062944889069
Cdv,0.5858585858585861,0.9657669067382812,-0.1800040900707245
Cdv,0.6262626262626263,0.9656157493591309,-0.18064597249031067
Cdv,0.666666666666667,0.9654669761657715,-0.18127590417861938
Cdv,0.7070707070707072,0.9653207659721375,-0.18189355731010437
Cdv,0.7474747474747478,0.9651771187782288,-0.18249864876270294
Cdv,0.7878787878787881,0.9650360941886902,-0.1830909550189972
Cdv,0.8282828282828287,0.9648977518081665,-0.18367037177085876
Cdv,0.868686868686869,0.9647621512413025,-0.1842367947101593
Cdv,0.9090909090909092,0.9646292328834534,-0.18479017913341522
Cdv,0.9494949494949498,0.9644991159439087,-0.18533052504062653
Cdv,0.9898989898989901,0.9643716812133789,-0.18585792183876038
Cdv,1.0303030303030307,0.964246928691864,-0.18637242913246155
Cdv,1.070707070707071,0.964124858379364,-0.18687421083450317
Cdv,1.1111111111111112,0.9640054702758789,-0.1873634159564972
Cdv,1.1515151515151518,0.9638886451721191,-0.18784025311470032
Cdv,1.191919191919192,0.9637743830680847,-0.18830494582653046
Cdv,1.2323232323232327,0.9636626243591309,-0.18875771760940552
Cdv,1.272727272727273,0.9635533690452576,-0.18919886648654938
Cdv,1.3131313131313136,0.9634464383125305,-0.18962866067886353
Cdv,1.3535353535353538,0.9633418917655945,-0.19004741311073303
Cdv,1.393939393939394,0.9632395505905151,-0.1904553920030594
Cdv,1.4343434343434347,0.9631394743919373,-0.19085294008255005
Cdv,1.474747474747475,0.9630414843559265,-0.1912403702735901
Cdv,1.5151515151515156,0.9629455804824829,-0.19161801040172577
Cdv,1.5555555555555558,0.9628516435623169,-0.19198617339134216
Cdv,1.5959595959595965,0.9627596735954285,-0.19234520196914673
Cdv,1.6363636363636367,0.9626695513725281,-0.19269542396068573
Cdv,1.676767676767677,0.962581217288971,-0.19303716719150543
Cdv,1.7171717171717176,0.9624946117401123,-0.1933707296848297
Cdv,1.7575757575757578,0.9624096155166626,-0.19369643926620483
Cdv,1.7979797979797985,0.9623262286186218,-0.19401462376117706
Cdv,1.8383838383838387,0.9622443914413452,-0.19432559609413147
Cdv,1.878787878787879,0.9621639847755432,-0.19462962448596954
Cdv,1.9191919191919196,0.9620850086212158,-0.19492702186107635
Cdv,1.9595959595959598,0.9620073437690735,-0.19521810114383698
Cdv,2.0,0.9619309902191162,-0.1955031007528305
Rav,-2.0,0.9682505130767822,-0.17160816490650177
Rav,-1.9595959595959596,0.9682538509368896,-0.17158563435077667
Rav,-1.9191919191919191,0.9682571291923523,-0.17156201601028442
Rav,-1.878787878787879,0.9682604074478149,-0.17153728008270264
Rav,-1.8383838383838385,0.9682636260986328,-0.1715114563703537
Rav,-1.797979797979798,0.9682667851448059,-0.17148452997207642
Rav,-1.7575757575757576,0.9682698249816895,-0.17145653069019318
Rav,-1.7171717171717171,0.9682728052139282,-0.17142745852470398
Rav,-1.6767676767676767,0.9682756662368774,-0.17139732837677002
Rav,-1.6363636363636362,0.9682784080505371,-0.17136617004871368
Rav,-1.595959595959596,0.9682810306549072,-0.17133399844169617
Rav,-1.5555555555555556,0.968283474445343,-0.17130084335803986
Rav,-1.5151515151515151,0.9682857990264893,-0.17126673460006714
Rav,-1.4747474747474747,0.9682878851890564,-0.1712317019701004
Rav,-1.4343434343434343,0.9682897925376892,-0.17119576036930084
Rav,-1.393939393939394,0.9682914614677429,-0.17115896940231323
Rav,-1.3535353535353534,0.9682929515838623,-0.17112138867378235
Rav,-1.3131313131313131,0.9682941436767578,-0.1710830181837082
Rav,-1.2727272727272727,0.9682950973510742,-0.17104393243789673
Rav,-1.2323232323232323,0.9682957530021667,-0.17100419104099274
Rav,-1.1919191919191918,0.9682961106300354,-0.1709638237953186
Rav,-1.1515151515151514,0.9682961702346802,-0.1709229201078415
Rav,-1.1111111111111112,0.9682958722114563,-0.17088152468204498
Rav,-1.0707070707070705,0.9682952165603638,-0.17083971202373505
Rav,-1.0303030303030303,0.9682942628860474,-0.17079754173755646
Rav,-0.9898989898989898,0.9682928919792175,-0.17075508832931519
Rav,-0.9494949494949494,0.9682911038398743,-0.1707124263048172
Rav,-0.909090909090909,0.9682889580726624,-0.17066963016986847
Rav,-0.8686868686868685,0.968286395072937,-0.17062678933143616
Rav,-0.8282828282828283,0.9682834148406982,-0.17058396339416504
Rav,-0.7878787878787878,0.9682799577713013,-0.17054127156734467
Rav,-0.7474747474747474,0.9682761430740356,-0.17049874365329742
Rav,-0.707070707070707,0.968271791934967,-0.17045651376247406
Rav,-0.6666666666666665,0.9682670831680298,-0.17041464149951935
Rav,-0.6262626262626261,0.9682618379592896,-0.17037323117256165
Rav,-0.5858585858585856,0.9682561755180359,-0.17033232748508453
Rav,-0.5454545454545454,0.968250036239624,-0.17029204964637756
Rav,-0.505050505050505,0.968243420124054,-0.1702524721622467
Rav,-0.46464646464646453,0.9682363867759705,-0.17021366953849792
Rav,-0.4242424242424241,0.9682288765907288,-0.1701757311820984
Rav,-0.38383838383838365,0.9682208895683289,-0.17013870179653168
Rav,-0.3434343434343432,0.9682125449180603,-0.17010268568992615
Rav,-0.303030303030303,0.9682037234306335,-0.17006772756576538
Rav,-0.26262626262626254,0.9681944847106934,-0.17003391683101654
Rav,-0.2222222222222221,0.9681848287582397,-0.17000128328800201
Rav,-0.18181818181818166,0.9681747555732727,-0.16996991634368896
Rav,-0.14141414141414121,0.968164324760437,-0.16993984580039978
Rav,-0.10101010101010077,0.9681535363197327,-0.16991111636161804
Rav,-0.06060606060606055,0.9681423902511597,-0.16988375782966614
Rav,-0.02020202020202011,0.968130886554718,-0.16985782980918884
Rav,0.020202020202020332,0.9681191444396973,-0.16983333230018616
Rav,0.060606060606060996,0.9681070446968079,-0.16981031000614166
Rav,0.10101010101010122,0.9680947065353394,-0.16978877782821655
Rav,0.14141414141414144,0.968082070350647,-0.16976873576641083
Rav,0.1818181818181821,0.9680692553520203,-0.1697501838207245
Rav,0.22222222222222232,0.9680562019348145,-0.16973313689231873
Rav,0.262626262626263,0.9680429697036743,-0.16971758008003235
Rav,0.3030303030303032,0.9680296182632446,-0.16970348358154297
Rav,0.3434343434343434,0.9680160880088806,-0.16969086229801178
Rav,0.3838383838383841,0.968002438545227,-0.1696796715259552
Rav,0.4242424242424243,0.9679886698722839,-0.16966988146305084
Rav,0.464646464646465,0.9679747819900513,-0.1696614921092987
Rav,0.5050505050505052,0.9679608941078186,-0.16965442895889282
Rav,0.5454545454545459,0.9679469466209412,-0.169648677110672
Rav,0.5858585858585861,0.9679329991340637,-0.16964416205883026
Rav,0.6262626262626263,0.9679190516471863,-0.16964088380336761
Rav,0.666666666666667,0.9679050445556641,-0.1696387678384781
Rav,0.7070707070707072,0.9678911566734314,-0.1696377694606781
Rav,0.7474747474747478,0.9678772687911987,-0.16963782906532288
Rav,0.7878787878787881,0.9678634405136108,-0.16963890194892883
Rav,0.8282828282828287,0.9678496718406677,-0.16964091360569
Rav,0.868686868686869,0.9678360223770142,-0.169643834233284
Rav,0.9090909090909092,0.9678224325180054,-0.16964758932590485
Rav,0.9494949494949498,0.9678089618682861,-0.16965213418006897
Rav,0.9898989898989901,0.9677955508232117,-0.1696573942899704
Rav,1.0303030303030307,0.9677823185920715,-0.16966332495212555
Rav,1.070707070707071,0.967769205570221,-0.16966986656188965
Rav,1.1111111111111112,0.9677562117576599,-0.16967695951461792
Rav,1.1515151515151518,0.9677433371543884,-0.1696845442056656
Rav,1.191919191919192,0.9677306413650513,-0.16969257593154907
Rav,1.2323232323232327,0.9677180647850037,-0.1697009950876236
Rav,1.272727272727273,0.9677056670188904,-0.16970975697040558
Rav,1.3131313131313136,0.9676933884620667,-0.16971878707408905
Rav,1.3535353535353538,0.9676812291145325,-0.16972805559635162
Rav,1.393939393939394,0.9676692485809326,-0.16973751783370972
Rav,1.4343434343434347,0.9676573872566223,-0.16974712908267975
Rav,1.474747474747475,0.9676457047462463,-0.16975681483745575
Rav,1.5151515151515156,0.9676341414451599,-0.16976657509803772
Rav,1.5555555555555558,0.967622697353363,-0.1697763353586197
Rav,1.5959595959595965,0.9676113724708557,-0.16978606581687927
Rav,1.6363636363636367,0.9676002264022827,-0.16979573667049408
Rav,1.676767676767677,0.9675891995429993,-0.16980528831481934
Rav,1.7171717171717176,0.9675782918930054,-0.16981472074985504
Rav,1.7575757575757578,0.9675674438476562,-0.16982398927211761
Rav,1.7979797979797985,0.9675567746162415,-0.16983306407928467
Rav,1.8383838383838387,0.9675462245941162,-0.16984190046787262
Rav,1.878787878787879,0.9675357341766357,-0.16985049843788147
Rav,1.9191919191919196,0.9675253033638,-0.16985882818698883
Rav,1.9595959595959598,0.9675150513648987,-0.16986684501171112
Rav,2.0,0.9675048589706421,-0.16987456381320953
