freq_GHz,ReS11_mean,ReS11_std,ImS11_mean,ImS11_std,ReS21_mean,ReS21_std,ImS21_mean,ImS21_std,ReS22_mean,ReS22_std,ImS22_mean,ImS22_std
0.04,0.00023356125,0.0039212415,-9.408102e-08,1.1131986e-05,-0.00019996619,0.0032368905,4.043251e-07,6.0358416e-06,0.00020130684,0.0032538618,-7.8492874e-08,0.00018770593
0.14013824884792628,0.00023355965,0.0039212396,-3.292823e-07,3.896193e-05,-0.00019995813,0.0032367837,1.4150907e-06,2.1124504e-05,0.0002012222,0.0032537496,-2.7318578e-07,0.0006569019
0.24027649769585255,0.00023355799,0.003921233,-5.6446845e-07,6.679177e-05,-0.00019994064,0.0032365534,2.4256797e-06,3.621004e-05,0.00020104545,0.003253572,-4.6278907e-07,0.0011258696
0.3404147465437788,0.00023355329,0.0039212294,-7.996417e-07,9.462143e-05,-0.00019991388,0.0032362053,3.4359734e-06,5.1290222e-05,0.00020077541,0.0032534436,-6.4360506e-07,0.0015944459
0.44055299539170506,0.00023354802,0.0039212243,-1.0347918e-06,0.00012245085,-0.0001998781,0.0032357343,4.4458616e-06,6.636292e-05,0.00020041034,0.003253547,-8.120841e-07,0.0020624674
0.5406912442396314,0.00023353987,0.0039212117,-1.2699087e-06,0.00015027999,-0.0001998331,0.0032351427,5.4551847e-06,8.1425846e-05,0.0001999553,0.003254125,-9.645162e-07,0.0025297713
0.6408294930875577,0.00023353039,0.0039211996,-1.5049873e-06,0.00017810865,-0.00019977891,0.0032344316,6.463883e-06,9.647679e-05,0.00019940815,0.0032554783,-1.0974146e-06,0.0029961965
0.7409677419354839,0.00023352126,0.003921188,-1.7400306e-06,0.00020593696,-0.00019971565,0.0032336023,7.471763e-06,0.00011151355,0.00019877005,0.0032579757,-1.2070735e-06,0.0034615824
0.8411059907834102,0.00023350956,0.0039211684,-1.9750225e-06,0.00023376464,-0.00019964357,0.003232649,8.478752e-06,0.00012653391,0.0001980427,0.003262029,-1.2901214e-06,0.0039257705
0.9412442396313365,0.0002334961,0.0039211554,-2.2099387e-06,0.00026159172,-0.00019956166,0.0032315808,9.484738e-06,0.00014153575,0.00019722586,0.003268121,-1.3429361e-06,0.004388604
1.0413824884792628,0.00023348202,0.0039211363,-2.444798e-06,0.00028941798,-0.00019947131,0.0032303936,1.0489561e-05,0.0001565168,0.00019632079,0.0032767623,-1.3621337e-06,0.0048499154
1.141520737327189,0.00023346682,0.0039211134,-2.6795858e-06,0.00031724328,-0.00019937163,0.0032290863,1.1493105e-05,0.0001714751,0.00019532982,0.0032885324,-1.3443853e-06,0.005309555
1.2416589861751153,0.0002334484,0.0039210888,-2.9142793e-06,0.00034506834,-0.00019926294,0.0032276618,1.2495274e-05,0.00018640835,0.00019425419,0.0033040289,-1.2857889e-06,0.0057673682
1.3417972350230416,0.00023343017,0.003921067,-3.1488967e-06,0.000372892,-0.00019914522,0.0032261175,1.34959e-05,0.00020131456,0.00019309424,0.003323882,-1.1838699e-06,0.0062232018
1.4419354838709677,0.00023340851,0.003921039,-3.3833924e-06,0.00040071487,-0.00019901842,0.0032244597,1.4494908e-05,0.00021619117,0.00019185191,0.003348745,-1.0352582e-06,0.006676902
1.542073732718894,0.00023338698,0.0039210105,-3.6178662e-06,0.00042853664,-0.00019888277,0.0032226809,1.5492205e-05,0.0002310369,0.00019052952,0.003379275,-8.357639e-07,0.007128316
1.6422119815668204,0.00023336451,0.0039209817,-3.8521434e-06,0.00045635705,-0.00019873808,0.003220786,1.6487615e-05,0.00024584893,0.00018912919,0.0034161217,-5.8348974e-07,0.007577307
1.7423502304147467,0.00023333945,0.0039209505,-4.0863515e-06,0.0004841765,-0.00019858488,0.0032187807,1.748109e-05,0.00026062562,0.00018765184,0.003459916,-2.741764e-07,0.00802371
1.842488479262673,0.00023331263,0.003920912,-4.320452e-06,0.00051199464,-0.00019842232,0.00321666,1.8472425e-05,0.00027536467,0.00018609985,0.003511268,9.340296e-08,0.008467397
1.942626728110599,0.00023328542,0.0039208787,-4.5544e-06,0.0005398121,-0.00019825135,0.0032144217,1.9461562e-05,0.00029006434,0.0001844755,0.0035707173,5.23674e-07,0.008908216
2.0427649769585257,0.0002332551,0.003920845,-4.7881617e-06,0.0005676269,-0.00019807123,0.0032120727,2.0448377e-05,0.0003047223,0.0001827806,0.0036387816,1.0191625e-06,0.009346039
2.1429032258064518,0.00023322486,0.003920801,-5.0218514e-06,0.00059544056,-0.00019788259,0.003209612,2.1432745e-05,0.0003193371,0.00018101941,0.0037158804,1.582476e-06,0.009780716
2.243041474654378,0.0002331941,0.003920762,-5.2554005e-06,0.00062325323,-0.0001976854,0.0032070384,2.2414562e-05,0.00033390644,0.00017919137,0.003802388,2.2157728e-06,0.010212123
2.3431797235023044,0.00023315944,0.003920725,-5.488705e-06,0.00065106334,-0.00019747889,0.0032043539,2.3393703e-05,0.0003484283,0.00017730081,0.0038985927,2.9215937e-06,0.010640122
2.4433179723502305,0.00023312372,0.0039206813,-5.7219117e-06,0.00067887205,-0.00019726434,0.0032015594,2.43701e-05,0.00036290125,0.00017535023,0.0040047048,3.7044485e-06,0.011064586
2.5434562211981566,0.00023308839,0.0039206343,-5.9549134e-06,0.00070667913,-0.0001970411,0.0031986556,2.5343597e-05,0.00037732322,0.0001733415,0.004120867,4.5634606e-06,0.011485399
2.643594470046083,0.00023304974,0.0039205914,-6.1877518e-06,0.00073448423,-0.00019680931,0.0031956427,2.631407e-05,0.00039169192,0.000171278,0.0042471457,5.503841e-06,0.011902413
2.7437327188940093,0.00023301075,0.0039205425,-6.4203664e-06,0.0007622874,-0.00019656916,0.003192524,2.7281465e-05,0.00040600638,0.00016916213,0.0043835454,6.5254967e-06,0.012315528
2.8438709677419354,0.00023296877,0.0039204936,-6.652829e-06,0.0007900886,-0.00019632041,0.0031892974,2.8245653e-05,0.0004202643,0.0001669983,0.0045300126,7.630976e-06,0.012724614
2.944009216589862,0.0002329281,0.003920447,-6.8850227e-06,0.0008178872,-0.0001960636,0.0031859681,2.9206569e-05,0.00043446376,0.00016478698,0.0046864403,8.823961e-06,0.013129568
3.044147465437788,0.00023288371,0.003920395,-7.1170994e-06,0.00084568496,-0.00019579842,0.0031825341,3.016398e-05,0.0004486043,0.0001625331,0.0048526768,1.010444e-05,0.013530273
3.1442857142857146,0.00023283895,0.0039203423,-7.348919e-06,0.0008734787,-0.00019552505,0.0031789956,3.111786e-05,0.00046268254,0.00016023884,0.005028544,1.1474244e-05,0.013926631
3.2444239631336407,0.00023279154,0.003920289,-7.5805065e-06,0.0009012716,-0.00019524328,0.0031753564,3.206822e-05,0.00047669766,0.00015790793,0.0052138316,1.2935571e-05,0.014318522
3.344562211981567,0.00023274329,0.0039202333,-7.811845e-06,0.0009290617,-0.00019495342,0.0031716162,3.3014832e-05,0.00049064856,0.00015554263,0.0054083006,1.4489154e-05,0.014705863
3.4447004608294933,0.0002326935,0.0039201756,-8.04296e-06,0.00095684855,-0.00019465557,0.003167775,3.3957553e-05,0.0005045333,0.00015314635,0.0056117103,1.6139094e-05,0.015088534
3.5448387096774194,0.00023264192,0.0039201234,-8.27381e-06,0.0009846331,-0.00019434986,0.0031638357,3.4896355e-05,0.0005183498,0.00015072308,0.0058237934,1.7883414e-05,0.015466461
3.644976958525346,0.0002325895,0.0039200676,-8.504439e-06,0.0010124155,-0.00019403634,0.0031597994,3.5831203e-05,0.00053209707,0.00014827496,0.0060442975,1.9723704e-05,0.015839553
3.745115207373272,0.0002325348,0.0039200084,-8.73477e-06,0.0010401957,-0.00019371482,0.0031556648,3.6761874e-05,0.00054577395,0.00014580693,0.006272941,2.1663493e-05,0.016207706
3.845253456221198,0.0002324801,0.003919956,-8.964788e-06,0.001067972,-0.00019338528,0.0031514366,3.7688373e-05,0.0005593784,0.00014332116,0.006509452,2.3699975e-05,0.016570851
3.9453917050691247,0.00023242303,0.003919892,-9.194593e-06,0.0010957458,-0.00019304844,0.0031471166,3.861058e-05,0.00057290983,0.00014082059,0.0067535685,2.583834e-05,0.016928883
4.045529953917051,0.00023236382,0.0039198343,-9.4241295e-06,0.0011235172,-0.0001927039,0.0031427022,3.9528397e-05,0.00058636605,0.000138309,0.0070050275,2.8075487e-05,0.01728177
4.145668202764977,0.00023230416,0.0039197765,-9.653336e-06,0.0011512848,-0.00019235142,0.003138194,4.044166e-05,0.00059974584,0.00013579021,0.007263559,3.0413012e-05,0.017629404
4.2458064516129035,0.00023224247,0.0039197123,-9.882212e-06,0.0011790496,-0.0001919921,0.0031336013,4.135046e-05,0.00061304896,0.00013326728,0.0075289095,3.2852993e-05,0.017971724
4.34594470046083,0.00023217956,0.0039196536,-1.0110862e-05,0.0012068116,-0.00019162512,0.0031289181,4.225449e-05,0.00062627345,0.00013074283,0.0078008324,3.539474e-05,0.018308677
4.446082949308756,0.00023211566,0.003919594,-1.0339127e-05,0.0012345699,-0.00019125026,0.0031241437,4.3153967e-05,0.0006394177,0.00012822125,0.0080790855,3.803763e-05,0.018640181
4.546221198156682,0.0002320505,0.0039195344,-1.0567034e-05,0.0012623254,-0.00019086896,0.0031192855,4.4048495e-05,0.00065248075,0.0001257064,0.008363403,4.078269e-05,0.018966174
4.646359447004609,0.00023198187,0.003919475,-1.0794647e-05,0.0012900782,-0.00019048034,0.0031143427,4.4938133e-05,0.00066546246,0.00012320015,0.008653583,4.362978e-05,0.019286651
4.7464976958525344,0.00023191451,0.003919409,-1.1021999e-05,0.0013178264,-0.0001900842,0.0031093159,4.582269e-05,0.0006783614,0.00012070652,0.008949373,4.6579993e-05,0.019601503
4.846635944700461,0.00023184385,0.00391935,-1.1248858e-05,0.0013455714,-0.00018968117,0.0031042073,4.67024e-05,0.00069117505,0.000118228636,0.00925057,4.9630184e-05,0.019910691
4.9467741935483875,0.00023177192,0.00391929,-1.1475444e-05,0.0013733129,-0.00018927162,0.0030990173,4.757687e-05,0.00070390396,0.00011577189,0.009556934,5.2782936e-05,0.02021421
5.046912442396313,0.00023169893,0.003919232,-1.1701602e-05,0.0014010494,-0.00018885483,0.0030937488,4.844608e-05,0.00071654725,0.00011333472,0.009868264,5.603733e-05,0.020511983
5.14705069124424,0.0002316244,0.003919171,-1.1927407e-05,0.0014287842,-0.0001884318,0.0030884023,4.9310023e-05,0.0007291036,0.000110925816,0.0101843625,5.93902e-05,0.020804001
5.247188940092166,0.000231549,0.0039191116,-1.2152888e-05,0.0014565141,-0.00018800174,0.0030829785,5.0168583e-05,0.00074157165,0.00010854423,0.010505014,6.2845036e-05,0.021090193
5.347327188940092,0.0002314717,0.0039190566,-1.2377912e-05,0.0014842422,-0.00018756538,0.0030774807,5.1021776e-05,0.00075395085,0.000106196545,0.010830022,6.6399676e-05,0.021370549
5.4474654377880185,0.0002313924,0.003918998,-1.2602488e-05,0.0015119632,-0.00018712193,0.0030719074,5.1869392e-05,0.0007662418,0.000103882354,0.011159207,7.005085e-05,0.021645032
5.547603686635945,0.0002313119,0.0039189397,-1.282678e-05,0.0015396837,-0.00018667293,0.003066264,5.2711566e-05,0.0007784419,0.000101607024,0.01149236,7.380003e-05,0.021913642
5.647741935483871,0.00023123062,0.003918887,-1.3050565e-05,0.0015673985,-0.00018621693,0.0030605448,5.3548025e-05,0.000790551,9.937457e-05,0.011829311,7.7644465e-05,0.022176366
5.747880184331797,0.00023114718,0.0039188336,-1.3274012e-05,0.0015951076,-0.00018575505,0.0030547597,5.43788e-05,0.0008025686,9.718529e-05,0.012169872,8.158656e-05,0.02243314
5.848018433179724,0.00023106231,0.0039187763,-1.3497006e-05,0.001622813,-0.00018528684,0.0030489042,5.5203924e-05,0.0008144943,9.5043106e-05,0.01251387,8.5621614e-05,0.022683986
5.94815668202765,0.00023097615,0.00391873,-1.371955e-05,0.0016505161,-0.00018481283,0.0030429834,5.60232e-05,0.00082632684,9.2952294e-05,0.012861132,8.9748166e-05,0.022928895
6.048294930875576,0.00023088991,0.003918675,-1.3941555e-05,0.0016782136,-0.00018433313,0.003036997,5.6836485e-05,0.0008380654,9.091399e-05,0.01321148,9.39683e-05,0.023167856
6.148433179723503,0.00023079959,0.0039186263,-1.4163267e-05,0.0017059055,-0.00018384695,0.0030309435,5.7643956e-05,0.0008497106,8.8932735e-05,0.013564759,9.8276876e-05,0.023400834
6.248571428571429,0.00023071055,0.003918584,-1.43843135e-05,0.0017335936,-0.00018335562,0.0030248303,5.844552e-05,0.0008612614,8.700963e-05,0.0139208045,0.0001026743,0.023627903
6.348709677419355,0.00023061833,0.0039185383,-1.46050725e-05,0.0017612785,-0.00018285813,0.0030186553,5.924094e-05,0.0008727171,8.514682e-05,0.014279432,0.00010715917,0.023848994
6.448847926267281,0.00023052422,0.0039184927,-1.4825283e-05,0.0017889569,-0.00018235564,0.0030124215,6.003046e-05,0.0008840778,8.334986e-05,0.014640513,0.00011173013,0.024064127
6.548986175115208,0.00023042956,0.0039184545,-1.5044993e-05,0.0018166316,-0.00018184708,0.0030061274,6.081361e-05,0.0008953426,8.161885e-05,0.0150038935,0.00011638125,0.02427333
6.6491244239631335,0.00023033428,0.0039184145,-1.5264135e-05,0.0018443008,-0.00018133347,0.002999773,6.159078e-05,0.000906511,7.995647e-05,0.015369378,0.00012111737,0.024476618
6.74926267281106,0.00023023707,0.0039183768,-1.5482818e-05,0.0018719661,-0.0001808145,0.0029933685,6.236171e-05,0.00091758417,7.836509e-05,0.015736882,0.00012592971,0.024673967
6.849400921658987,0.00023013727,0.0039183414,-1.570106e-05,0.001899626,-0.00018029069,0.0029869073,6.312625e-05,0.0009285597,7.684739e-05,0.016106231,0.00013082339,0.024865443
6.949539170506912,0.00023003788,0.003918314,-1.5918737e-05,0.0019272809,-0.00017976145,0.0029803906,6.3884574e-05,0.0009394382,7.540681e-05,0.016477268,0.00013579044,0.025051007
7.049677419354839,0.00022993592,0.003918284,-1.6135917e-05,0.0019549304,-0.00017922731,0.0029738245,6.463659e-05,0.0009502205,7.4043375e-05,0.016849857,0.0001408321,0.025230743
7.149815668202765,0.00022983187,0.0039182585,-1.6352456e-05,0.0019825748,-0.00017868832,0.0029672065,6.538217e-05,0.00096090435,7.276126e-05,0.017223883,0.00014594407,0.02540463
7.249953917050692,0.00022972749,0.003918237,-1.6568465e-05,0.0020102141,-0.00017814442,0.0029605385,6.612134e-05,0.000971491,7.1560324e-05,0.017599193,0.00015112663,0.025572713
7.350092165898618,0.00022962199,0.003918216,-1.6784026e-05,0.0020378476,-0.00017759575,0.0029538234,6.685414e-05,0.0009819807,7.044399e-05,0.017975645,0.00015637455,0.025735011
7.450230414746544,0.00022951425,0.003918207,-1.6998876e-05,0.0020654765,-0.00017704282,0.002947063,6.758045e-05,0.000992372,6.9412985e-05,0.018353123,0.00016168835,0.02589157
7.550368663594471,0.0002294049,0.00391819,-1.7213177e-05,0.0020931002,-0.00017648526,0.0029402573,6.8300214e-05,0.001002666,6.847139e-05,0.018731508,0.00016706574,0.02604241
7.650506912442396,0.00022929462,0.003918183,-1.7426953e-05,0.0021207202,-0.00017592325,0.0029334063,6.901325e-05,0.0010128616,6.761797e-05,0.019110648,0.00017250184,0.026187582
7.750645161290323,0.00022918163,0.0039181737,-1.7640135e-05,0.002148331,-0.00017535708,0.0029265152,6.972009e-05,0.0010229604,6.6857e-05,0.019490438,0.00017799705,0.026327105
7.850783410138249,0.00022907002,0.003918179,-1.785263e-05,0.002175936,-0.0001747866,0.0029195799,7.0420094e-05,0.0010329601,6.618856e-05,0.019870752,0.00018354517,0.026461028
7.950921658986175,0.00022895531,0.003918181,-1.8064558e-05,0.0022035385,-0.00017421183,0.002912602,7.111357e-05,0.0010428632,6.5614484e-05,0.02025152,0.00018914604,0.026589392
8.051059907834102,0.00022884035,0.003918191,-1.8275949e-05,0.0022311332,-0.00017363342,0.002905589,7.1800416e-05,0.0010526667,6.5135224e-05,0.020632524,0.00019479898,0.026712224
8.151198156682026,0.00022872194,0.003918205,-1.8486624e-05,0.0022587222,-0.0001730505,0.0028985369,7.24806e-05,0.0010623747,6.475238e-05,0.021013757,0.00020050012,0.0268296
8.251336405529953,0.00022860359,0.0039182217,-1.8696759e-05,0.0022863036,-0.00017246435,0.0028914467,7.315402e-05,0.0010719841,6.4469874e-05,0.021395044,0.00020624539,0.026941577
8.35147465437788,0.0002284836,0.003918247,-1.8906107e-05,0.0023138819,-0.00017187439,0.002884325,7.3820775e-05,0.001081496,6.42844e-05,0.02177629,0.00021203236,0.027048128
8.451612903225806,0.00022836243,0.003918273,-1.9114994e-05,0.0023414518,-0.00017128047,0.0028771693,7.4480995e-05,0.0010909119,6.419937e-05,0.022157403,0.00021786138,0.027149377
8.551751152073733,0.00022823963,0.0039183055,-1.9323106e-05,0.0023690148,-0.00017068323,0.0028699785,7.513441e-05,0.0011002298,6.421713e-05,0.022538252,0.00022372683,0.027245361
8.65188940092166,0.00022811645,0.0039183456,-1.953047e-05,0.0023965738,-0.00017008287,0.0028627538,7.5780954e-05,0.0011094518,6.433771e-05,0.022918798,0.00022962903,0.027336119
8.752027649769584,0.0002279887,0.0039183926,-1.9737385e-05,0.0024241295,-0.00016947842,0.0028554988,7.642084e-05,0.0011185758,6.455932e-05,0.023298873,0.00023556185,0.027421711
8.85216589861751,0.00022786285,0.003918442,-1.9943383e-05,0.0024516748,-0.00016887143,0.0028482194,7.70539e-05,0.0011276042,6.488506e-05,0.023678409,0.00024152666,0.02750214
8.952304147465437,0.00022773459,0.003918497,-2.0148833e-05,0.0024792128,-0.00016826099,0.0028409078,7.7680364e-05,0.0011365359,6.531638e-05,0.024057306,0.00024751658,0.027577583
9.052442396313364,0.00022760418,0.003918563,-2.035356e-05,0.0025067488,-0.00016764754,0.0028335669,7.829986e-05,0.0011453743,6.585055e-05,0.024435522,0.0002535318,0.027648026
9.15258064516129,0.00022747395,0.0039186333,-2.055755e-05,0.0025342733,-0.00016703126,0.0028262038,7.891286e-05,0.0011541145,6.649317e-05,0.024812892,0.0002595694,0.027713504
9.252718894009217,0.00022734163,0.0039187083,-2.076072e-05,0.0025617927,-0.00016641199,0.0028188135,7.951886e-05,0.0011627605,6.723996e-05,0.02518939,0.00026562714,0.027774114
9.352857142857141,0.00022720791,0.0039187944,-2.0963373e-05,0.0025893054,-0.00016578996,0.0028113986,8.011814e-05,0.0011713109,6.8092515e-05,0.025564874,0.00027169884,0.027829893
9.452995391705068,0.00022707274,0.0039188867,-2.1165008e-05,0.0026168134,-0.00016516502,0.0028039631,8.071065e-05,0.0011797688,6.90538e-05,0.025939316,0.00027778724,0.027880946
9.553133640552995,0.00022693603,0.003918983,-2.1366184e-05,0.0026443142,-0.0001645376,0.0027965012,8.129626e-05,0.0011881307,7.011984e-05,0.026312605,0.0002838888,0.0279273
9.653271889400921,0.00022679854,0.0039190887,-2.1566455e-05,0.0026718054,-0.00016390797,0.0027890247,8.18752e-05,0.0011964007,7.1295064e-05,0.026684664,0.00028999455,0.027969055
9.753410138248848,0.00022665964,0.003919199,-2.1766056e-05,0.0026992923,-0.00016327541,0.002781522,8.244748e-05,0.001204576,7.2576644e-05,0.027055446,0.00029611136,0.028006181
9.853548387096774,0.00022651914,0.003919322,-2.1964877e-05,0.0027267695,-0.00016264086,0.0027740041,8.30127e-05,0.001212659,7.396404e-05,0.027424831,0.00030223044,0.028038869
9.9536866359447,0.0002263772,0.0039194543,-2.2162758e-05,0.002754242,-0.00016200411,0.0027664653,8.3571445e-05,0.0012206497,7.545949e-05,0.027792787,0.00030835142,0.028067071
10.053824884792625,0.0002262343,0.0039195917,-2.2360116e-05,0.0027817064,-0.00016136502,0.002758913,8.412336e-05,0.0012285484,7.705894e-05,0.028159244,0.00031447006,0.02809099
10.153963133640552,0.00022608948,0.0039197383,-2.2556456e-05,0.0028091609,-0.000160724,0.0027513423,8.4668514e-05,0.0012363563,7.87696e-05,0.028524144,0.00032058716,0.028110584
10.254101382488479,0.00022594402,0.003919895,-2.2752141e-05,0.0028366135,-0.00016008088,0.0027437562,8.520691e-05,0.0012440725,8.0585705e-05,0.02888738,0.00032669713,0.02812591
10.354239631336405,0.00022579773,0.003920058,-2.294691e-05,0.0028640567,-0.00015943589,0.0027361559,8.5738626e-05,0.0012517005,8.250436e-05,0.029248882,0.0003327977,0.028137099
10.454377880184332,0.00022564878,0.003920235,-2.314096e-05,0.002891492,-0.00015878907,0.0027285393,8.6263724e-05,0.0012592352,8.4532956e-05,0.02960865,0.00033888908,0.028144192
10.554516129032258,0.00022549967,0.0039204173,-2.3334082e-05,0.0029189163,-0.00015814045,0.0027209152,8.678199e-05,0.0012666818,8.666537e-05,0.029966578,0.00034496872,0.028147258
10.654654377880183,0.0002253494,0.003920611,-2.3526445e-05,0.0029463384,-0.0001574906,0.0027132777,8.729344e-05,0.0012740417,8.890256e-05,0.03032267,0.00035103012,0.028146373
10.75479262672811,0.0002251969,0.003920816,-2.3717967e-05,0.0029737495,-0.00015683878,0.0027056318,8.779853e-05,0.0012813106,9.124077e-05,0.030676784,0.00035707577,0.02814159
10.854930875576036,0.00022504358,0.003921028,-2.3908673e-05,0.0030011542,-0.00015618576,0.0026979672,8.829666e-05,0.001288492,9.3686955e-05,0.031028908,0.0003631022,0.028133016
10.955069124423963,0.00022488862,0.0039212527,-2.4098506e-05,0.0030285495,-0.00015553112,0.002690302,8.8788576e-05,0.0012955877,9.6235795e-05,0.03137904,0.00036910438,0.028120682
11.05520737327189,0.0002247329,0.0039214874,-2.4287276e-05,0.003055939,-0.00015487532,0.0026826258,8.9273555e-05,0.0013025948,9.888536e-05,0.03172706,0.0003750816,0.02810471
11.155345622119816,0.00022457546,0.0039217398,-2.447525e-05,0.0030833208,-0.00015421839,0.0026749414,8.975197e-05,0.0013095171,0.00010163495,0.032072946,0.00038103564,0.028085075
11.25548387096774,0.00022441651,0.003922,-2.4662619e-05,0.0031106954,-0.00015355997,0.0026672499,9.022389e-05,0.0013163526,0.00010448836,0.032416683,0.00038695653,0.028061915
11.355622119815667,0.00022425654,0.0039222683,-2.484905e-05,0.0031380586,-0.0001529005,0.0026595546,9.068928e-05,0.001323104,0.00010743811,0.032758147,0.0003928506,0.028035285
11.455760368663594,0.00022409554,0.0039225523,-2.5034331e-05,0.0031654153,-0.00015224039,0.002651851,9.114808e-05,0.0013297723,0.000110489585,0.03309737,0.00039870906,0.028005285
11.55589861751152,0.0002239339,0.0039228457,-2.5218797e-05,0.003192763,-0.00015157892,0.0026441442,9.1600625e-05,0.0013363556,0.000113638765,0.033434287,0.00040453346,0.027971942
11.656036866359447,0.00022377045,0.003923149,-2.5402402e-05,0.0032201034,-0.00015091691,0.002636434,9.20463e-05,0.0013428552,0.000116882584,0.033768885,0.00041032053,0.027935313
11.756175115207373,0.00022360608,0.0039234697,-2.5585157e-05,0.003247435,-0.000150254,0.0026287192,9.2485796e-05,0.0013492723,0.000120224395,0.034101095,0.00041606804,0.027895553
11.8563133640553,0.00022343945,0.0039238017,-2.5766978e-05,0.003274759,-0.00014959036,0.0026210023,9.291886e-05,0.0013556087,0.00012365993,0.0344309,0.0004217749,0.027852625
11.956451612903225,0.00022327302,0.0039241486,-2.594775e-05,0.0033020752,-0.00014892618,0.002613285,9.3345385e-05,0.0013618616,0.00012718991,0.034758236,0.00042743864,0.027806655
12.056589861751151,0.0002231033,0.00392451,-2.6127564e-05,0.0033293809,-0.00014826121,0.0026055623,9.3765775e-05,0.0013680371,0.0001308119,0.03508313,0.000433061,0.027757702
12.156728110599078,0.00022293444,0.0039248806,-2.6306723e-05,0.0033566833,-0.00014759602,0.0025978426,9.417969e-05,0.0013741305,0.00013452303,0.035405513,0.00043863428,0.027705844
12.256866359447004,0.00022276361,0.003925267,-2.6484528e-05,0.0033839683,-0.00014693035,0.0025901205,9.458726e-05,0.0013801451,0.00013832955,0.03572536,0.0004441607,0.027651155
12.35700460829493,0.00022259181,0.003925671,-2.6661617e-05,0.003411252,-0.0001462644,0.002582402,9.498871e-05,0.0013860806,0.00014221863,0.036042616,0.00044963774,0.027593682
12.457142857142857,0.00022241865,0.003926086,-2.6837679e-05,0.0034385212,-0.00014559785,0.0025746827,9.538381e-05,0.0013919394,0.00014620012,0.0363573,0.00045506406,0.027533477
12.557281105990782,0.00022224418,0.003926518,-2.7012788e-05,0.0034657854,-0.00014493141,0.0025669662,9.577276e-05,0.0013977191,0.00015026606,0.03666942,0.00046043555,0.027470665
12.657419354838709,0.00022206912,0.003926966,-2.7186956e-05,0.00349304,-0.00014426463,0.002559252,9.6155505e-05,0.0014034219,0.00015441577,0.03697886,0.00046575395,0.027405268
12.757557603686635,0.00022189238,0.0039274255,-2.7359962e-05,0.003520286,-0.00014359788,0.0025515403,9.653228e-05,0.0014090494,0.00015865098,0.037285656,0.00047101593,0.02733735
12.857695852534562,0.00022171401,0.0039279046,-2.7532042e-05,0.0035475234,-0.00014293108,0.0025438322,9.690249e-05,0.0014146027,0.00016296704,0.03758983,0.0004762183,0.027267015
12.957834101382488,0.0002215353,0.0039283964,-2.7703296e-05,0.0035747495,-0.00014226421,0.0025361264,9.726704e-05,0.0014200786,0.00016736439,0.037891228,0.00048136394,0.027194304
13.057972350230415,0.00022135495,0.00392891,-2.7873282e-05,0.0036019692,-0.00014159764,0.0025284276,9.76254e-05,0.0014254809,0.00017184005,0.03818995,0.00048644654,0.027119244
13.158110599078341,0.00022117366,0.003929433,-2.8042501e-05,0.0036291757,-0.00014093106,0.0025207323,9.797801e-05,0.0014308111,0.00017639583,0.03848595,0.00049147324,0.02704198
13.258248847926266,0.00022099091,0.0039299796,-2.821063e-05,0.003656377,-0.00014026466,0.0025130438,9.832428e-05,0.0014360667,0.00018102491,0.038779244,0.00049643125,0.026962506
13.358387096774193,0.00022080704,0.0039305417,-2.8377692e-05,0.0036835643,-0.0001395987,0.0025053597,9.86649e-05,0.0014412496,0.00018573053,0.03906975,0.00050132745,0.026880963
13.45852534562212,0.00022062242,0.0039311196,-2.8543556e-05,0.0037107463,-0.00013893319,0.002497683,9.899952e-05,0.0014463614,0.00019051315,0.03935753,0.000506159,0.02679735
13.558663594470046,0.00022043605,0.0039317184,-2.8708737e-05,0.003737917,-0.00013826783,0.0024900136,9.932827e-05,0.0014514042,0.00019536084,0.03964248,0.00051092217,0.026711749
13.658801843317972,0.0002202502,0.0039323303,-2.8872602e-05,0.0037650783,-0.00013760292,0.0024823505,9.9651275e-05,0.0014563741,0.00020028406,0.039924644,0.00051562,0.026624225
13.758940092165899,0.00022006224,0.0039329687,-2.9035415e-05,0.0037922328,-0.0001369387,0.0024746961,9.9968376e-05,0.001461276,0.00020527493,0.040204093,0.00052024797,0.026534827
13.859078341013824,0.00021987231,0.0039336225,-2.9197316e-05,0.0038193762,-0.00013627515,0.0024670504,0.00010027994,0.0014661088,0.00021033132,0.04048067,0.00052480696,0.02644363
13.95921658986175,0.00021968238,0.003934292,-2.9358209e-05,0.0038465091,-0.00013561166,0.0024594138,0.00010058575,0.0014708719,0.0002154555,0.040754452,0.0005292934,0.026350698
14.059354838709677,0.00021949086,0.0039349836,-2.9517663e-05,0.0038736307,-0.00013494947,0.0024517837,0.00010088589,0.0014755682,0.00022064298,0.041025408,0.00053370866,0.026256071
14.159493087557603,0.00021929725,0.003935696,-2.9676186e-05,0.0039007473,-0.0001342876,0.0024441658,0.00010118052,0.0014801985,0.00022589542,0.041293558,0.0005380529,0.026159847
14.25963133640553,0.00021910461,0.0039364295,-2.9834002e-05,0.003927849,-0.0001336267,0.0024365566,0.00010146922,0.0014847615,0.00023120469,0.041558906,0.0005423215,0.026062036
14.359769585253456,0.00021890986,0.003937181,-2.9990428e-05,0.00395494,-0.00013296658,0.002428959,0.00010175258,0.0014892572,0.00023657474,0.041821398,0.00054651627,0.025962766
14.459907834101383,0.0002187142,0.0039379564,-3.0145751e-05,0.0039820233,-0.00013230719,0.00242137,0.00010203062,0.0014936891,0.00024200112,0.04208107,0.0005506371,0.025862038
14.560046082949308,0.00021851744,0.003938749,-3.0300029e-05,0.0040091006,-0.00013164882,0.0024137925,0.00010230308,0.0014980568,0.0002474882,0.04233788,0.00055468123,0.025759911
14.660184331797234,0.00021832006,0.003939565,-3.045324e-05,0.00403616,-0.00013099126,0.0024062267,0.000102570295,0.0015023592,0.0002530253,0.042591907,0.0005586485,0.025656458
14.76032258064516,0.00021812142,0.003940401,-3.0605246e-05,0.004063212,-0.00013033499,0.0023986737,0.00010283197,0.0015066005,0.00025861696,0.042843074,0.0005625392,0.02555175
14.860460829493087,0.00021792074,0.003941262,-3.0755804e-05,0.004090262,-0.00012967968,0.0023911316,0.00010308821,0.0015107781,0.00026426316,0.04309143,0.00056635076,0.02544582
14.960599078341014,0.00021771976,0.0039421413,-3.090556e-05,0.0041172905,-0.00012902534,0.0023836012,0.00010333936,0.0015148931,0.0002699543,0.043336935,0.0005700865,0.02533874
15.06073732718894,0.00021751861,0.003943051,-3.1054486e-05,0.004144314,-0.00012837227,0.0023760828,0.00010358535,0.0015189482,0.00027569692,0.043579645,0.0005737413,0.025230566
15.160875576036865,0.00021731567,0.0039439807,-3.1201896e-05,0.0041713277,-0.00012772028,0.0023685794,0.00010382618,0.0015229422,0.000281487,0.043819513,0.0005773179,0.025121285
15.261013824884792,0.00021711175,0.0039449325,-3.1348383e-05,0.0041983263,-0.00012706942,0.0023610864,0.00010406166,0.0015268764,0.00028731918,0.044056557,0.0005808161,0.025011055
15.361152073732718,0.00021690689,0.0039459057,-3.149353e-05,0.004225316,-0.00012642019,0.0023536102,0.0001042922,0.0015307491,0.00029319504,0.044290796,0.0005842303,0.024899881
15.461290322580645,0.00021670035,0.003946906,-3.163761e-05,0.004252298,-0.00012577215,0.0023461457,0.00010451757,0.0015345655,0.0002991145,0.04452223,0.000587562,0.02478782
15.561428571428571,0.00021649359,0.003947931,-3.178038e-05,0.0042792624,-0.00012512527,0.0023386958,0.0001047379,0.001538322,0.00030507456,0.04475086,0.0005908162,0.024674924
15.661566820276498,0.00021628606,0.0039489795,-3.192236e-05,0.004306225,-0.00012447996,0.0023312594,0.00010495322,0.0015420213,0.00031107053,0.044976715,0.0005939884,0.024561234
15.761705069124423,0.00021607724,0.003950055,-3.2062984e-05,0.004333171,-0.00012383593,0.002323837,0.000105163745,0.0015456637,0.00031710527,0.04519979,0.0005970799,0.024446806
15.86184331797235,0.00021586694,0.0039511602,-3.2202162e-05,0.0043601072,-0.00012319343,0.002316432,0.0001053694,0.0015492492,0.0003231783,0.045420066,0.0006000895,0.024331676
15.961981566820276,0.00021565663,0.003952285,-3.234048e-05,0.0043870364,-0.00012255252,0.0023090392,0.000105570216,0.0015527792,0.00032928144,0.045637537,0.00060301507,0.024215946
16.062119815668204,0.0002154448,0.0039534317,-3.247757e-05,0.004413952,-0.00012191289,0.0023016627,0.00010576613,0.0015562542,0.0003354199,0.0458523,0.00060586,0.024099628
16.162258064516127,0.00021523291,0.0039546154,-3.261366e-05,0.004440855,-0.00012127506,0.0022943045,0.00010595728,0.0015596732,0.00034158636,0.046064314,0.00060862105,0.023982778
16.262396313364054,0.00021501823,0.00395582,-3.2748358e-05,0.004467747,-0.00012063849,0.002286958,0.00010614388,0.0015630389,0.0003477873,0.046273503,0.0006112994,0.0238654
16.36253456221198,0.00021480436,0.0039570555,-3.2881708e-05,0.0044946247,-0.00012000395,0.0022796285,0.00010632583,0.0015663516,0.00035401143,0.046480015,0.000613897,0.023747638
16.462672811059907,0.00021459,0.00395832,-3.3014232e-05,0.0045215003,-0.00011937059,0.0022723132,0.000106502914,0.0015696108,0.00036026214,0.046683826,0.0006164083,0.023629442
16.562811059907833,0.00021437278,0.0039596073,-3.3145036e-05,0.0045483587,-0.000118739285,0.0022650175,0.000106675485,0.0015728191,0.00036653818,0.0468849,0.0006188393,0.023510922
16.66294930875576,0.0002141552,0.003960924,-3.327513e-05,0.004575205,-0.00011810962,0.0022577376,0.00010684371,0.0015759732,0.00037283901,0.04708328,0.00062118744,0.023392104
16.763087557603686,0.00021393677,0.0039622695,-3.340401e-05,0.0046020425,-0.00011748166,0.0022504737,0.000107007414,0.0015790771,0.00037916334,0.047278967,0.0006234516,0.023273
16.863225806451613,0.00021371806,0.00396365,-3.3531145e-05,0.004628867,-0.00011685553,0.0022432262,0.00010716667,0.0015821307,0.00038550707,0.047471963,0.000625634,0.023153702
16.96336405529954,0.00021349851,0.0039650546,-3.365776e-05,0.0046556788,-0.00011623124,0.002235996,0.000107321444,0.0015851348,0.00039186692,0.047662314,0.0006277306,0.023034234
17.063502304147466,0.00021327767,0.00396649,-3.3782628e-05,0.0046824813,-0.0001156087,0.0022287809,0.0001074719,0.0015880876,0.00039824942,0.04785003,0.0006297496,0.022914669
17.163640552995393,0.00021305704,0.0039679552,-3.3906155e-05,0.004709273,-0.00011498796,0.0022215846,0.000107618165,0.0015909922,0.00040464502,0.04803509,0.000631684,0.022795007
17.26377880184332,0.00021283426,0.0039694537,-3.402891e-05,0.00473605,-0.00011436914,0.002214409,0.00010775996,0.0015938478,0.00041105648,0.04821757,0.00063353585,0.022675306
17.363917050691242,0.00021261025,0.0039709816,-3.4150187e-05,0.0047628204,-0.00011375225,0.0022072457,0.00010789773,0.0015966559,0.00041748484,0.04839738,0.00063530495,0.022555616
17.46405529953917,0.00021238647,0.003972542,-3.4270593e-05,0.004789569,-0.000113137285,0.0022001045,0.00010803119,0.0015994164,0.0004239189,0.048574653,0.0006369926,0.02243596
17.564193548387095,0.00021216087,0.0039741327,-3.438941e-05,0.0048163184,-0.00011252421,0.0021929776,0.00010816043,0.0016021293,0.00043037208,0.048749305,0.0006385963,0.022316394
17.664331797235022,0.00021193622,0.0039757597,-3.450681e-05,0.004843049,-0.00011191319,0.00218587,0.000108285814,0.0016047958,0.00043682932,0.04892138,0.0006401213,0.022196991
17.76447004608295,0.00021170943,0.0039774124,-3.4623416e-05,0.004869764,-0.00011130412,0.0021787817,0.00010840722,0.0016074183,0.0004432983,0.049090963,0.00064156356,0.02207772
17.864608294930875,0.00021148186,0.003979102,-3.4738445e-05,0.00489647,-0.00011069708,0.0021717113,0.00010852424,0.0016099943,0.00044976943,0.04925798,0.0006429279,0.021958679
17.9647465437788,0.00021125366,0.003980826,-3.4852426e-05,0.0049231704,-0.00011009201,0.002164657,0.00010863756,0.0016125249,0.00045624943,0.049422458,0.00064420793,0.021839889
18.064884792626728,0.00021102454,0.003982581,-3.4964887e-05,0.004949857,-0.00010948903,0.002157622,0.00010874683,0.0016150129,0.00046273388,0.04958444,0.00064540794,0.021721378
18.165023041474655,0.00021079445,0.003984371,-3.5076486e-05,0.004976523,-0.00010888803,0.0021506073,0.000108852335,0.0016174548,0.00046922104,0.04974397,0.0006465319,0.021603208
18.26516129032258,0.0002105633,0.0039861975,-3.5186422e-05,0.005003181,-0.000108289314,0.0021436105,0.000108954024,0.0016198534,0.00047571285,0.049900983,0.0006475706,0.021485392
18.365299539170508,0.0002103325,0.003988056,-3.529533e-05,0.005029825,-0.00010769263,0.0021366316,0.000109051834,0.001622211,0.00048220085,0.050055604,0.00064853375,0.021367958
18.465437788018434,0.00021010012,0.003989949,-3.5402965e-05,0.005056461,-0.00010709807,0.002129671,0.0001091463,0.001624525,0.00048869004,0.050207753,0.000649418,0.021250984
18.56557603686636,0.00020986819,0.0039918814,-3.550916e-05,0.005083088,-0.000106505795,0.0021227284,0.00010923655,0.0016267978,0.0004951817,0.05035747,0.00065022276,0.021134464
18.665714285714284,0.00020963437,0.00399384,-3.5613983e-05,0.0051096957,-0.00010591535,0.0021158068,0.000109323286,0.0016290286,0.0005016655,0.05050472,0.00065094884,0.021018464
18.76585253456221,0.00020940037,0.0039958456,-3.5717934e-05,0.0051362915,-0.000105327366,0.0021089034,0.00010940636,0.0016312181,0.00050814834,0.050649643,0.0006515988,0.020903034
18.865990783410137,0.00020916577,0.003997884,-3.582001e-05,0.005162875,-0.00010474149,0.0021020204,0.00010948596,0.0016333677,0.000514625,0.05079224,0.00065217103,0.020788154
18.966129032258063,0.00020892962,0.0039999615,-3.5921195e-05,0.005189447,-0.0001041579,0.0020951543,0.0001095619,0.0016354776,0.00052109757,0.050932445,0.0006526669,0.020673906
19.06626728110599,0.00020869306,0.0040020747,-3.6021316e-05,0.005216008,-0.00010357645,0.0020883107,0.0001096344,0.0016375469,0.0005275614,0.0510703,0.00065308873,0.020560283
19.166405529953916,0.00020845588,0.00400423,-3.6120233e-05,0.005242551,-0.000102997226,0.0020814843,0.00010970344,0.0016395767,0.00053401926,0.05120584,0.00065343286,0.020447368
19.266543778801843,0.00020821746,0.0040064175,-3.6216734e-05,0.005269083,-0.000102420214,0.0020746766,0.00010976915,0.0016415683,0.0005404666,0.05133911,0.00065370253,0.020335156
19.36668202764977,0.00020797974,0.004008647,-3.6313595e-05,0.005295601,-0.00010184541,0.002067889,0.00010983151,0.001643524,0.0005469021,0.051470045,0.0006538965,0.020223701
19.466820276497696,0.00020773997,0.0040109134,-3.6407586e-05,0.005322111,-0.00010127306,0.0020611214,0.00010989042,0.00164544,0.0005533291,0.05159876,0.000654017,0.02011302
19.566958525345623,0.0002074996,0.0040132203,-3.6500893e-05,0.0053486004,-0.00010070276,0.002054374,0.00010994607,0.0016473175,0.00055974163,0.05172519,0.0006540659,0.020003146
19.66709677419355,0.00020725971,0.0040155696,-3.6593025e-05,0.0053750835,-0.00010013499,0.0020476447,0.000109998524,0.0016491602,0.0005661444,0.051849406,0.00065404,0.019894095
19.767235023041476,0.00020701825,0.004017951,-3.6683716e-05,0.005401554,-9.956933e-05,0.002040934,0.00011004772,0.0016509652,0.0005725296,0.051971365,0.000653945,0.019785913
19.867373271889402,0.00020677604,0.0040203813,-3.6772977e-05,0.0054280083,-9.9006116e-05,0.0020342448,0.00011009356,0.0016527359,0.0005789018,0.052091174,0.0006537731,0.019678662
19.967511520737325,0.00020653343,0.0040228497,-3.686152e-05,0.005454451,-9.844518e-05,0.0020275754,0.0001101366,0.0016544663,0.000585256,0.052208774,0.0006535356,0.01957234
20.067649769585252,0.00020629005,0.0040253573,-3.6948368e-05,0.0054808813,-9.788649e-05,0.0020209234,0.000110176305,0.0016561648,0.00059159525,0.052324258,0.00065322325,0.019466951
20.16778801843318,0.00020604642,0.0040279073,-3.703385e-05,0.0055072964,-9.7330274e-05,0.002014294,0.00011021307,0.0016578302,0.0005979142,0.05243757,0.0006528439,0.019362582
20.267926267281105,0.0002058024,0.0040305043,-3.7118083e-05,0.005533695,-9.67763e-05,0.002007682,0.0001102467,0.0016594598,0.0006042161,0.052548766,0.00065239595,0.019259196
20.36806451612903,0.00020555683,0.004033136,-3.7200556e-05,0.005560087,-9.62246e-05,0.0020010902,0.00011027746,0.0016610536,0.00061050017,0.05265783,0.000651877,0.019156873
20.468202764976958,0.00020531157,0.0040358147,-3.7282487e-05,0.0055864546,-9.567534e-05,0.001994522,0.00011030526,0.0016626145,0.00061676296,0.05276483,0.0006512902,0.019055627
20.568341013824885,0.00020506525,0.004038536,-3.7362624e-05,0.0056128227,-9.5128504e-05,0.0019879686,0.00011033012,0.0016641426,0.0006230067,0.052869774,0.0006506402,0.018955473
20.66847926267281,0.00020481912,0.0040413025,-3.7441823e-05,0.0056391684,-9.458405e-05,0.0019814395,0.00011035226,0.0016656388,0.0006292248,0.052972615,0.0006499191,0.01885645
20.768617511520738,0.0002045706,0.0040441114,-3.751945e-05,0.0056655053,-9.404189e-05,0.001974926,0.00011037125,0.0016671001,0.0006354219,0.05307348,0.0006491342,0.018758556
20.868755760368664,0.00020432223,0.0040469696,-3.7595593e-05,0.005691821,-9.350213e-05,0.001968435,0.000110387584,0.0016685324,0.00064159546,0.053172264,0.0006482858,0.018661855
20.96889400921659,0.00020407402,0.0040498623,-3.7670547e-05,0.0057181255,-9.296471e-05,0.0019619633,0.000110401255,0.0016699304,0.0006477442,0.05326904,0.0006473712,0.018566327
21.069032258064517,0.00020382446,0.0040528066,-3.77443e-05,0.005744423,-9.242981e-05,0.0019555094,0.000110412184,0.0016712968,0.0006538715,0.05336387,0.0006463926,0.018472081
21.169170506912444,0.00020357515,0.0040557976,-3.7816662e-05,0.0057707042,-9.189715e-05,0.0019490785,0.00011042033,0.0016726336,0.0006599707,0.05345676,0.0006453504,0.01837903
21.269308755760367,0.00020332445,0.0040588314,-3.788748e-05,0.005796966,-9.136699e-05,0.0019426642,0.00011042615,0.00167394,0.00066604326,0.053547673,0.00064424565,0.018287258
21.369447004608293,0.0002030745,0.004061914,-3.7957354e-05,0.0058232206,-9.0839276e-05,0.0019362726,0.00011042897,0.001675216,0.00067209126,0.053636633,0.00064308,0.018196762
21.46958525345622,0.00020282257,0.0040650377,-3.802518e-05,0.005849455,-9.031374e-05,0.0019298994,0.00011042919,0.0016764607,0.0006781087,0.05372363,0.00064185483,0.018107599
21.569723502304146,0.00020257107,0.0040682163,-3.8091912e-05,0.005875683,-8.979088e-05,0.0019235453,0.000110427114,0.0016776787,0.0006841036,0.05380891,0.00064056704,0.018019749
21.669861751152073,0.00020231758,0.0040714387,-3.8157523e-05,0.005901892,-8.9270296e-05,0.0019172133,0.00011042239,0.0016788644,0.0006900632,0.053892173,0.00063922064,0.017933264
21.77,0.00020206536,0.004074711,-3.8222242e-05,0.0059280866,-8.875209e-05,0.0019109023,0.000110415014,0.0016800215,0.00069599773,0.0539736,0.00063781574,0.017848143
21.870138248847926,0.00020181165,0.004078028,-3.8285067e-05,0.0059542675,-8.823633e-05,0.0019046081,0.000110405526,0.001681152,0.0007019019,0.054053213,0.00063635065,0.017764436
21.970276497695853,0.00020155794,0.0040813936,-3.83464e-05,0.0059804306,-8.772302e-05,0.0018983345,0.0001103933,0.0016822534,0.0007077725,0.05413093,0.00063482975,0.017682115
22.07041474654378,0.00020130273,0.004084809,-3.840668e-05,0.0060065864,-8.721203e-05,0.0018920806,0.00011037911,0.0016833257,0.0007136131,0.054206923,0.0006332537,0.017601252
22.170552995391706,0.00020104837,0.0040882705,-3.846585e-05,0.00603272,-8.67036e-05,0.0018858477,0.0001103623,0.0016843722,0.00071942416,0.054281067,0.0006316173,0.017521806
22.270691244239632,0.00020079316,0.004091787,-3.852317e-05,0.0060588415,-8.61974e-05,0.0018796346,0.00011034315,0.0016853908,0.0007252026,0.054353498,0.00062992953,0.017443847
22.37082949308756,0.00020053666,0.004095351,-3.857946e-05,0.0060849525,-8.569372e-05,0.0018734396,0.00011032191,0.0016863822,0.0007309486,0.054424092,0.00062818534,0.017367348
22.470967741935482,0.00020028146,0.004098963,-3.863477e-05,0.0061110463,-8.5192514e-05,0.0018672642,0.00011029825,0.0016873481,0.0007366595,0.054493014,0.0006263874,0.017292347
22.57110599078341,0.00020002428,0.0041026287,-3.8687984e-05,0.006137125,-8.4693624e-05,0.0018611096,0.00011027235,0.001688288,0.0007423393,0.054560132,0.00062453764,0.017218838
22.671244239631335,0.0001997673,0.0041063474,-3.8740323e-05,0.0061631897,-8.4197105e-05,0.0018549745,0.00011024447,0.0016891988,0.0007479811,0.05462561,0.00062263495,0.017146884
22.77138248847926,0.00019951006,0.0041101105,-3.8791044e-05,0.00618924,-8.370308e-05,0.0018488591,0.000110214365,0.001690087,0.0007535951,0.05468944,0.00062068034,0.017076448
22.871520737327188,0.00019925168,0.0041139326,-3.884058e-05,0.0062152753,-8.3211395e-05,0.0018427642,0.000110182096,0.0016909481,0.0007591695,0.05475148,0.0006186744,0.01700756
22.971658986175115,0.00019899331,0.0041178064,-3.888852e-05,0.006241297,-8.272226e-05,0.0018366885,0.00011014761,0.0016917867,0.0007647122,0.054811917,0.0006166175,0.01694024
23.07179723502304,0.00019873427,0.004121728,-3.8935577e-05,0.0062673017,-8.2235325e-05,0.0018306321,0.000110111316,0.001692597,0.0007702134,0.054870714,0.0006145126,0.01687449
23.171935483870968,0.00019847527,0.004125705,-3.8980852e-05,0.0062932936,-8.175094e-05,0.0018245946,0.00011007287,0.0016933869,0.00077568414,0.0549279,0.0006123579,0.016810322
23.272073732718894,0.0001982147,0.0041297427,-3.9024948e-05,0.006319267,-8.126887e-05,0.0018185761,0.00011003225,0.001694151,0.00078111753,0.054983497,0.0006101568,0.016747724
23.37221198156682,0.00019795468,0.0041338224,-3.9067938e-05,0.006345228,-8.078925e-05,0.0018125798,0.00010998987,0.00169489,0.000786512,0.055037457,0.0006079075,0.016686762
23.472350230414747,0.00019769491,0.004137962,-3.9109033e-05,0.006371175,-8.031197e-05,0.0018066029,0.000109945664,0.0016956053,0.00079186645,0.055089843,0.0006056111,0.016627401
23.572488479262674,0.00019743391,0.004142154,-3.9149134e-05,0.0063971053,-7.983709e-05,0.0018006433,0.000109899294,0.0016962969,0.0007971875,0.05514073,0.000603269,0.016569654
23.6726267281106,0.0001971712,0.0041464027,-3.9188195e-05,0.0064230207,-7.936462e-05,0.0017947041,0.00010985109,0.0016969659,0.00080247194,0.055190004,0.00060088234,0.016513525
23.772764976958523,0.00019691013,0.0041507008,-3.92254e-05,0.0064489166,-7.8894656e-05,0.001788784,0.000109801134,0.0016976146,0.0008077159,0.055237785,0.00059844996,0.016459027
23.87290322580645,0.00019664911,0.004155062,-3.9260955e-05,0.0064748046,-7.842685e-05,0.0017828821,0.00010974937,0.0016982382,0.0008129231,0.05528403,0.00059597485,0.01640616
23.973041474654377,0.00019638638,0.0041594775,-3.9296072e-05,0.006500672,-7.796151e-05,0.0017770018,0.00010969566,0.0016988408,0.0008180921,0.055328786,0.0005934565,0.016354937
24.073179723502303,0.00019612374,0.0041639484,-3.9329225e-05,0.0065265303,-7.7498575e-05,0.0017711403,0.000109640074,0.0016994221,0.0008232171,0.055372097,0.0005908959,0.016305363
24.17331797235023,0.00019586101,0.0041684723,-3.9360883e-05,0.006552363,-7.7037876e-05,0.0017652964,0.00010958297,0.0016999798,0.0008283088,0.055413935,0.0005882938,0.016257413
24.273456221198156,0.00019559807,0.004173052,-3.9391765e-05,0.0065781884,-7.657968e-05,0.0017594735,0.00010952424,0.0017005168,0.0008333556,0.0554543,0.00058565015,0.016211139
24.373594470046083,0.00019533471,0.0041776933,-3.942097e-05,0.006603994,-7.612384e-05,0.0017536689,0.00010946361,0.0017010334,0.0008383672,0.055493206,0.00058296655,0.016166497
24.47373271889401,0.00019506915,0.0041823904,-3.9449234e-05,0.0066297892,-7.567025e-05,0.0017478848,0.00010940131,0.0017015274,0.00084334,0.055530705,0.00058024493,0.016123535
24.573870967741936,0.00019480527,0.004187146,-3.947554e-05,0.0066555617,-7.5219e-05,0.0017421193,0.00010933746,0.0017020014,0.0008482696,0.05556683,0.0005774826,0.016082192
24.674009216589862,0.00019454102,0.004191958,-3.950047e-05,0.006681326,-7.4770294e-05,0.0017363718,0.0001092719,0.0017024564,0.00085316,0.055601537,0.00057468336,0.016042493
24.77414746543779,0.00019427574,0.0041968324,-3.9524406e-05,0.0067070634,-7.4323616e-05,0.0017306426,0.000109204826,0.0017028892,0.0008580076,0.055634886,0.0005718443,0.01600447
24.874285714285715,0.0001940104,0.0042017614,-3.954706e-05,0.006732797,-7.387955e-05,0.0017249329,0.000109136236,0.0017033026,0.00086281775,0.055666894,0.0005689701,0.015968096
24.974423963133642,0.00019374571,0.0042067496,-3.956801e-05,0.006758506,-7.343761e-05,0.0017192436,0.00010906602,0.001703697,0.00086758286,0.055697493,0.0005660597,0.015933346
25.074562211981565,0.00019347946,0.0042117992,-3.9587736e-05,0.00678421,-7.299806e-05,0.0017135715,0.000108994405,0.0017040697,0.0008723068,0.05572675,0.00056311407,0.015900232
25.17470046082949,0.00019321342,0.004216908,-3.9606053e-05,0.006809889,-7.2560855e-05,0.0017079196,0.00010892139,0.0017044267,0.00087699515,0.05575473,0.0005601342,0.015868776
25.274838709677418,0.00019294713,0.004222076,-3.9623385e-05,0.0068355496,-7.2125884e-05,0.0017022849,0.00010884664,0.0017047613,0.0008816417,0.05578143,0.00055712095,0.015838929
25.374976958525345,0.00019268089,0.0042273034,-3.9639024e-05,0.006861203,-7.169325e-05,0.0016966708,0.00010877065,0.0017050796,0.000886241,0.055806804,0.0005540724,0.015810724
25.47511520737327,0.00019241397,0.0042325924,-3.965376e-05,0.0068868296,-7.1262926e-05,0.0016910746,0.00010869294,0.0017053776,0.000890804,0.05583095,0.00055099226,0.01578412
25.575253456221198,0.00019214611,0.004237945,-3.9666647e-05,0.0069124466,-7.0834816e-05,0.0016854963,0.00010861416,0.0017056573,0.0008953231,0.05585382,0.00054787885,0.01575912
25.675391705069124,0.00019187944,0.0042433557,-3.9678485e-05,0.006938047,-7.0409056e-05,0.0016799357,0.00010853382,0.0017059192,0.0008997985,0.055875406,0.0005447336,0.015735732
25.77552995391705,0.00019161105,0.0042488314,-3.9688697e-05,0.006963633,-6.998554e-05,0.0016743966,0.00010845228,0.0017061635,0.00090423535,0.055895746,0.0005415579,0.015713947
25.875668202764977,0.00019134427,0.0042543663,-3.9697832e-05,0.0069891913,-6.9564296e-05,0.0016688732,0.00010836929,0.00170639,0.00090862816,0.05591496,0.0005383533,0.015693745
25.975806451612904,0.00019107558,0.0042599677,-3.9705654e-05,0.007014757,-6.914522e-05,0.0016633719,0.00010828507,0.0017065979,0.0009129794,0.05593286,0.0005351201,0.015675094
26.07594470046083,0.0001908075,0.004265626,-3.971181e-05,0.0070402883,-6.872849e-05,0.0016578849,0.00010819965,0.0017067882,0.00091728737,0.055949625,0.0005318565,0.015658025
26.176082949308757,0.0001905391,0.004271349,-3.9717008e-05,0.007065803,-6.831396e-05,0.0016524163,0.00010811301,0.001706963,0.0009215556,0.0559652,0.00052856305,0.01564252
26.276221198156684,0.00019026987,0.0042771357,-3.972027e-05,0.007091305,-6.790169e-05,0.0016469671,0.000108024935,0.0017071213,0.00092578324,0.055979572,0.0005252442,0.015628533
26.376359447004607,0.00019000265,0.004282985,-3.9722956e-05,0.007116784,-6.749165e-05,0.001641538,0.00010793577,0.0017072621,0.00092996407,0.055992886,0.0005218972,0.015616064
26.476497695852533,0.00018973267,0.0042888974,-3.9723673e-05,0.007142258,-6.70838e-05,0.0016361255,0.00010784525,0.0017073858,0.00093410444,0.056004982,0.00051852345,0.015605138
26.57663594470046,0.00018946377,0.004294878,-3.972325e-05,0.00716771,-6.667818e-05,0.0016307308,0.00010775354,0.0017074929,0.00093820016,0.0560159,0.0005151257,0.015595706
26.676774193548386,0.00018919392,0.0043009184,-3.9721708e-05,0.007193142,-6.6274755e-05,0.0016253538,0.000107661035,0.0017075861,0.00094226084,0.056025837,0.0005117018,0.015587746
26.776912442396313,0.00018892474,0.004307028,-3.971868e-05,0.007218559,-6.5873464e-05,0.001619996,0.000107567204,0.0017076621,0.00094627414,0.056034565,0.00050825224,0.015581287
26.87705069124424,0.00018865489,0.0043131956,-3.971436e-05,0.007243959,-6.547441e-05,0.0016146551,0.00010747216,0.0017077215,0.00095024356,0.056042265,0.0005047785,0.015576258
26.977188940092166,0.0001883845,0.0043194336,-3.9708764e-05,0.0072693406,-6.507758e-05,0.0016093331,0.00010737611,0.0017077662,0.00095417537,0.05604882,0.0005012824,0.015572665
27.077327188940092,0.00018811475,0.0043257303,-3.970141e-05,0.007294712,-6.468281e-05,0.0016040289,0.00010727893,0.0017077954,0.0009580591,0.056054365,0.00049776287,0.015570541
27.17746543778802,0.00018784501,0.004332103,-3.9692964e-05,0.0073200627,-6.4290405e-05,0.0015987414,0.00010718068,0.00170781,0.0009619042,0.056058854,0.0004942221,0.015569803
27.277603686635945,0.0001875742,0.0043385327,-3.968325e-05,0.007345391,-6.389991e-05,0.001593471,0.00010708178,0.001707808,0.0009657097,0.05606235,0.00049065874,0.0155704515
27.377741935483872,0.0001873034,0.004345037,-3.9672366e-05,0.007370707,-6.351161e-05,0.0015882198,0.000106981366,0.0017077929,0.0009694689,0.056064636,0.00048707446,0.015572488
27.4778801843318,0.00018703341,0.0043516015,-3.9659724e-05,0.0073960046,-6.31256e-05,0.0015829861,0.0001068801,0.001707763,0.0009731868,0.05606608,0.00048346983,0.015575889
27.578018433179725,0.00018676218,0.004358237,-3.964635e-05,0.0074212872,-6.2741485e-05,0.0015777712,0.00010677792,0.0017077175,0.0009768596,0.056066465,0.00047984457,0.0155806085
27.678156682027648,0.0001864915,0.0043649375,-3.9631323e-05,0.0074465475,-6.235971e-05,0.001572572,0.00010667485,0.0017076584,0.000980494,0.05606583,0.00047619938,0.01558667
27.778294930875575,0.00018622092,0.004371705,-3.9614977e-05,0.007471796,-6.1979896e-05,0.0015673906,0.00010657083,0.001707585,0.0009840874,0.056064233,0.00047253582,0.0155940335
27.8784331797235,0.0001859502,0.004378541,-3.959736e-05,0.007497024,-6.1602215e-05,0.0015622271,0.00010646578,0.0017074978,0.0009876358,0.05606168,0.00046885276,0.015602691
27.978571428571428,0.00018567799,0.0043854425,-3.957803e-05,0.007522241,-6.122659e-05,0.0015570807,0.00010635957,0.0017073962,0.0009911453,0.056058124,0.0004651548,0.015612605
28.078709677419354,0.00018540694,0.0043924125,-3.9557603e-05,0.007547435,-6.0853177e-05,0.0015519505,0.00010625314,0.0017072812,0.00099461,0.056053683,0.0004614371,0.015623762
28.17884792626728,0.00018513616,0.004399452,-3.953607e-05,0.0075726076,-6.0481747e-05,0.0015468375,0.000106145344,0.0017071532,0.0009980367,0.05604825,0.00045770247,0.015636161
28.278986175115207,0.0001848644,0.0044065625,-3.951297e-05,0.0075977664,-6.0112376e-05,0.0015417432,0.000106036874,0.0017070113,0.001001418,0.056041937,0.00045395107,0.015649762
28.379124423963134,0.00018459363,0.0044137384,-3.9488797e-05,0.007622906,-5.9745027e-05,0.0015366661,0.00010592752,0.0017068567,0.0010047599,0.056034688,0.0004501852,0.015664544
28.47926267281106,0.00018432176,0.004420982,-3.946341e-05,0.007648023,-5.937985e-05,0.0015316048,0.00010581744,0.0017066909,0.0010080573,0.056026477,0.0004464041,0.015680505
28.579400921658987,0.00018404955,0.004428299,-3.9436414e-05,0.007673138,-5.901662e-05,0.0015265605,0.00010570647,0.0017065095,0.0010113193,0.056017414,0.000442607,0.015697608
28.679539170506914,0.00018377788,0.0044356845,-3.940817e-05,0.007698219,-5.865542e-05,0.0015215339,0.0001055946,0.0017063154,0.0010145366,0.056007463,0.00043879566,0.01571586
28.77967741935484,0.00018350613,0.004443137,-3.9378443e-05,0.0077232886,-5.8296224e-05,0.0015165248,0.00010548214,0.001706112,0.001017715,0.055996656,0.0004349714,0.015735218
28.879815668202767,0.00018323427,0.0044506625,-3.934752e-05,0.007748336,-5.7939036e-05,0.0015115316,0.000105368796,0.0017058926,0.0010208483,0.055984978,0.00043113346,0.015755644
28.97995391705069,0.00018296242,0.004458257,-3.9315582e-05,0.0077733756,-5.7583893e-05,0.0015065572,0.00010525478,0.001705662,0.0010239428,0.055972487,0.00042728163,0.015777148
29.080092165898616,0.00018269072,0.0044659204,-3.92821e-05,0.007798391,-5.723064e-05,0.0015015965,0.00010514011,0.0017054199,0.001026996,0.055959094,0.00042341914,0.015799697
29.180230414746543,0.00018241932,0.0044736564,-3.9247076e-05,0.007823389,-5.68795e-05,0.0014966528,0.000105024614,0.0017051665,0.0010300102,0.055944894,0.00041954455,0.015823277
29.28036866359447,0.00018214686,0.0044814576,-3.921105e-05,0.007848366,-5.6530298e-05,0.0014917278,0.00010490847,0.0017048992,0.0010329805,0.055929843,0.00041565616,0.015847858
29.380506912442396,0.00018187461,0.004489338,-3.917331e-05,0.00787333,-5.6182966e-05,0.0014868177,0.00010479168,0.0017046202,0.0010359115,0.055914067,0.00041175986,0.015873441
29.480645161290322,0.00018160253,0.004497285,-3.9134964e-05,0.007898267,-5.5837645e-05,0.0014819242,0.00010467428,0.0017043303,0.0010388047,0.055897407,0.00040785043,0.015899982
29.58078341013825,0.0001813305,0.0045053023,-3.909482e-05,0.0079232,-5.5494198e-05,0.0014770464,0.00010455618,0.0017040301,0.0010416585,0.055879954,0.00040393134,0.015927458
29.680921658986176,0.00018105752,0.0045133983,-3.9053306e-05,0.007948099,-5.5152854e-05,0.0014721872,0.00010443734,0.0017037179,0.0010444656,0.05586177,0.00040000383,0.01595588
29.781059907834102,0.00018078604,0.0045215636,-3.9010603e-05,0.0079729855,-5.4813332e-05,0.0014673431,0.00010431786,0.0017033956,0.0010472377,0.055842783,0.00039606588,0.01598519
29.88119815668203,0.00018051424,0.0045297923,-3.896704e-05,0.007997854,-5.4475786e-05,0.001462516,0.0001041979,0.0017030615,0.0010499732,0.055823065,0.0003921182,0.01601538
29.981336405529955,0.00018024085,0.0045381025,-3.892179e-05,0.008022707,-5.414005e-05,0.001457704,0.00010407748,0.0017027158,0.0010526665,0.05580246,0.0003881636,0.01604646
30.08147465437788,0.00017997023,0.004546484,-3.8874794e-05,0.008047538,-5.380622e-05,0.0014529095,0.00010395627,0.0017023588,0.0010553187,0.05578125,0.0003842008,0.016078357
30.181612903225805,0.00017969825,0.0045549353,-3.8827257e-05,0.00807235,-5.3474327e-05,0.00144813,0.000103834354,0.0017019938,0.0010579306,0.055759292,0.00038022987,0.016111093
30.28175115207373,0.00017942568,0.0045634597,-3.8778107e-05,0.008097143,-5.3144282e-05,0.0014433655,0.00010371219,0.0017016168,0.0010605106,0.05573656,0.0003762529,0.016144637
30.381889400921658,0.00017915409,0.004572058,-3.87278e-05,0.008121921,-5.2816093e-05,0.0014386196,0.000103589475,0.0017012298,0.001063047,0.055713136,0.00037226744,0.01617896
30.482027649769584,0.00017888263,0.004580728,-3.867628e-05,0.00814668,-5.2489737e-05,0.0014338878,0.000103466125,0.0017008317,0.0010655436,0.055689022,0.00036827684,0.016214058
30.58216589861751,0.00017861028,0.0045894706,-3.8623442e-05,0.008171419,-5.2165276e-05,0.0014291714,0.00010334224,0.0017004254,0.0010680076,0.055664152,0.0003642804,0.01624989
30.682304147465437,0.00017833798,0.004598294,-3.8569266e-05,0.008196133,-5.1842653e-05,0.0014244721,0.00010321775,0.0017000075,0.0010704277,0.05563867,0.00036027835,0.016286476
30.782442396313364,0.0001780668,0.0046071857,-3.8513394e-05,0.008220831,-5.1521907e-05,0.0014197871,0.000103093065,0.0016995801,0.0010728104,0.055612445,0.00035627038,0.01632373
30.88258064516129,0.00017779469,0.004616146,-3.8456474e-05,0.008245515,-5.120292e-05,0.0014151206,0.0001029676,0.0016991436,0.0010751542,0.055585552,0.0003522567,0.016361699
30.982718894009217,0.00017752286,0.004625186,-3.839833e-05,0.008270174,-5.0885727e-05,0.0014104679,0.00010284199,0.0016986965,0.001077462,0.055557996,0.00034823918,0.016400335
31.082857142857144,0.00017725212,0.0046342975,-3.833933e-05,0.00829482,-5.0570336e-05,0.0014058296,0.000102715654,0.0016982403,0.0010797308,0.055529762,0.00034421784,0.016439632
31.18299539170507,0.00017697988,0.0046434887,-3.8278704e-05,0.008319441,-5.025679e-05,0.0014012087,0.000102588885,0.0016977759,0.0010819618,0.05550094,0.00034019255,0.016479544
31.283133640552997,0.00017670816,0.00465275,-3.8216316e-05,0.008344048,-4.9945003e-05,0.0013966018,0.00010246185,0.001697301,0.0010841636,0.05547142,0.000336164,0.016520087
31.383271889400923,0.00017643704,0.0046620886,-3.8153168e-05,0.008368626,-4.9634968e-05,0.0013920118,0.00010233417,0.0016968165,0.0010863135,0.055441324,0.00033213256,0.016561238
31.483410138248846,0.00017616538,0.0046715,-3.8088827e-05,0.008393195,-4.932672e-05,0.0013874368,0.00010220619,0.001696324,0.0010884387,0.055410523,0.00032809813,0.016602946
31.583548387096773,0.00017589462,0.004680984,-3.802291e-05,0.008417746,-4.902017e-05,0.0013828758,0.00010207798,0.0016958223,0.0010905239,0.055379197,0.0003240611,0.016645234
31.6836866359447,0.00017562376,0.0046905437,-3.795587e-05,0.0084422715,-4.8715418e-05,0.0013783333,0.00010194918,0.0016953106,0.0010925735,0.055347204,0.00032002316,0.016688054
31.783824884792626,0.00017535138,0.0047001815,-3.7887858e-05,0.008466776,-4.841236e-05,0.0013738031,0.000101820144,0.0016947911,0.0010945889,0.055314574,0.0003159821,0.016731434
31.883963133640552,0.00017508093,0.0047098934,-3.781809e-05,0.008491262,-4.811105e-05,0.001369287,0.0001016906,0.0016942609,0.0010965636,0.055281427,0.00031193966,0.016775306
31.98410138248848,0.00017481021,0.00471968,-3.7747697e-05,0.0085157305,-4.781146e-05,0.001364789,0.00010156082,0.0016937259,0.001098507,0.0552477,0.0003078965,0.016819676
32.08423963133641,0.00017453812,0.0047295443,-3.76754e-05,0.008540179,-4.751358e-05,0.0013603054,0.00010143062,0.0016931811,0.0011004088,0.055213373,0.00030385234,0.016864521
32.18437788018433,0.0001742673,0.0047394857,-3.7602098e-05,0.008564607,-4.7217338e-05,0.0013558351,0.000101300044,0.0016926272,0.0011022787,0.055178493,0.0002998077,0.016909841
32.284516129032255,0.0001739971,0.0047494993,-3.7527432e-05,0.008589018,-4.6922883e-05,0.0013513819,0.00010116926,0.0016920649,0.0011041166,0.055143025,0.00029576296,0.016955612
32.38465437788018,0.00017372688,0.0047595813,-3.7451686e-05,0.008613401,-4.663001e-05,0.0013469425,0.00010103806,0.0016914959,0.0011059139,0.055106957,0.0002917194,0.01700181
32.48479262672811,0.00017345663,0.004769748,-3.7375143e-05,0.008637768,-4.6338904e-05,0.0013425174,0.00010090667,0.0016909181,0.0011076813,0.05507041,0.00028767565,0.017048424
32.584930875576035,0.00017318688,0.004779991,-3.7296508e-05,0.008662122,-4.6049387e-05,0.0013381066,0.000100774945,0.0016903327,0.001109413,0.055033315,0.00028363115,0.01709546
32.68506912442396,0.00017291564,0.0047903117,-3.721689e-05,0.008686455,-4.576148e-05,0.0013337124,0.00010064288,0.0016897374,0.0011111073,0.054995697,0.00027959008,0.01714287
32.78520737327189,0.00017264603,0.004800703,-3.713584e-05,0.008710759,-4.5475303e-05,0.0013293308,0.0001005105,0.0016891368,0.0011127723,0.054957505,0.00027554948,0.017190652
32.885345622119814,0.00017237537,0.0048111766,-3.705379e-05,0.008735049,-4.519068e-05,0.0013249655,0.000100378275,0.0016885289,0.0011143982,0.05491879,0.0002715094,0.017238796
32.98548387096774,0.00017210704,0.004821721,-3.697072e-05,0.008759313,-4.490776e-05,0.0013206132,0.00010024514,0.0016879115,0.0011159994,0.054879647,0.0002674725,0.017287286
33.08562211981567,0.00017183751,0.0048323465,-3.688622e-05,0.008783568,-4.4626395e-05,0.0013162765,0.00010011206,0.0016872877,0.0011175523,0.05483994,0.00026343754,0.017336098
33.185760368663594,0.0001715679,0.004843046,-3.6800393e-05,0.008807793,-4.4346627e-05,0.0013119538,9.9978715e-05,0.0016866555,0.0011190841,0.054799724,0.0002594044,0.01738525
33.28589861751152,0.00017129898,0.0048538214,-3.671348e-05,0.008832,-4.406853e-05,0.0013076453,9.984517e-05,0.0016860181,0.0011205778,0.05475905,0.00025537485,0.017434698
33.38603686635945,0.00017102972,0.004864681,-3.662499e-05,0.0088561885,-4.379196e-05,0.0013033507,9.971134e-05,0.0016853709,0.0011220413,0.054717842,0.00025134574,0.017484428
33.486175115207374,0.00017076061,0.0048756083,-3.6535705e-05,0.008880358,-4.351692e-05,0.0012990719,9.957742e-05,0.0016847171,0.0011234706,0.054676205,0.0002473217,0.017534446
33.5863133640553,0.00017049084,0.004886619,-3.6444893e-05,0.008904503,-4.3243483e-05,0.001294806,9.9443256e-05,0.0016840593,0.0011248664,0.054634087,0.00024330155,0.017584745
33.68645161290323,0.00017022403,0.0048977043,-3.6352838e-05,0.00892863,-4.297162e-05,0.0012905541,9.930867e-05,0.001683391,0.0011262335,0.05459152,0.0002392839,0.017635277
33.78658986175115,0.00016995415,0.004908864,-3.6259866e-05,0.0089527285,-4.270133e-05,0.0012863183,9.917421e-05,0.0016827183,0.0011275697,0.054548435,0.00023527058,0.017686062
33.88672811059908,0.00016968658,0.0049201054,-3.616567e-05,0.008976818,-4.2432588e-05,0.0012820943,9.9039535e-05,0.0016820384,0.0011288685,0.054504886,0.00023126157,0.017737063
33.986866359447006,0.00016941903,0.004931427,-3.6070018e-05,0.009000891,-4.2165288e-05,0.0012778844,9.890443e-05,0.0016813518,0.0011301395,0.054460984,0.00022725674,0.017788315
34.08700460829493,0.00016915117,0.004942818,-3.5972895e-05,0.009024921,-4.189956e-05,0.0012736905,9.876924e-05,0.0016806576,0.0011313779,0.05441658,0.00022325644,0.017839734
34.18714285714286,0.00016888249,0.00495429,-3.5874516e-05,0.009048943,-4.1635314e-05,0.0012695083,9.8634184e-05,0.0016799578,0.0011325901,0.05437177,0.00021926107,0.017891372
34.287281105990786,0.00016861533,0.0049658436,-3.5775472e-05,0.009072947,-4.1372623e-05,0.0012653405,9.849867e-05,0.0016792509,0.0011337645,0.054326538,0.00021527037,0.017943207
34.38741935483871,0.00016834923,0.0049774665,-3.5674933e-05,0.009096924,-4.111143e-05,0.0012611874,9.836318e-05,0.0016785389,0.0011349111,0.054280832,0.00021128543,0.017995186
34.48755760368664,0.00016808177,0.00498917,-3.5573295e-05,0.009120888,-4.0851653e-05,0.0012570465,9.822748e-05,0.0016778184,0.0011360307,0.054234743,0.00020730587,0.018047363
34.587695852534566,0.00016781432,0.005000955,-3.5470784e-05,0.009144825,-4.0593448e-05,0.001252921,9.809151e-05,0.0016770929,0.0011371138,0.05418821,0.00020333209,0.018099682
34.687834101382485,0.00016754755,0.0050128163,-3.5366058e-05,0.009168746,-4.0336654e-05,0.0012488089,9.7955635e-05,0.0016763597,0.0011381742,0.054141376,0.00019936472,0.01815213
34.78797235023041,0.0001672829,0.0050247526,-3.5261353e-05,0.009192645,-4.008129e-05,0.0012447083,9.781946e-05,0.0016756244,0.0011391933,0.05409403,0.0001954016,0.01820472
34.88811059907834,0.00016701623,0.0050367685,-3.5154284e-05,0.009216503,-3.9827402e-05,0.0012406234,9.768315e-05,0.0016748811,0.0011401953,0.054046333,0.00019144581,0.01825744
34.988248847926265,0.00016674912,0.0050488645,-3.5047e-05,0.009240368,-3.957499e-05,0.0012365512,9.754684e-05,0.0016741322,0.0011411646,0.053998213,0.00018749567,0.018310267
35.08838709677419,0.00016648442,0.0050610374,-3.493781e-05,0.009264199,-3.932396e-05,0.001232492,9.741063e-05,0.0016733767,0.0011421025,0.053949784,0.0001835545,0.018363198
35.18852534562212,0.00016621848,0.0050732917,-3.482805e-05,0.009288006,-3.9074424e-05,0.0012284479,9.7274155e-05,0.0016726127,0.0011430127,0.05390096,0.00017961876,0.018416228
35.288663594470044,0.00016595356,0.0050856196,-3.4717003e-05,0.009311793,-3.882623e-05,0.0012244153,9.713746e-05,0.0016718482,0.0011438966,0.05385169,0.0001756894,0.018469354
35.38880184331797,0.0001656889,0.00509802,-3.460402e-05,0.009335563,-3.8579525e-05,0.001220397,9.700084e-05,0.0016710763,0.0011447503,0.05380211,0.00017176726,0.018522557
35.4889400921659,0.0001654235,0.00511051,-3.4490473e-05,0.009359315,-3.833417e-05,0.0012163911,9.686426e-05,0.0016702972,0.0011455726,0.053752143,0.00016785364,0.018575836
35.589078341013824,0.00016515974,0.005123066,-3.4375662e-05,0.009383035,-3.8090242e-05,0.0012123992,9.672739e-05,0.0016695139,0.0011463708,0.053701874,0.00016394688,0.018629162
35.68921658986175,0.00016489434,0.005135713,-3.4259334e-05,0.009406742,-3.784762e-05,0.0012084205,9.659043e-05,0.0016687254,0.0011471435,0.053651202,0.00016004819,0.018682549
35.78935483870968,0.00016463123,0.005148429,-3.4141944e-05,0.0094304215,-3.7606434e-05,0.001204453,9.645355e-05,0.0016679319,0.0011478818,0.053600244,0.00015615654,0.018735992
35.889493087557604,0.00016436644,0.005161232,-3.402377e-05,0.009454074,-3.7366615e-05,0.0012005005,9.6316704e-05,0.0016671323,0.0011485992,0.053548902,0.00015227392,0.018789465
35.98963133640553,0.00016410301,0.005174102,-3.3904726e-05,0.009477715,-3.7128124e-05,0.0011965607,9.6179676e-05,0.0016663277,0.0011492916,0.05349727,0.00014839925,0.018842977
36.08976958525346,0.00016384092,0.0051870593,-3.3783337e-05,0.009501328,-3.6890982e-05,0.0011926335,9.604277e-05,0.0016655189,0.0011499485,0.053445224,0.00014453307,0.018896496
36.18990783410138,0.00016357742,0.00520009,-3.3661196e-05,0.009524918,-3.66552e-05,0.0011887188,9.590562e-05,0.0016647038,0.0011505857,0.0533929,0.00014067492,0.018950056
36.29004608294931,0.00016331606,0.005213201,-3.3538512e-05,0.009548491,-3.642072e-05,0.0011848175,9.576862e-05,0.0016638843,0.0011511969,0.05334028,0.00013682534,0.019003587
36.390184331797236,0.0001630521,0.0052263923,-3.3413857e-05,0.009572043,-3.6187586e-05,0.0011809281,9.563149e-05,0.0016630584,0.0011517768,0.053287327,0.00013298502,0.019057158
36.49032258064516,0.00016279,0.0052396585,-3.3287917e-05,0.009595568,-3.5955778e-05,0.0011770529,9.549438e-05,0.0016622291,0.0011523335,0.053234052,0.00012915373,0.019110696
36.59046082949309,0.00016252867,0.005253,-3.3161614e-05,0.00961908,-3.572528e-05,0.0011731884,9.535724e-05,0.0016613945,0.0011528612,0.05318047,0.00012533067,0.019164242
36.690599078341016,0.00016226739,0.005266429,-3.303377e-05,0.009642566,-3.5496083e-05,0.0011693381,9.5220115e-05,0.0016605561,0.0011533692,0.053126592,0.000121516845,0.019217776
36.79073732718894,0.00016200516,0.005279928,-3.2904587e-05,0.00966603,-3.5268207e-05,0.0011655001,9.508308e-05,0.0016597122,0.0011538471,0.053072434,0.00011771395,0.019271268
36.89087557603687,0.00016174509,0.005293508,-3.277414e-05,0.0096894605,-3.504154e-05,0.0011616751,9.4945965e-05,0.0016588625,0.0011543054,0.05301796,0.00011391896,0.019324744
36.991013824884796,0.00016148404,0.0053071645,-3.264309e-05,0.009712876,-3.481621e-05,0.0011578614,9.480872e-05,0.00165801,0.001154737,0.05296322,0.0001101353,0.019378187
37.09115207373272,0.00016122263,0.0053209034,-3.2510667e-05,0.00973627,-3.4592074e-05,0.0011540609,9.4671595e-05,0.0016571532,0.0011551416,0.05290821,0.00010635982,0.019431582
37.19129032258065,0.00016096418,0.0053347205,-3.237682e-05,0.009759637,-3.43693e-05,0.0011502733,9.4534655e-05,0.0016562915,0.001155521,0.0528529,0.00010259483,0.019484933
37.29142857142857,0.00016070326,0.0053486093,-3.2242126e-05,0.009782983,-3.4147728e-05,0.0011464971,9.4397525e-05,0.001655424,0.0011558841,0.052797332,9.8839126e-05,0.01953823
37.391566820276495,0.00016044501,0.0053625824,-3.210643e-05,0.009806322,-3.3927383e-05,0.0011427337,9.426061e-05,0.0016545547,0.0011562132,0.05274147,9.509407e-05,0.019591477
37.49170506912442,0.00016018486,0.0053766374,-3.1969186e-05,0.00982962,-3.3708315e-05,0.0011389818,9.412372e-05,0.0016536801,0.0011565195,0.05268534,9.1359856e-05,0.019644663
37.59184331797235,0.00015992612,0.00539077,-3.183115e-05,0.009852897,-3.3490443e-05,0.0011352428,9.398653e-05,0.0016528007,0.0011568083,0.05262902,8.7635635e-05,0.019697769
37.691981566820274,0.0001596666,0.0054049655,-3.1691605e-05,0.009876156,-3.3273835e-05,0.0011315156,9.3849725e-05,0.0016519162,0.0011570716,0.052572362,8.3921215e-05,0.019750806
37.7921198156682,0.00015941027,0.0054192557,-3.1551514e-05,0.009899387,-3.3058426e-05,0.0011278014,9.371283e-05,0.0016510293,0.0011573074,0.052515466,8.0217564e-05,0.019803759
37.89225806451613,0.0001591517,0.0054336195,-3.140946e-05,0.009922609,-3.2844233e-05,0.0011240989,9.3576025e-05,0.0016501384,0.0011575286,0.0524584,7.652507e-05,0.019856637
37.992396313364054,0.00015889373,0.005448061,-3.1266143e-05,0.009945788,-3.2631164e-05,0.0011204077,9.343922e-05,0.0016492425,0.0011577205,0.05240104,7.28425e-05,0.01990942
38.09253456221198,0.0001586369,0.0054625864,-3.112245e-05,0.009968953,-3.241935e-05,0.001116729,9.3302486e-05,0.0016483427,0.0011578943,0.052343395,6.917127e-05,0.019962134
38.19267281105991,0.00015837942,0.0054771835,-3.0977433e-05,0.009992109,-3.2208733e-05,0.0011130626,9.316589e-05,0.0016474399,0.0011580413,0.052285608,6.5511544e-05,0.020014746
38.292811059907834,0.00015812356,0.0054918546,-3.083148e-05,0.010015224,-3.199928e-05,0.001109407,9.302946e-05,0.0016465317,0.0011581669,0.052227456,6.186364e-05,0.020067222
38.39294930875576,0.0001578678,0.0055066138,-3.0683852e-05,0.010038318,-3.179096e-05,0.0011057637,9.2892966e-05,0.0016456203,0.001158275,0.052169133,5.8224083e-05,0.02011964
38.49308755760369,0.00015761076,0.005521447,-3.0535106e-05,0.010061396,-3.158387e-05,0.0011021331,9.2756556e-05,0.0016447062,0.0011583564,0.052110616,5.4597378e-05,0.020171935
38.59322580645161,0.00015735575,0.0055363574,-3.0385772e-05,0.010084433,-3.1377916e-05,0.0010985134,9.2620074e-05,0.0016437864,0.0011584208,0.05205188,5.0982755e-05,0.020224111
38.69336405529954,0.00015710016,0.0055513447,-3.0234803e-05,0.010107463,-3.1173076e-05,0.0010949052,9.248394e-05,0.0016428658,0.0011584585,0.05199289,4.7378402e-05,0.020276196
38.79350230414747,0.00015684521,0.005566409,-3.0082827e-05,0.010130471,-3.0969397e-05,0.001091309,9.2347844e-05,0.001641939,0.0011584793,0.051933743,4.3786247e-05,0.020328153
38.89364055299539,0.00015659115,0.005581554,-2.9929573e-05,0.010153442,-3.076683e-05,0.0010877246,9.22117e-05,0.001641009,0.0011584804,0.0518743,4.0204883e-05,0.02037994
38.99377880184332,0.00015633661,0.00559678,-2.9776309e-05,0.010176407,-3.05654e-05,0.0010841516,9.20758e-05,0.0016400762,0.0011584595,0.051814724,3.663516e-05,0.020431653
39.093917050691246,0.00015608285,0.0056120814,-2.9620851e-05,0.010199341,-3.0365087e-05,0.0010805902,9.193983e-05,0.0016391383,0.0011584174,0.051754948,3.307738e-05,0.020483231
39.19405529953917,0.00015582916,0.0056274566,-2.9464885e-05,0.010222249,-3.0165926e-05,0.0010770407,9.18041e-05,0.0016381999,0.0011583513,0.051694907,2.9531002e-05,0.02053466
39.2941935483871,0.00015557716,0.0056429147,-2.9306899e-05,0.010245134,-2.9967821e-05,0.0010735013,9.166841e-05,0.0016372555,0.0011582704,0.05163474,2.5997817e-05,0.020585964
39.394331797235026,0.0001553239,0.005658453,-2.91484e-05,0.010267984,-2.9770843e-05,0.0010699744,9.153277e-05,0.0016363111,0.0011581675,0.05157437,2.2475282e-05,0.020637115
39.49447004608295,0.0001550718,0.0056740623,-2.8988728e-05,0.01029083,-2.9574903e-05,0.001066459,9.139741e-05,0.0016353605,0.0011580422,0.051513802,1.8966397e-05,0.020688133
39.59460829493088,0.000154819,0.0056897546,-2.8827424e-05,0.010313643,-2.9380122e-05,0.0010629552,9.126197e-05,0.0016344071,0.001157903,0.05145303,1.546655e-05,0.020739006
39.694746543778805,0.00015456758,0.005705518,-2.8666163e-05,0.010336442,-2.9186383e-05,0.0010594624,9.112669e-05,0.001633452,0.0011577442,0.051392086,1.1980335e-05,0.020789731
39.794884792626725,0.00015431675,0.0057213665,-2.8502871e-05,0.010359193,-2.8993689e-05,0.0010559792,9.099168e-05,0.0016324916,0.0011575662,0.051330965,8.507788e-06,0.02084031
39.89502304147465,0.00015406568,0.005737287,-2.8338507e-05,0.010381942,-2.8802118e-05,0.0010525095,9.08566e-05,0.0016315293,0.0011573632,0.051269725,5.0459903e-06,0.020890733
39.99516129032258,0.00015381484,0.0057532894,-2.8173725e-05,0.01040466,-2.8611588e-05,0.0010490502,9.0721674e-05,0.001630563,0.0011571486,0.051208254,1.5960137e-06,0.020940993
40.095299539170504,0.00015356533,0.0057693697,-2.8007507e-05,0.010427352,-2.8422068e-05,0.0010456012,9.058693e-05,0.0016295944,0.0011569094,0.051146664,-1.8408497e-06,0.020991083
40.19543778801843,0.00015331634,0.005785521,-2.7839875e-05,0.010450022,-2.823363e-05,0.0010421636,9.045244e-05,0.0016286231,0.0011566547,0.05108484,-5.2648384e-06,0.021041032
40.29557603686636,0.00015306592,0.005801753,-2.7671247e-05,0.01047266,-2.8046237e-05,0.001038738,9.0317786e-05,0.0016276473,0.0011563873,0.051022865,-8.67635e-06,0.021090811
40.395714285714284,0.0001528165,0.0058180657,-2.7501896e-05,0.010495284,-2.7859842e-05,0.0010353226,9.018354e-05,0.0016266699,0.0011560961,0.050960794,-1.2076477e-05,0.021140425
40.49585253456221,0.00015256794,0.00583445,-2.7331123e-05,0.010517886,-2.7674469e-05,0.0010319176,9.0049325e-05,0.0016256899,0.0011557842,0.050898563,-1.5463173e-05,0.02118989
40.59599078341014,0.00015232027,0.005850915,-2.7159533e-05,0.0105404565,-2.7490107e-05,0.0010285251,8.991532e-05,0.0016247075,0.0011554593,0.05083612,-1.883751e-05,0.021239161
40.696129032258064,0.00015207283,0.0058674584,-2.6986554e-05,0.010562998,-2.7306784e-05,0.001025143,8.9781344e-05,0.0016237212,0.0011551161,0.05077355,-2.2199054e-05,0.021288252
40.79626728110599,0.00015182549,0.0058840746,-2.6812395e-05,0.010585523,-2.7124486e-05,0.001021771,8.964761e-05,0.0016227328,0.0011547576,0.05071082,-2.5548597e-05,0.021337178
40.89640552995392,0.00015157924,0.0059007746,-2.6637585e-05,0.010608017,-2.694315e-05,0.0010184095,8.951388e-05,0.0016217418,0.0011543796,0.050648,-2.8883975e-05,0.021385942
40.99654377880184,0.00015133235,0.005917544,-2.6461323e-05,0.010630486,-2.6762804e-05,0.0010150593,8.93804e-05,0.0016207474,0.0011539845,0.050584994,-3.220711e-05,0.02143452
41.09668202764977,0.0001510857,0.0059343893,-2.62838e-05,0.010652936,-2.6583428e-05,0.0010117199,8.924719e-05,0.0016197513,0.0011535723,0.050521854,-3.5518984e-05,0.02148292
41.1968202764977,0.00015084077,0.005951319,-2.610665e-05,0.010675366,-2.6405063e-05,0.0010083908,8.911394e-05,0.0016187527,0.0011531463,0.05045857,-3.881683e-05,0.02153114
41.29695852534562,0.00015059556,0.0059683234,-2.592645e-05,0.010697765,-2.6227657e-05,0.0010050728,8.898092e-05,0.0016177503,0.0011527016,0.050395213,-4.210156e-05,0.021579184
41.39709677419355,0.00015035126,0.0059854025,-2.5746564e-05,0.010720136,-2.6051228e-05,0.0010017655,8.884801e-05,0.0016167458,0.0011522431,0.050331656,-4.537322e-05,0.021627024
41.497235023041476,0.00015010634,0.006002558,-2.5565276e-05,0.010742489,-2.587573e-05,0.0009984685,8.871531e-05,0.001615738,0.001151768,0.05026805,-4.8631966e-05,0.02167468
41.5973732718894,0.00014986272,0.0060197907,-2.538238e-05,0.0107648205,-2.5701229e-05,0.0009951819,8.8582914e-05,0.0016147298,0.0011512754,0.050204232,-5.1879346e-05,0.02172216
41.69751152073733,0.00014961918,0.006037094,-2.5199255e-05,0.010787109,-2.5527674e-05,0.000991906,8.845041e-05,0.0016137187,0.0011507698,0.050140355,-5.5111526e-05,0.021769451
41.797649769585256,0.00014937548,0.006054483,-2.5014619e-05,0.010809383,-2.5355013e-05,0.0009886399,8.831817e-05,0.0016127046,0.0011502411,0.050076358,-5.8332007e-05,0.021816537
41.89778801843318,0.00014913332,0.006071947,-2.4827877e-05,0.01083163,-2.5183343e-05,0.0009853839,8.818624e-05,0.0016116879,0.0011497034,0.050012216,-6.1538674e-05,0.02186345
41.99792626728111,0.00014889138,0.0060894834,-2.4641633e-05,0.010853851,-2.5012572e-05,0.0009821384,8.805438e-05,0.0016106694,0.001149151,0.049947966,-6.4732e-05,0.02191017
42.098064516129035,0.00014864918,0.006107101,-2.4453864e-05,0.010876052,-2.4842737e-05,0.0009789049,8.7922635e-05,0.0016096488,0.0011485801,0.04988358,-6.791373e-05,0.021956664
42.19820276497696,0.00014840778,0.0061247903,-2.4265011e-05,0.0108982185,-2.4673787e-05,0.00097567996,8.779111e-05,0.0016086255,0.0011479988,0.049819164,-7.108086e-05,0.022002982
42.29834101382489,0.00014816655,0.006142556,-2.4075309e-05,0.010920374,-2.4505796e-05,0.00097246555,8.7659755e-05,0.0016075998,0.0011474008,0.04975461,-7.423538e-05,0.0220491
42.39847926267281,0.00014792601,0.0061604013,-2.3883978e-05,0.010942506,-2.4338715e-05,0.00096926215,8.7528766e-05,0.0016065725,0.0011467859,0.049689952,-7.7376506e-05,0.02209505
42.498617511520735,0.00014768585,0.0061783176,-2.3692062e-05,0.010964586,-2.4172507e-05,0.00096606906,8.7397864e-05,0.0016055442,0.0011461615,0.049625147,-8.050591e-05,0.022140767
42.59875576036866,0.00014744597,0.0061963163,-2.3498804e-05,0.010986658,-2.4007197e-05,0.0009628847,8.726701e-05,0.0016045127,0.0011455223,0.049560327,-8.36196e-05,0.022186304
42.69889400921659,0.0001472057,0.006214384,-2.3304721e-05,0.011008707,-2.3842764e-05,0.000959712,8.7136315e-05,0.0016034789,0.0011448653,0.049495373,-8.672293e-05,0.022231618
42.799032258064514,0.00014696862,0.006232535,-2.3109167e-05,0.011030725,-2.3679255e-05,0.0009565484,8.700596e-05,0.001602443,0.0011441977,0.04943031,-8.980992e-05,0.022276757
42.89917050691244,0.00014672994,0.006250753,-2.2913138e-05,0.011052721,-2.351658e-05,0.00095339556,8.6875785e-05,0.0016014046,0.0011435132,0.04936515,-9.2885355e-05,0.022321664
42.99930875576037,0.00014649286,0.006269045,-2.2715847e-05,0.0110746985,-2.3354774e-05,0.00095025124,8.6745706e-05,0.0016003654,0.0011428191,0.049299926,-9.594989e-05,0.022366386
43.099447004608294,0.00014625392,0.0062874225,-2.2517394e-05,0.011096636,-2.3193861e-05,0.0009471179,8.661591e-05,0.0015993232,0.0011421085,0.04923462,-9.899739e-05,0.022410892
43.19958525345622,0.00014601802,0.0063058664,-2.2318025e-05,0.011118548,-2.3033808e-05,0.0009439941,8.648621e-05,0.0015982796,0.0011413887,0.049169257,-0.00010203353,0.022455215
43.29972350230415,0.00014578161,0.006324392,-2.2117754e-05,0.011140435,-2.2874616e-05,0.0009408808,8.635667e-05,0.0015972335,0.0011406502,0.049103796,-0.00010505599,0.022499312
43.39986175115207,0.00014554574,0.0063429927,-2.1915932e-05,0.011162299,-2.2716256e-05,0.00093777553,8.6227585e-05,0.0015961868,0.001139904,0.049038194,-0.000108065105,0.0225432
43.5,0.00014531035,0.006361664,-2.1713724e-05,0.011184141,-2.2558748e-05,0.0009346824,8.6098444e-05,0.0015951378,0.0011391426,0.048972573,-0.000111061134,0.022586891
