freq_GHz,Rbv,Cbv,Rdv,Cdv,Rav
0.04,0.001597519455172005,0.0008389774130046134,0.004537874530360569,0.0011307544822193448,0.015447932067327202
0.14013824884792628,0.0015972048136609373,0.0008378815142350504,0.004537490229704417,0.0011305557001833222,0.015447083361796104
0.24027649769585255,0.001596559156459989,0.000835727163212141,0.004536806267569773,0.0011301642352918861,0.015445614787167869
0.3404147465437788,0.0015955593203398166,0.000832597345506656,0.004535737767728278,0.0011295842372783227,0.015443617202108725
0.44055299539170506,0.0015941751516220393,0.0008289463420805987,0.004534157632588176,0.0011289436400329577,0.015440717188757844
0.5406912442396314,0.0015924163001909619,0.0008254223236144753,0.00453217076996225,0.0011284170492945123,0.015436971388407984
0.6408294930875577,0.001590220399448299,0.0008235119979508454,0.004529764827166219,0.0011281948439136613,0.015432846267940477
0.7409677419354839,0.001587655196635751,0.0008264186201267876,0.004526835503493203,0.0011283545136029716,0.015427814436261542
0.8411059907834102,0.001584740497855819,0.0008321823499136371,0.004523244414158399,0.0011289300650605583,0.015422746434924193
0.9412442396313365,0.0015814772811427247,0.0008408431812131312,0.004519307167356601,0.0011298677356899134,0.015418169175391086
1.0413824884792628,0.0015779427164670779,0.0008520731424505357,0.004514990704337834,0.0011313953749413485,0.015412945442367345
1.141520737327189,0.0015739021860645152,0.0008654541833675466,0.004510161881626118,0.0011333330093111727,0.015407344992854632
1.2416589861751153,0.0015695332626637537,0.0008815984995453618,0.004504787579644471,0.0011356761453862419,0.015401154381106608
1.3417972350230416,0.001565019572226447,0.0008996404156641802,0.0044995091437886004,0.0011385747840540717,0.015394915015785954
1.4419354838709677,0.0015602508724987274,0.0009190884255076525,0.004493723807536298,0.0011419550949722179,0.01538738605857361
1.542073732718894,0.0015553076094511197,0.0009397302859724732,0.004487774607841857,0.0011458429305275786,0.01538022817170713
1.6422119815668204,0.0015500305585737805,0.0009612835992447799,0.004481547574832803,0.001150133565570286,0.015372886438271963
1.7423502304147467,0.0015451049755938584,0.0009838354856037768,0.00447579015934025,0.0011550072986938175,0.015368047042866238
1.842488479262673,0.0015401594583818222,0.0010071290851192316,0.00446954256054596,0.0011600737191110966,0.015363396107568405
1.942626728110599,0.0015351774389273487,0.0010304966631520074,0.004463461636769353,0.0011653225471673068,0.015357793791336007
2.0427649769585257,0.0015303499359288252,0.0010536907432833686,0.0044578520214417945,0.0011708187813565018,0.015353040549089201
2.1429032258064518,0.0015259630676155212,0.0010764206498424756,0.004451843867427669,0.0011764106778718996,0.015347803076729179
2.243041474654378,0.0015216622705338523,0.0010982173254160442,0.004445137244620128,0.0011818202705035218,0.015342227736255154
2.3431797235023044,0.001517785790420021,0.0011189506373921177,0.004437405823991867,0.00118693471304141,0.015335779519518837
2.4433179723502305,0.0015140805812552571,0.0011384451585036003,0.004428714728855993,0.0011917366231500638,0.015329015625175088
2.5434562211981566,0.0015110164853103924,0.0011562638732721098,0.004419024172821082,0.001196044900934794,0.015322316811070777
2.643594470046083,0.0015087947512802203,0.001172427936180611,0.004408643876668066,0.0011998984571255278,0.015315142794861458
2.7437327188940093,0.0015064841967978282,0.001186857570792199,0.004397595576883759,0.001203280271802214,0.015306851298664697
2.8438709677419354,0.0015042613173136487,0.0011994889447669267,0.004386752215359593,0.0012061390253802528,0.015297909400542266
2.944009216589862,0.001501984904607525,0.001210180897905957,0.004376222100254381,0.0012083300692756892,0.015288244329276494
3.044147465437788,0.0014996891101327493,0.001219347041915171,0.004365173407568364,0.0012099891638354164,0.015277943721157499
3.1442857142857146,0.0014973001470934832,0.0012269972680223873,0.004354006530484185,0.001211175739299506,0.015267295499215834
3.2444239631336407,0.0014945661318051862,0.0012330133622162976,0.004342263562284643,0.001211782280151965,0.015255213443306275
3.344562211981567,0.0014915557406493462,0.0012380209789989748,0.004330384739441797,0.0012119635503040627,0.015242257396457716
3.4447004608294933,0.0014888233452802523,0.001241671802417841,0.004318106262217043,0.0012116356380283834,0.015228443932719528
3.5448387096774194,0.0014859258294018219,0.001243964463865268,0.004305409439693903,0.0012107886315789074,0.01521362560277339
3.644976958525346,0.0014826695330702932,0.0012450165705377002,0.004292394491640153,0.001209456008655252,0.015197833976126276
3.745115207373272,0.0014791352838801686,0.0012452175552607513,0.004279356432089116,0.0012078888689575251,0.015181833804235793
3.845253456221198,0.0014753299577569122,0.0012444303359370678,0.004265967747487593,0.0012059088129171868,0.015164815485477448
3.9453917050691247,0.0014712763510033255,0.00124276269110851,0.004252253458689665,0.001203555801839684,0.015147058176225983
4.045529953917051,0.001466820292043849,0.0012404190268716774,0.004238310008076951,0.001200862333716941,0.015128729673451745
4.145668202764977,0.001461970581076457,0.001237571250021574,0.00422437218381674,0.001197828207659768,0.015110237619373947
4.2458064516129035,0.0014567260525655001,0.0012340375615167432,0.004210344715247629,0.0011944930442405167,0.015091249466058798
4.34594470046083,0.0014511054939794121,0.0012299013372830813,0.0041961687555885875,0.0011909008976363111,0.015071582953678444
4.446082949308756,0.001445214882842265,0.0012254070509516168,0.004182241219532443,0.001187170544435503,0.015051719848415815
4.546221198156682,0.00143906913108367,0.0012206132482970133,0.004168061652017059,0.0011832242611126275,0.015031445683562197
4.646359447004609,0.0014326993749273242,0.0012157696197391487,0.004153900345409056,0.0011791103502764599,0.015010335475672036
4.7464976958525344,0.0014260858028865187,0.0012106223960290663,0.0041398092664894645,0.00117479880056635,0.014989585560397246
4.846635944700461,0.001419228391823708,0.0012051804556540446,0.004125701199664036,0.0011702927525766426,0.014967884961515665
4.9467741935483875,0.001412151052209083,0.0011993590401834808,0.004111460128042381,0.0011655940305354306,0.014945654192124493
5.046912442396313,0.0014048822921904503,0.001193233097146731,0.004097630362957716,0.0011608203531068284,0.01492372688895557
5.14705069124424,0.0013973827918380265,0.0011867844049265842,0.004083945182792377,0.0011558888016588752,0.01490108754776884
5.247188940092166,0.0013896789589489345,0.0011800822397344745,0.004070303103653714,0.0011508250773476902,0.014878172525786795
5.347327188940092,0.0013817811427725246,0.0011731667819549329,0.0040567615302279595,0.0011456130213628058,0.01485487884201575
5.4474654377880185,0.0013737194347777403,0.0011660206757369452,0.0040432567603420465,0.0011402877747605088,0.014831400024704636
5.547603686635945,0.001365519860482891,0.001158643352391664,0.0040297928369545846,0.0011348437067499617,0.014807317207450979
5.647741935483871,0.0013571640373265836,0.0011510554193228017,0.004016785886924481,0.0011292655488796299,0.014785683305235579
5.747880184331797,0.0013486805019056192,0.0011432686097396071,0.004003876439528539,0.0011235824473988033,0.014763863019179552
5.848018433179724,0.0013400869503675495,0.0011353272158157778,0.003991251681582071,0.0011178242780442815,0.014741858640336431
5.94815668202765,0.0013313783342891838,0.0011272213806660146,0.003979008223832352,0.0011119490328565006,0.014719778900616803
6.048294930875576,0.0013225711217091886,0.0011189437885332154,0.003966685525520006,0.0011059730570559623,0.014696968558127991
6.148433179723503,0.0013136643738107523,0.0011105552376102423,0.003954331238928716,0.0010999151031137445,0.01467409436358139
6.248571428571429,0.0013046202553232433,0.0011020295233174692,0.003942101073917002,0.001093761679221643,0.014651019258890301
6.348709677419355,0.0012955853198945988,0.0010934370450559072,0.003930101582081989,0.0010875061083061154,0.014628233785624617
6.448847926267281,0.0012864778044604465,0.0010847822443611221,0.003918489206553204,0.0010811763159290421,0.014605379858985544
6.548986175115208,0.0012772834322822746,0.0010760414513060824,0.0039069604870746845,0.0010747865581652149,0.014582466025021858
6.6491244239631335,0.0012680206196091603,0.0010672136684297584,0.0038954661501338704,0.0010683321861870354,0.014559597330517135
6.74926267281106,0.0012588686172966845,0.0010583176597720012,0.0038840671603975353,0.0010618026545125758,0.014536871959571727
6.849400921658987,0.0012497983578214189,0.0010494871043920284,0.003872879687405657,0.001055280221553403,0.014513750818441622
6.949539170506912,0.001240754418686265,0.0010405575961340218,0.0038617016340140252,0.0010487152081623207,0.014490758739411832
7.049677419354839,0.0012317965956754051,0.001031525719081401,0.003850483757269103,0.0010420880273159128,0.01446753494150471
7.149815668202765,0.0012230367842130364,0.001022382777009625,0.003839259199157823,0.0010354107948660385,0.014443960657226853
7.249953917050692,0.0012145437343860977,0.0010131671982526313,0.0038280735081934834,0.0010287281197088305,0.014420740766217932
7.350092165898618,0.0012063523405231535,0.0010039101290749387,0.00381669902097201,0.001021983191385516,0.014396879931446165
7.450230414746544,0.0011985567191732116,0.000994583848369075,0.003805253597238334,0.0010151796972058945,0.014373140083043835
7.550368663594471,0.0011911967262858525,0.000985219000649522,0.003793643589451676,0.0010083387736813166,0.01434879990585614
7.650506912442396,0.0011842096680629766,0.0009758118588797515,0.0037820180563721806,0.0010014597873669118,0.014324743088218383
7.750645161290323,0.0011773549905774417,0.0009663314352656016,0.003770296699804021,0.0009945689736196072,0.014299930987763219
7.850783410138249,0.0011705385082314023,0.0009567769926798064,0.0037586435161938423,0.0009876205904583912,0.014275267430930398
7.950921658986175,0.0011637183432321762,0.0009471635267982492,0.0037468475992500317,0.0009806267896055943,0.014250154569162987
8.051059907834102,0.0011568652310234029,0.00093752487526217,0.0037349371566961055,0.0009735875171827501,0.014224685311783105
8.151198156682026,0.0011499899223417743,0.0009278950020234334,0.003722959821316181,0.0009665241659604362,0.014198932337458246
8.251336405529953,0.0011430481507704827,0.0009182728298765141,0.0037108137462928425,0.0009594464922702173,0.014172568444046192
8.35147465437788,0.0011361000163742573,0.000908635515224887,0.0036986414894636254,0.0009523165496284491,0.014146153000183403
8.451612903225806,0.0011291757462458917,0.0008989743413985707,0.0036864254041574897,0.0009451428658576333,0.014119724627234972
8.551751152073733,0.0011223000592144672,0.0008892859432671684,0.003674092013388872,0.0009379282693043933,0.014092918516835197
8.65188940092166,0.001115380764385918,0.0008797287928609876,0.0036616328750096725,0.0009306862877929234,0.01406575376575347
8.752027649769584,0.0011084526445483789,0.0008703011310717556,0.0036491385372937656,0.0009234033408938558,0.01403849380556494
8.85216589861751,0.001101512904424453,0.000861018285722821,0.0036365833965828643,0.0009161299714105553,0.01401118104928173
8.952304147465437,0.0010945835761958732,0.0008518107880081516,0.0036238968357793057,0.0009088794546187273,0.013983269180171192
9.052442396313364,0.0010876643657684326,0.0008426978391798912,0.003611167288618162,0.0009016140337917022,0.013955098299193195
9.15258064516129,0.0010807440589996986,0.0008336852529464522,0.0035983749691513365,0.0008943560110128601,0.013926617201068438
9.252718894009217,0.0010738584210776025,0.0008249252571113175,0.003585533068253426,0.0008870794198810472,0.013898238571709954
9.352857142857141,0.0010670155197294662,0.0008166842807258945,0.0035726454228279182,0.0008797884284649627,0.013869351194589399
9.452995391705068,0.001060262981118285,0.000808839091041591,0.00355975289887283,0.0008725671468346264,0.01384012030379381
9.553133640552995,0.0010535343283117982,0.0008014884918520693,0.0035468701896024866,0.0008654080977430567,0.013810663927579299
9.653271889400921,0.0010469336973619647,0.0007943605245964136,0.003533990948781138,0.0008582932098579476,0.01378068171790801
9.753410138248848,0.001040476993584889,0.0007875970544409938,0.0035211303808318915,0.000851193758280715,0.01375036396260839
9.853548387096774,0.001034101481345715,0.0007816493586869911,0.0035084044927498324,0.0008442193247537944,0.013720153298927472
9.9536866359447,0.0010277060321823228,0.0007770095139858313,0.003495842870179331,0.0008374526798797888,0.01368942460278049
10.053824884792625,0.0010213680568267592,0.0007736734342688579,0.0034836880835064222,0.0008308076121102204,0.013658803222351707
10.153963133640552,0.0010150206086836989,0.0007714472892257618,0.003471884166210657,0.0008245305450327578,0.013627637819736265
10.254101382488479,0.0010086915642750682,0.000770125296767219,0.003460433162836125,0.0008186177923562354,0.013596488214679993
10.354239631336405,0.0010023739258031128,0.0007689448990277015,0.0034491775717469864,0.0008131047496135579,0.01356469018093776
10.454377880184332,0.0009961033055151348,0.0007677359919034643,0.0034382179156091297,0.0008080213365974487,0.013532579937018454
10.554516129032258,0.000989800523602753,0.0007664927548466948,0.0034272168770985447,0.0008034311321171117,0.013500101522658951
10.654654377880183,0.0009835526426468276,0.000765220124158077,0.0034162130629556485,0.0007990095407512854,0.013467470575706101
10.75479262672811,0.0009774380946328165,0.0007639130762254353,0.003405171094782418,0.0007947671183865168,0.013434453149093315
10.854930875576036,0.0009713513660244644,0.0007626690889446764,0.003394023498913157,0.0007907109651205246,0.013400867516756988
10.955069124423963,0.0009653977910784306,0.000761421413408243,0.0033828652804368175,0.0007866988068781211,0.01336695913458243
11.05520737327189,0.0009595330655429279,0.0007601420218998101,0.0033717018162133174,0.0007827128460485256,0.01333278276899364
11.155345622119816,0.0009536992349603679,0.0007588723098160699,0.003360476749294321,0.000778725321906677,0.01329807420144789
11.25548387096774,0.0009480051005812129,0.000757633527246071,0.0033492417012166696,0.0007747415016274317,0.013263148100813851
11.355622119815667,0.0009424376649985788,0.0007563916707294993,0.003338034225380397,0.0007708387212551315,0.01322783724463079
11.455760368663594,0.0009369837085250765,0.0007551470399630489,0.0033267368535598507,0.0007669668714152067,0.013192013940424659
11.55589861751152,0.0009316184013005113,0.00075389575365989,0.0033153797964041586,0.0007630744090056396,0.01315588939934969
11.656036866359447,0.0009263612654467579,0.0007526882368983933,0.0033039159527834274,0.0007591480076735024,0.01311944767308887
11.756175115207373,0.0009211768679961097,0.0007514613051898777,0.0032924702427408192,0.0007552242058227421,0.013083145669079387
11.8563133640553,0.0009160454378434224,0.0007502146914339391,0.0032809656779863874,0.0007512967201182618,0.01304659100889694
11.956451612903225,0.0009109830296802102,0.0007489729645021726,0.003269396662362851,0.0007473904446669621,0.013009676420479082
12.056589861751151,0.0009060103569208878,0.0007477002162340796,0.0032577415562263924,0.0007435159322267281,0.012972170207649469
12.156728110599078,0.0009011477036983706,0.00074641285908001,0.003246039065052173,0.0007396494506247109,0.012934399078367277
12.256866359447004,0.000896296822684235,0.0007451197913906072,0.0032342648279154672,0.0007357868775579846,0.012896532520535402
12.35700460829493,0.000891594258864643,0.0007437984798889374,0.003222420383099234,0.0007319935296618497,0.012858257530606352
12.457142857142857,0.0008869462439179187,0.000742451268088189,0.0032104837922815933,0.0007282445820601425,0.012819917876040563
12.557281105990782,0.0008823084983305308,0.000741055571634206,0.003198430761694908,0.0007245221899574972,0.012781064754235558
12.657419354838709,0.0008778352080844342,0.0007396382208389695,0.0031863835408876186,0.0007208680759140406,0.012742118823807687
12.757557603686635,0.000873392967187101,0.0007381897250888869,0.003174271839816356,0.000717216678422119,0.012702915092813783
12.857695852534562,0.0008689743324066513,0.0007367087665625149,0.003162146279719309,0.0007137277830770472,0.012663686060695909
12.957834101382488,0.000864535213149793,0.0007351810656837188,0.0031498588173417374,0.0007102963627403369,0.012623598046484403
13.057972350230415,0.0008602243852510583,0.0007336199052224401,0.0031375479462440125,0.000706875458927243,0.01258363802859094
13.158110599078341,0.0008560698449946358,0.0007320282825094182,0.003125187194455066,0.0007034448755075573,0.012543325693113729
13.258248847926266,0.0008519527116368408,0.0007303845089336392,0.003112613994817366,0.0006999844550591661,0.012502083244617096
13.358387096774193,0.0008480327290453716,0.0007287332721170969,0.0031002026546048,0.0006965467070403974,0.012461373423575424
13.45852534562212,0.0008440963372413535,0.0007270428425545105,0.0030875531527999557,0.0006931201241241069,0.012419553481740876
13.558663594470046,0.0008402998428573482,0.00072534114937298,0.003074914329845342,0.0006897770681462134,0.012377819117973558
13.658801843317972,0.0008366277881577844,0.000723602014768403,0.0030622500037134157,0.0006864586037954723,0.012335672316257842
13.758940092165899,0.0008330577149172313,0.0007218248186836718,0.0030495094785146647,0.0006831585781037575,0.01229279367660638
13.859078341013824,0.0008295966307923663,0.0007200230326998281,0.0030368010859820062,0.0006798762950347737,0.012249894189299084
13.95921658986175,0.0008262828232545871,0.0007181798092642566,0.003023841037720558,0.0006766281248565065,0.012205763337551617
14.059354838709677,0.0008231564522066037,0.0007163245761330473,0.0030109339579212245,0.0006734337560556015,0.01216158676717896
14.159493087557603,0.0008201392095725169,0.000714439678195049,0.002997796893614577,0.0006702629805840843,0.012116390037699603
14.25963133640553,0.0008172834590004641,0.0007125533099315362,0.0029846567792264976,0.0006671543768970877,0.012071245314436964
14.359769585253456,0.0008144430286847637,0.0007106760011083679,0.0029713956395426067,0.0006641480403595779,0.012025541944312863
14.459907834101383,0.0008116310389959836,0.0007087810634402558,0.0029579893944901414,0.0006614194852772925,0.011979029956855812
14.560046082949308,0.0008091140025862842,0.0007068852661177516,0.0029445865614979995,0.000658673713060125,0.011932291943230667
14.660184331797234,0.000806717001942161,0.0007049481406284031,0.002931077837492921,0.0006559145231221919,0.011885102920350618
14.76032258064516,0.000804642007460643,0.0007029618124943227,0.002917403566461871,0.0006531303331757954,0.011836945622926578
14.860460829493087,0.0008029305889795069,0.0007009414947242476,0.002903606914842385,0.0006503394789251616,0.011788250735844486
14.960599078341014,0.0008015873351905612,0.0006989091539435321,0.0028897140606568427,0.0006475841798055626,0.011738981156959198
15.06073732718894,0.0008005881258941372,0.0006968654887896264,0.0028758849204314173,0.0006448346627621504,0.01168970228289254
15.160875576036865,0.000800000004019239,0.0006947872904493124,0.0028617367996048417,0.000642086350981117,0.011638887992012315
15.261013824884792,0.0007997045937008806,0.0006926734307853621,0.0028475642002013047,0.0006393737727012195,0.011587757148663513
15.361152073732718,0.0007996963629193488,0.0006905094257308519,0.0028332943009445445,0.0006366773907575407,0.011535889283404686
15.461290322580645,0.0008001391866491758,0.0006883157937772922,0.0028189980793104042,0.0006339910467249865,0.01148384613043163
15.561428571428571,0.0008006657174701104,0.0006860841881643864,0.0028046513824665454,0.000631338795847114,0.011431498149759136
15.661566820276498,0.0008011922142031836,0.0006838020627765218,0.0027900452981702985,0.0006286240962253941,0.011377812009886839
15.761705069124423,0.0008018785955937346,0.0006814959248004016,0.0027755605320999165,0.0006259549389142193,0.011324377009877935
15.86184331797235,0.0008025160163379042,0.000679127339644765,0.0027607283848919907,0.0006232641790302296,0.011269459700561129
15.961981566820276,0.0008031846954690991,0.0006767707160906866,0.0027459628599171993,0.0006206362307966629,0.011214561773231253
16.062119815668204,0.0008037736113328719,0.0006743720819940791,0.00273091170914995,0.0006179943617462413,0.01115826571942307
16.162258064516127,0.0008043273118528304,0.0006719954751679324,0.0027159013533673716,0.0006153650593114434,0.0111019667040091
16.262396313364054,0.0008048204886290477,0.0006696140141502837,0.0027007379246788334,0.0006126914648666571,0.01104459871421568
16.36253456221198,0.0008052307212346932,0.0006672313979288447,0.0026854018570884363,0.0006100607716325612,0.010986420357949101
16.462672811059907,0.0008055877553852042,0.0006648515417327872,0.002670064519334119,0.0006074853945574432,0.010927990276250056
16.562811059907833,0.0008058472366974457,0.0006624409374853713,0.0026544973004638452,0.0006048864428339584,0.010868399383616634
16.66294930875576,0.0008060428876342485,0.0006600256579986308,0.002638851114534191,0.0006023333368648309,0.010808307498809882
16.763087557603686,0.0008061629340227228,0.0006576569032404223,0.002623033564304933,0.0005998028805515787,0.010747238018666394
16.863225806451613,0.0008062533984775654,0.0006553066838023369,0.002607168069735053,0.0005972549606667599,0.01068578200705815
16.96336405529954,0.0008063134410622297,0.0006529718682577368,0.002591184777484159,0.0005946837808187411,0.010623650145716965
17.063502304147466,0.0008063859861431411,0.0006506415212425054,0.0025750217926542975,0.0005920641039847397,0.010560544971376658
17.163640552995393,0.0008063835365464911,0.0006482950454665115,0.0025587176214321517,0.0005894024095505301,0.010496733543113805
17.26377880184332,0.0008063123697502305,0.0006459085384994978,0.002542324377645855,0.0005867176896390447,0.010432508238009177
17.363917050691242,0.000806171712174546,0.0006435442814108683,0.0025258784491597906,0.0005840771656585275,0.010367992794490419
17.46405529953917,0.0008060152403777466,0.0006412647881006706,0.0025093277871928877,0.0005814610435481882,0.010302980890846811
17.564193548387095,0.0008057840693800244,0.0006389863940057694,0.002492603993814555,0.0005788350315197022,0.010237162719131448
17.664331797235022,0.0008055014497949742,0.0006366793383131153,0.002475725686454098,0.0005762384758600092,0.010170421326183714
17.76447004608295,0.0008051428452745313,0.0006344261143749464,0.002458706143734162,0.0005736305476420966,0.01010282238596119
17.864608294930875,0.0008047546516172588,0.0006321546890103491,0.0024417520542920103,0.0005710437480774999,0.010035445463145151
17.9647465437788,0.0008042384542204672,0.0006298119134589797,0.0024244795078993773,0.0005684476026181074,0.009966397291864269
18.064884792626728,0.0008036501732567558,0.000627451811269566,0.0024071529519278556,0.0005658711507931002,0.009897188757313415
18.165023041474655,0.0008029903048009146,0.0006250468435609946,0.0023895750284282256,0.0005633175936418411,0.009826680641272106
18.26516129032258,0.0008022917954076547,0.0006226427144065383,0.002371946774510434,0.0005607664959643443,0.009755825017928146
18.365299539170508,0.000801530052194721,0.0006202644580116612,0.0023541669917176477,0.0005582144225991215,0.009684103755280376
18.465437788018434,0.000800690237301751,0.0006179380556932301,0.0023363518428232057,0.0005557321396918269,0.009611896224087105
18.56557603686636,0.0007997726771282033,0.0006156647043826524,0.0023183824949956034,0.0005532109957857756,0.00953888701624237
18.665714285714284,0.0007987749709718627,0.0006135027191339759,0.0023003408149816097,0.000550678606123256,0.009464935678988696
18.76585253456221,0.0007976870338461594,0.0006113707321492257,0.002282196164014749,0.0005481740451978112,0.009390259407227859
18.865990783410137,0.0007965039675036678,0.000609189763708855,0.0022638279072270963,0.0005457661885338894,0.009314555373275652
18.966129032258063,0.0007952770832707756,0.0006070564989931882,0.0022455027877003888,0.0005433700652247353,0.00923876999062486
19.06626728110599,0.0007939274968157406,0.0006049186649761396,0.0022269832908932584,0.0005410264831152745,0.009161655304487794
19.166405529953916,0.0007925146933484939,0.0006027976587211015,0.0022084697249374584,0.0005388221377143055,0.00908441787090851
19.266543778801843,0.0007910033254665905,0.0006007217786100227,0.00218962240840483,0.000536654955267295,0.009005538352939766
19.36668202764977,0.0007894331421266543,0.0005986275114992168,0.0021707925184455234,0.0005345416801173997,0.00892633626499446
19.466820276497696,0.0007877871784148738,0.0005966621072730049,0.0021518725872738285,0.0005325311542401323,0.008846498476923443
19.566958525345623,0.000786023809305334,0.0005947661636309931,0.0021327594610193045,0.0005306304144141905,0.008765332491020673
19.66709677419355,0.00078421637917927,0.0005929308307531755,0.0021136358562944225,0.0005287758535814646,0.008683931286504958
19.767235023041476,0.0007823183439904824,0.0005911725603073137,0.0020943712828011486,0.0005269206026241591,0.00860135399736464
19.867373271889402,0.0007803222358052153,0.0005894753312168178,0.0020749762744526378,0.0005252494713022315,0.00851792696135817
19.967511520737325,0.0007782535748265218,0.0005878332370048156,0.0020554739020735725,0.0005236134384358593,0.008433753480494488
20.067649769585252,0.0007761101394498837,0.0005862153093403322,0.002035865838115569,0.000522044419303711,0.008348823712440208
20.16778801843318,0.0007739281148678856,0.0005846782446678844,0.002016334448053385,0.0005206543642634642,0.008263817883271258
20.267926267281105,0.0007716768075988512,0.0005831773259342298,0.0019965465117275016,0.0005192705339140957,0.008177315559296404
20.36806451612903,0.0007694146275753156,0.000581714336076402,0.001976741577673238,0.0005179907750425628,0.008090482871339191
20.468202764976958,0.0007670751084879157,0.0005803310752889956,0.0019568376041570446,0.0005167534842257737,0.008002885920868721
20.568341013824885,0.0007646206313802395,0.0005790859931221348,0.0019367627118481324,0.000515541371787549,0.007914171681040898
20.66847926267281,0.0007620846595455077,0.0005780668791703647,0.0019166970581864008,0.0005150653710006736,0.007824855442449916
20.768617511520738,0.000759488973635598,0.0005772147742391098,0.0018965390131779713,0.000514675907761557,0.007734758277074434
20.868755760368664,0.0007568139861905365,0.0005765289432747522,0.0018762007848272333,0.000514408951275982,0.007643633350671735
20.96889400921659,0.0007540650614100741,0.0005759887077874736,0.001855781051926897,0.0005144304148780066,0.007551691716071218
21.069032258064517,0.0007512616172971321,0.0005755255373514956,0.0018353803652280476,0.0005146847108699149,0.0074593079122132625
21.169170506912444,0.0007483693081667298,0.0005753591456596041,0.0018147855644929222,0.0005151935486355796,0.007365763229317963
21.269308755760367,0.0007454444557515672,0.0005753843934871839,0.0017942163752013584,0.0005157832203622093,0.00727182707603788
21.369447004608293,0.0007424020545840904,0.0005753511398870614,0.001773389432892145,0.0005163833329424961,0.0071764731159782965
21.46958525345622,0.0007393210178088339,0.0005752636936449563,0.001752733259672823,0.0005173494337577722,0.007080645265232306
21.569723502304146,0.0007361727159332077,0.0005750343968975358,0.0017320762381496024,0.0005186829076410504,0.00698391694604652
21.669861751152073,0.0007329840631973639,0.0005747191113914595,0.0017113448479722138,0.0005204339913689182,0.006886379515926819
21.77,0.0007298253212320561,0.0005743327458912973,0.001690775672068412,0.0005223593848131714,0.006787946527765598
21.870138248847926,0.0007267044080253982,0.0005739428713786765,0.0016708068196021487,0.0005245411877331207,0.006688959799066652
21.970276497695853,0.0007238410804166051,0.0005736470209012623,0.0016523508939280873,0.0005271549629833317,0.006588896014436614
22.07041474654378,0.0007213016056266497,0.0005734065394062782,0.0016377848462798283,0.0005299664292761009,0.006488274497969542
22.170552995391706,0.0007190324433759088,0.0005731530429329724,0.0016350587881970569,0.0005327515821409179,0.006387160322046839
22.270691244239632,0.0007171722054044949,0.0005729252462333534,0.0016466639875943657,0.0005354886341592646,0.006286164792691125
22.37082949308756,0.0007159154198234319,0.0005727288863272407,0.0016655027236629394,0.0005381385294094799,0.006184752796107204
22.470967741935482,0.0007149705122355954,0.0005724911373545183,0.0016855809348635376,0.0005407328410728951,0.006084827837912599
22.57110599078341,0.0007143526716754423,0.0005722505800804356,0.0017056123063230188,0.0005432324152934598,0.005995942220179132
22.671244239631335,0.0007142626480708714,0.0005722062297354569,0.0017257450328179403,0.0005457248489619815,0.005919970658287639
22.77138248847926,0.0007150001907211844,0.0005724278806519579,0.0017456774937454611,0.0005481836561011732,0.005853341741167242
22.871520737327188,0.0007163263744951109,0.0005728370007273043,0.0017654194172064307,0.0005506017671723384,0.005799704230594216
22.971658986175115,0.000718380291655194,0.0005732901123337797,0.0017849561655020807,0.0005529323493465199,0.005755735782295233
23.07179723502304,0.0007210661296630861,0.000573767551468336,0.0018044000020745444,0.0005552082914437051,0.005732493768809945
23.171935483870968,0.0007239168340674951,0.0005742350974105647,0.0018236049241386353,0.0005574306957350927,0.005722207329818048
23.272073732718894,0.0007267961600155104,0.000574735948794114,0.0018427299745235359,0.0005595813946638373,0.005722576422049315
23.37221198156682,0.0007296797795061139,0.0005752790297265164,0.001861626385434647,0.0005616422290404444,0.00573300878982991
23.472350230414747,0.0007325484351895284,0.0005759115705950535,0.0018802107601368335,0.0005637005580138066,0.005746663097270357
23.572488479262674,0.000735343158012256,0.0005765391319073387,0.0018985291739954846,0.000565749289780797,0.005769332754643983
23.6726267281106,0.0007380752353128628,0.0005770850544286076,0.0019166019347176188,0.0005677391696372069,0.005798188044282142
23.772764976958523,0.0007408574920918909,0.0005775438538694289,0.0019344552414986538,0.0005697011951633613,0.005831702503273846
23.87290322580645,0.0007435376228022506,0.0005778403901058482,0.0019519748847960728,0.0005716362156090326,0.005866566921322374
23.973041474654377,0.0007461765110565466,0.0005779854308275389,0.0019694066228112205,0.0005735479412396671,0.005901713338244008
24.073179723502303,0.0007487738894633366,0.0005780219520602259,0.0019865852876682767,0.0005754190713196294,0.005935614972549956
24.17331797235023,0.0007513230879339971,0.0005780149883503327,0.0020034508541721154,0.0005773363810658339,0.005968366017041263
24.273456221198156,0.0007538740969175706,0.0005779026980235358,0.002020148046067334,0.0005792441328594577,0.006000536191568245
24.373594470046083,0.0007563395910256077,0.000577688519952062,0.002036633075113059,0.0005811437774900696,0.006031626101757865
24.47373271889401,0.000758688640089531,0.000577303830141318,0.00205280141926778,0.0005830958035585354,0.006061393821146339
24.573870967741936,0.0007609269174281508,0.0005767133610424935,0.0020686808668688174,0.0005850039589131484,0.006089957215008326
24.674009216589862,0.0007630779360988526,0.0005759600790042896,0.0020842660058406183,0.0005868693425145466,0.006117413798347115
24.77414746543779,0.0007651423028073623,0.0005750030799754314,0.0020996415314584738,0.0005887143555810326,0.006143797742552124
24.874285714285715,0.0007670923943442176,0.0005738354279310443,0.0021146897394646656,0.0005905100804739049,0.006168783986067865
24.974423963133642,0.0007689626979845343,0.0005725894802890252,0.002129490296865697,0.0005922433711384656,0.006192444323096425
25.074562211981565,0.0007707784018202801,0.0005712547816801816,0.0021439444801217176,0.0005939673296597903,0.006214708884945139
25.17470046082949,0.0007725444157040328,0.0005696745152454241,0.002158191434609762,0.0005956687619254808,0.006235969266563188
25.274838709677418,0.0007742316349686007,0.0005678290655123419,0.002172079424817639,0.0005973065490979935,0.00625576848629862
25.374976958525345,0.0007758514404849848,0.0005658238387331949,0.002185655340545054,0.0005988871090812608,0.006274153933918569
25.47511520737327,0.0007774352834894671,0.0005636824334942503,0.0021989190142267033,0.0006005049984014476,0.006291056965710595
25.575253456221198,0.0007789748556388076,0.0005613347202597652,0.002212054414449085,0.0006021266055540764,0.006307043948909268
25.675391705069124,0.000780576723300328,0.00055869673822599,0.0022248434979337617,0.0006036880901228869,0.006321535198949278
25.77552995391705,0.0007822216181739349,0.000555777535228117,0.0022372698422623216,0.0006051767421377008,0.006334493521135301
25.875668202764977,0.0007837703042241628,0.0005526409193407744,0.0022494001133964046,0.0006066977432055865,0.00634624741593143
25.975806451612904,0.0007852044132232549,0.0005492974261869677,0.0022612292141275248,0.0006082116366451373,0.006356824586691801
26.07594470046083,0.0007865567578119226,0.0005457355804173858,0.002272656146888039,0.0006096870731562376,0.006365616132679861
26.176082949308757,0.0007878661945505882,0.0005419462817371823,0.002283889783248014,0.0006111817312194034,0.006373453803244047
26.276221198156684,0.0007891521698547877,0.0005379066175737534,0.0022947218214176245,0.0006126317623420619,0.006379648400179576
26.376359447004607,0.0007904422456704197,0.0005336376109335106,0.0023052879071838108,0.0006140307871100959,0.006384730145218782
26.476497695852533,0.000791675082873553,0.0005290866452196496,0.0023153738779728883,0.0006154016189975664,0.006387874769279734
26.57663594470046,0.0007929126647650264,0.0005243041565154272,0.002325119772394828,0.0006167872914738837,0.006389687128248624
26.676774193548386,0.0007941722332179779,0.0005194047676559421,0.002334476687974529,0.0006181479117731214,0.006389833523135166
26.776912442396313,0.0007954139051798847,0.0005144135346745316,0.002343629328825045,0.0006194543944002362,0.006389207907777745
26.87705069124424,0.0007965701480861753,0.0005092236736527412,0.002352349463071732,0.0006206425444906927,0.006386580486141611
26.977188940092166,0.0007977567846319289,0.0005038929648617341,0.0023608346513356083,0.0006217712421130272,0.006383005584939383
27.077327188940092,0.0007989164212631294,0.0004984039274313545,0.002368933322650264,0.000622812071487715,0.0063778069624095225
27.17746543778802,0.0008000374113180442,0.0004927184966618369,0.002376704161251837,0.0006237975370822823,0.006371473738690838
27.277603686635945,0.0008012441082610167,0.00048680848010917543,0.002384137160879618,0.0006247613583036582,0.006364123324747197
27.377741935483872,0.0008024497738006175,0.0004807060722669121,0.002391251157168881,0.0006256945428322069,0.006355267923499924
27.4778801843318,0.0008037220683399937,0.0004743538034745143,0.0023980490816393283,0.0006265653355512768,0.006345305217837449
27.578018433179725,0.0008051031550348853,0.0004679351879531168,0.0024045742756061373,0.0006273555308871437,0.006334210179047659
27.678156682027648,0.0008064892865149887,0.00046160166257322997,0.002410830812623317,0.0006281403396860697,0.0063217632818850684
27.778294930875575,0.0008080286670156056,0.0004552148110815324,0.0024167101340935916,0.0006288869907075423,0.006307684147031978
27.8784331797235,0.0008096084844510188,0.00044889659817272333,0.0024223166007141116,0.0006296130350528983,0.006292425271240063
27.978571428571428,0.0008111671462756931,0.00044270093992963665,0.00242748038690479,0.0006303523408860201,0.006275269998586737
28.078709677419354,0.0008127830979356076,0.00043683799962309424,0.0024324064812390133,0.0006312358477953239,0.006257212717609945
28.17884792626728,0.0008145589654304786,0.00043150450510438533,0.0024369604517778497,0.0006321398954241886,0.006237396674114279
28.278986175115207,0.0008164986042538658,0.0004269313409167808,0.0024413254244063866,0.0006330720146434033,0.006217203294509091
28.379124423963134,0.0008184644989160006,0.00042255625972757114,0.002445368557382608,0.0006341355559925432,0.0061954492740915156
28.47926267281106,0.0008204431830745307,0.0004184502736097784,0.002449235188905732,0.0006353692835546099,0.00617269792361185
28.579400921658987,0.0008224664885710808,0.0004150673177173303,0.0024528390969135215,0.0006368033897160785,0.006148354773322353
28.679539170506914,0.0008244106713027577,0.0004129154738257057,0.0024561269231344342,0.0006384711700957268,0.006123798501066631
28.77967741935484,0.000826354472701496,0.0004119325601277524,0.002459372619596252,0.0006404153436596971,0.0060975227519520555
28.879815668202767,0.0008283955170190893,0.00041288752752734583,0.0024627653071001986,0.0006425641534951865,0.00607050316146342
28.97995391705069,0.0008306014179470367,0.0004151589587854687,0.0024660075256542767,0.0006449729023734108,0.006042122678481973
29.080092165898616,0.0008328814608466928,0.0004191023641760694,0.0024692557073649367,0.0006476292937441031,0.006013516819512006
29.180230414746543,0.0008350928185609518,0.00042506197896727824,0.0024726571321298254,0.000650577534288459,0.00598574874602491
29.28036866359447,0.0008372854114713845,0.0004324980933597544,0.002475899676755944,0.000653861011560366,0.005957009212579578
29.380506912442396,0.0008394127743304125,0.00044051649158063813,0.0024790506950375856,0.0006574654868018115,0.0059270607032522096
29.480645161290322,0.0008415263991628308,0.00044908744261192625,0.002482265570106392,0.0006613609020132571,0.0058960756615852004
29.58078341013825,0.0008436846483891714,0.0004581949563726084,0.0024855039144313197,0.0006655691506603034,0.0058649123247596436
29.680921658986176,0.0008458715664164629,0.0004677483212435618,0.0024886730622529283,0.0006699424363978323,0.005833305146661587
29.781059907834102,0.0008481950754503487,0.00047758700871781913,0.0024915606157810545,0.0006744275722303428,0.005802938222768716
29.88119815668203,0.0008505391604921897,0.0004879120282566873,0.002494243644287053,0.0006791955098378821,0.00577876625204226
29.981336405529955,0.0008528804441448302,0.0004988359170238255,0.002496729804406641,0.0006840845282931696,0.00576057726808358
30.08147465437788,0.000855302482850675,0.0005102249898482114,0.0024990228219030543,0.0006891670692857587,0.0057614553510211405
30.181612903225805,0.0008578093894902849,0.0005216616173129296,0.0025010630014367053,0.0006942349126256886,0.005779086012626067
30.28175115207373,0.0008606809414777672,0.0005333525263267802,0.002502780617905955,0.0006992472195997834,0.005819919276982546
30.381889400921658,0.0008640349220149801,0.0005452363510994473,0.0025043232857206023,0.0007042016993727884,0.005884503028646577
30.482027649769584,0.0008676054890747764,0.000557427574385656,0.0025056429512187606,0.0007090542105652276,0.0059747934146435
30.58216589861751,0.000871489474993723,0.000569929413832142,0.0025068245280635893,0.0007139771619767998,0.006082487639505416
30.682304147465437,0.0008756824214651715,0.0005824204698728863,0.002507670824852539,0.0007190634163634968,0.006198741058178712
30.782442396313364,0.0008800708418493741,0.0005948271091619972,0.002508172611705959,0.0007243777648182004,0.006320529511140194
30.88258064516129,0.0008845670340451761,0.0006072080209560226,0.002508328354524565,0.00073000796357519,0.0064483938054763715
30.982718894009217,0.000889294614426035,0.0006195615202886983,0.0025081837542529684,0.0007357525511179119,0.00658675950660836
31.082857142857144,0.0008943175118838553,0.0006318532982550096,0.002507681493225391,0.0007414869915737654,0.006729433356958907
31.18299539170507,0.0008994370454456657,0.0006440327935706592,0.0025068542572989827,0.0007471426279880689,0.006877507499884814
31.283133640552997,0.0009048691580755985,0.0006562281840888318,0.002505829194415128,0.0007528285996158957,0.007030873928742949
31.383271889400923,0.0009106964474267443,0.0006683645059092669,0.0025046251111780294,0.0007585160077360342,0.0071871074935188515
31.483410138248846,0.0009166443557842286,0.0006805204410920851,0.0025031331790523834,0.0007643991349323187,0.007346439549291972
31.583548387096773,0.0009227623382321326,0.0006925494158349465,0.0025013278082042234,0.0007702148173484601,0.0075091082867584195
31.6836866359447,0.0009294983839208726,0.0007045051251770929,0.0024991583845985588,0.000776174729471677,0.007674526693299413
31.783824884792626,0.0009364713040486094,0.0007163202801893931,0.002496700325937127,0.0007822318026228459,0.007847602346737403
31.883963133640552,0.0009436089680821169,0.0007280361445009476,0.0024938228018436346,0.0007884318911237642,0.008023524618474767
31.98410138248848,0.0009510596543259453,0.0007395689964323537,0.00249057371118397,0.0007946962889400311,0.008204126559139695
32.08423963133641,0.0009587394694244722,0.0007509407850739081,0.002487023762369063,0.0008010439496501931,0.008385258453781717
32.18437788018433,0.0009665864735870855,0.0007620239407697227,0.002483545343493461,0.000807383164537896,0.008567375462152995
32.284516129032255,0.000974479116339353,0.0007728236107504927,0.0024801379344717134,0.0008136946505328524,0.008749925261654426
32.38465437788018,0.0009825451995857293,0.0007833979978022398,0.0024782411780324763,0.000819991126700188,0.008933858731470536
32.48479262672811,0.0009908458695281298,0.000793833278803504,0.002476932685021893,0.0008262606552671059,0.009118188530846965
32.584930875576035,0.0009993776995543158,0.0008041132403013762,0.0024757736261381068,0.0008324731789252837,0.009303628448105884
32.68506912442396,0.0010080462610494577,0.0008142342609062325,0.002476238320741686,0.000838846481674409,0.009489288314071018
32.78520737327189,0.0010169065927766495,0.0008242049669206608,0.002477003550666268,0.0008454964846896473,0.009676065893145278
32.885345622119814,0.001026035150134703,0.0008339598798193038,0.002478482837395859,0.0008521641242623445,0.009863939586794004
32.98548387096774,0.0010353311386279529,0.0008435598140931689,0.0024819265605765394,0.0008588397099811118,0.010052708209259435
33.08562211981567,0.0010446964357834077,0.0008529492105299141,0.002490750923316227,0.0008658424356326577,0.010241528188344092
33.185760368663594,0.0010541681156610138,0.000862121296740952,0.0025030510025680994,0.0008730358419052209,0.010431095550884492
33.28589861751152,0.001063828817277681,0.0008711713616503402,0.0025192470458569004,0.0008803688653279096,0.010621232410776428
33.38603686635945,0.0010735440783173544,0.0008800900301139336,0.002539925850578584,0.0008877085085987346,0.010812328530009836
33.486175115207374,0.001083301777180168,0.0008888313826173544,0.002565367171773687,0.0008952651440631599,0.01100376499525737
33.5863133640553,0.0010930734017892973,0.0008973836013319669,0.0025940146160428413,0.0009029276470391779,0.0111961117136525
33.68645161290323,0.001102897919845418,0.0009057610494346591,0.002626216667704284,0.0009106684739526827,0.011388854474644177
33.78658986175115,0.0011127222084905952,0.0009139008787315106,0.0026611897570546716,0.0009184078671387397,0.011581895077833906
33.88672811059908,0.0011225797150109429,0.0009218365351989633,0.002699288961739512,0.0009260820384224644,0.011775632070493884
33.986866359447006,0.0011326114161784061,0.0009295598847529618,0.0027384805456676987,0.0009337263601628365,0.01197011467826087
34.08700460829493,0.001142696334500215,0.0009371018666570307,0.0027779711107723416,0.0009414166964415927,0.012164986886200496
34.18714285714286,0.0011528789031581255,0.0009444368585536722,0.002818210383557016,0.0009491016661922913,0.012360568075673655
34.287281105990786,0.0011631740492157405,0.0009515641834877898,0.0028597806543984917,0.0009567547815822763,0.012556572852190584
34.38741935483871,0.0011735424379003235,0.000958479847322451,0.002902172843751032,0.000964414503541775,0.012752811206155457
34.48755760368664,0.0011839719754789257,0.0009652355995058315,0.002944894962129183,0.0009720607307099272,0.01295031405694317
34.587695852534566,0.0011944708726514363,0.0009718475869885879,0.0029878094290324954,0.000979672025569016,0.013148199038696476
34.687834101382485,0.0012050193431059598,0.000978453767602332,0.0030312187713570893,0.0009873178130510496,0.01334653535101097
34.78797235023041,0.0012156703481741714,0.000984934078005608,0.0030748008770751767,0.0009950745381502202,0.013545775082311593
34.88811059907834,0.0012263541208812968,0.0009912713406811235,0.0031184716570714956,0.0010029721476894338,0.01374559500196483
34.988248847926265,0.0012370220648153917,0.0009974605360912393,0.0031623602386389392,0.001010877040680498,0.013945747885736636
35.08838709677419,0.0012477315775322494,0.0010035294190311106,0.0032065368101757484,0.0010187927258812125,0.01414661377260927
35.18852534562212,0.0012584535265341402,0.0010095659101352795,0.003250882808788447,0.0010267059349280316,0.014348142865928821
35.288663594470044,0.0012691730664664647,0.0010155698651215061,0.0032952404829848093,0.0010346414171362994,0.014549721187795512
35.38880184331797,0.0012798937458137515,0.0010215099107881542,0.003339731735322857,0.0010425924555602251,0.0147517456690548
35.4889400921659,0.001290648352660355,0.001027361147789634,0.0033843944752879906,0.0010505450126947835,0.014954413186642342
35.589078341013824,0.0013015345504391008,0.0010331632219458698,0.0034291593983653,0.0010584876410575817,0.015157716643880121
35.68921658986175,0.0013124770986905788,0.0010389281629613833,0.0034740990449790843,0.0010664085185999284,0.015361622871132567
35.78935483870968,0.0013234207484492798,0.0010445685040031095,0.003519163277815096,0.0010742945033416617,0.015565898513887077
35.889493087557604,0.0013344081838295096,0.0010501371407008265,0.003564314313553041,0.0010821624888922088,0.015770572650362736
35.98963133640553,0.0013454047829873162,0.0010555983565427595,0.0036094812002556865,0.001090029273327673,0.01597529941762332
36.08976958525346,0.0013564053581649204,0.0010609431945340475,0.003654781149525661,0.0010978933569276705,0.016180602840613574
36.18990783410138,0.0013674023077328457,0.0010661880735278828,0.003700170348456595,0.0011057312061893755,0.016386292961542495
36.29004608294931,0.001378413360362174,0.0010713377305364702,0.003745630659395829,0.001113531350129051,0.01659234942693729
36.390184331797236,0.0013894285344576928,0.0010764075374754612,0.0037911254772916435,0.0011213317694637225,0.01679844941070769
36.49032258064516,0.00140051692535053,0.0010814346465485868,0.0038368473322771025,0.0011291926050762413,0.017005239400896245
36.59046082949309,0.0014116130730690202,0.0010863951592182276,0.003882666324643651,0.0011370285411248914,0.017212341174599716
36.690599078341016,0.001422736767490278,0.00109124611975858,0.003928501727787079,0.0011448373826715397,0.017419528093305416
36.79073732718894,0.0014338869244966191,0.001095995110081276,0.0039744175344822,0.0011526137645705603,0.017626999238273128
36.89087557603687,0.0014450439806387293,0.0011006840069603641,0.004020471463591093,0.0011608721833181335,0.01783500543620903
36.991013824884796,0.00145624645629141,0.001105325820899452,0.0040666230101487595,0.0011692649651376995,0.018043406462529676
37.09115207373272,0.0014675234416063176,0.0011099755363102304,0.0041129336782614705,0.0011776893596106674,0.01825237105076667
37.19129032258065,0.0014788067336485257,0.0011146780041599413,0.004159394905000227,0.0011860999391501536,0.018461640519672074
37.29142857142857,0.0014900690403737826,0.001119298361663823,0.004205860734655289,0.0011945732797903473,0.018670837311074138
37.391566820276495,0.0015013567620917455,0.001123943274578778,0.004252577809675131,0.0012031357368687168,0.018880905656260438
37.49170506912442,0.0015126492107083323,0.0011285527572908905,0.004299307674809825,0.0012117412397492444,0.019090977626037783
37.59184331797235,0.001523948480389663,0.0011330827869824134,0.004346050340100192,0.001220363681568415,0.0193010310921818
37.691981566820274,0.001535282040349557,0.0011376135127648013,0.004392959147226066,0.0012290364903310546,0.01951168200292159
37.7921198156682,0.0015466010350064607,0.0011420638259733095,0.004439894413080765,0.0012377213502622907,0.019722268269979394
37.89225806451613,0.0015579347075981786,0.0011464960635930764,0.0044869877156452275,0.0012465552800858858,0.019933216333738527
37.992396313364054,0.001569272934939363,0.0011508852630504407,0.004534247126575792,0.0012554537421965507,0.020144760135444813
38.09253456221198,0.001580590213779942,0.0011552129373012575,0.004581485697854077,0.001264321096605272,0.020356162298703566
38.19267281105991,0.0015919076554564526,0.0011595104666048428,0.004628789322450757,0.0012731801675545285,0.020567716614459643
38.292811059907834,0.0016032227080722806,0.001163739692638046,0.004676096385956043,0.0012820200561691308,0.020779241388081574
38.39294930875576,0.0016145482200954574,0.0011679800186539069,0.004723471864272142,0.001290854948456399,0.020990891466499306
38.49308755760369,0.0016258725087391214,0.0011721750512515428,0.004770946679636836,0.001299686230631778,0.021202932932646947
38.59322580645161,0.001637185190411401,0.0011763108344894136,0.004818479006935376,0.001308510589733487,0.021415038721170277
38.69336405529954,0.0016485250130790518,0.001180482537529315,0.004866024506482063,0.0013173542919685133,0.02162701251625549
38.79350230414747,0.0016598901282850421,0.0011846788706316148,0.004913774372253102,0.0013262364928959868,0.02183965589152649
38.89364055299539,0.0016712245604139752,0.001188842412957456,0.004961439141770825,0.0013351179158780724,0.02205173966300208
38.99377880184332,0.0016825670099933632,0.0011929590393265244,0.005009265272674384,0.0013440229751722655,0.022264416445977986
39.093917050691246,0.0016938971918716561,0.0011970289916644105,0.0050571450164716225,0.0013529275979817612,0.022477184308227153
39.19405529953917,0.001705212925298838,0.0012010918169107754,0.0051050418820523195,0.0013618151336413575,0.02268990861950442
39.2941935483871,0.001716508849785896,0.0012051220137800555,0.005152936034864979,0.001370735793316271,0.02290246376825962
39.394331797235026,0.0017278036502830219,0.0012091188617341685,0.005200889514089795,0.0013796885013289285,0.023115101614384913
39.49447004608295,0.0017390808140044102,0.00121306861670746,0.005248907784407493,0.001388715322536882,0.02332784665573854
39.59460829493088,0.0017503577643219615,0.0012169799453840824,0.00529698603626457,0.0013978190470515983,0.023540669260546564
39.694746543778805,0.001761624653445324,0.0012208772766462061,0.0053450647708086765,0.0014069574893801472,0.02375327646965161
39.794884792626725,0.0017728719032311347,0.00122473774557875,0.005393153359182179,0.001416094626110862,0.0239657307905145
39.89502304147465,0.0017841094687901205,0.00122857056587236,0.005441336504882202,0.0014252481493895175,0.024178378125070593
39.99516129032258,0.0017953562437469373,0.0012323544833634514,0.005489494313951582,0.0014343856677442091,0.024390771642210894
40.095299539170504,0.0018066079990239814,0.0012360943981911986,0.0055377262482943475,0.0014435397236957214,0.024603362307534554
40.19543778801843,0.0018178657581302104,0.0012398271763231605,0.005586094512254931,0.001452728280928568,0.02481638404133264
40.29557603686636,0.0018291155367478496,0.0012435455054946943,0.005634499464940745,0.0014619386543199653,0.025029627468902617
40.395714285714284,0.0018403368727013003,0.0012472153962153243,0.005682838122884277,0.0014711434450146044,0.025242352699278853
40.49585253456221,0.0018515719778224593,0.0012508985717431642,0.005731384755345062,0.0014804137663304573,0.025455695920973086
40.59599078341014,0.001862784216136788,0.0012545564841275336,0.005779929552518297,0.0014896794260130263,0.025668754750513473
40.696129032258064,0.00187398751382716,0.0012582313969323876,0.00582852675463073,0.0014989815747685497,0.025881829028367064
40.79626728110599,0.0018851838682894596,0.001261912479167222,0.005877159486408346,0.0015083877083088737,0.02609486415341962
40.89640552995392,0.001896345684872358,0.001265568173621432,0.0059257253089162985,0.001517780726790079,0.026307372804149055
40.99654377880184,0.0019075530434929534,0.0012692451768816682,0.005974598887114553,0.0015272088060737587,0.026520572492736393
41.09668202764977,0.0019187180113658543,0.0012729343708633679,0.0060233406467887106,0.0015366139594698324,0.02673307206539903
41.1968202764977,0.0019298734448238975,0.0012766536445269594,0.0060721405188087375,0.0015460152355080937,0.026945577309816143
41.29695852534562,0.0019410143501590938,0.0012804341249284335,0.006120961930573685,0.0015554184451320907,0.02715786572545767
41.39709677419355,0.0019521715922019211,0.0012842843613907462,0.0061697807887685484,0.0015648174057423603,0.02737003636546433
41.497235023041476,0.001963419219828211,0.0012882198096485808,0.006218646028428338,0.0015742329943168442,0.02758221924828831
41.5973732718894,0.001974665478846873,0.0012922056312527274,0.006267577738180989,0.0015836502736055991,0.027794340732507406
41.69751152073733,0.001985884622336016,0.0012962737842462956,0.0063165025644411794,0.00159305826331547,0.02800608531339094
41.797649769585256,0.001997098413485219,0.0013003859786113025,0.006365413575258572,0.001602448809571797,0.02821755005279556
41.89778801843318,0.0020083120854542356,0.001304575518515776,0.006414328703249339,0.0016118426273169463,0.02842873765854165
41.99792626728111,0.002019499070374877,0.0013087690118118189,0.006463198642450152,0.0016212504762370373,0.028639522897428833
42.098064516129035,0.0020306821057602064,0.0013129812604165637,0.006512131930940086,0.001630666046476108,0.028850263876956887
42.19820276497696,0.002041827303401078,0.0013172089979343582,0.006560991609730991,0.0016400726679421495,0.029060332253575325
42.29834101382489,0.0020529593518585896,0.0013214270801108795,0.006609880021569552,0.001649579124787124,0.029270164091722107
42.39847926267281,0.002064081956414157,0.0013256578410073417,0.006658853150147479,0.001659152309584897,0.029479955030255953
42.498617511520735,0.002075159084997722,0.0013298636427498422,0.006707696192461299,0.0016687415043998043,0.02968886756047141
42.59875576036866,0.0020862352828407895,0.0013340803341998252,0.0067566033138427885,0.0016783286449935987,0.02989775293506682
42.69889400921659,0.0020972745123435744,0.0013383081307983956,0.006805471344705438,0.00168789376890345,0.03010606072319206
42.799032258064514,0.002108291669792379,0.0013425426317553502,0.006854281396517763,0.0016974511073931354,0.030313981536892243
42.89917050691244,0.0021193016193137735,0.001346794539349503,0.006903067624225514,0.0017070075856463517,0.030521494094282387
42.99930875576037,0.0021302905171614837,0.0013510575710824924,0.006951821199909319,0.0017165770176507068,0.030728608094505033
43.099447004608294,0.002141259481504676,0.0013553428565501236,0.007000562036555493,0.0017261427240737248,0.030935399227892048
43.19958525345622,0.0021521985701838274,0.0013596315946051618,0.007049226728704525,0.001735686907413765,0.031141496758791617
43.29972350230415,0.0021631344244087813,0.0013639182071347022,0.007097807797981659,0.0017452276992116823,0.03134704638447147
43.39986175115207,0.0021740545248030685,0.001368246431084117,0.007146378002944403,0.001754800944836461,0.0315523018152453
43.5,0.0021849947769806023,0.0013726314359519165,0.007195108040323248,0.0017644058668520302,0.03175793439091649
