epoch,train_total,train_recon,train_phys,train_passiv,train_smooth,val_total,val_mape
1,1.403128515652248,0.7603287296976362,0.042853080904909545,0.011573359069530852,0.0,0.9436801977157593,15.136267565603788
2,0.8422327430588858,0.4692080419063568,0.024866278254560063,0.024745715586202484,0.0,0.7091509022712708,12.311316840478773
3,0.6716333090918405,0.3365982405458178,0.022333834448031015,0.00992795305326581,0.0,0.5955030783017476,12.10561896117988
4,0.5545124450070518,0.23912395029408592,0.021024142897554807,0.005341147137539727,0.0,0.4688554145495097,11.536232205584113
5,0.45945274690219334,0.15602500148330417,0.020226624207837243,0.003683254364744893,0.0,0.40062363211313884,11.59146817111025
6,0.3969171792098454,0.10294862593923296,0.019596489699823517,0.0019110715008739915,0.0,0.36696102142333986,10.760039817444842
7,0.3709661662578583,0.07732949132578713,0.019574389749339647,0.0013795974778809718,0.0,0.3144775974750519,10.720535566038757
8,0.3364310043879918,0.06133327698707581,0.01833870099697794,0.0008731626723227756,0.0,0.2984227018356323,10.188941435658617
9,0.327721716267722,0.054741499389920914,0.018196996605822018,0.0010131036071106792,0.0,0.2843792507648468,9.59837183707168
10,0.3232385897295816,0.05273529520205089,0.018031826141689505,0.0008415459480269679,0.0,0.2820995904604594,9.67560538265578
11,0.3049622535705566,0.0452383206146104,0.017312685623764992,0.000904000007281346,0.0,0.26287273470560707,9.107376310297395
12,0.2961651230539594,0.04189878789867674,0.016949195363691875,0.000641469788429926,0.0,0.25936084298292794,8.611345601249493
13,0.2950028911999294,0.0422888183423451,0.016844265344951835,0.0009643888043688743,0.0,0.25823538641134897,8.362442701454382
14,0.2906449111189161,0.04262489040408816,0.016531976893544197,0.0006704760212201758,0.0,0.2547204284667969,8.999401670152682
15,0.2887446187564305,0.03916026381935392,0.01663637926535947,0.0005597146467022997,0.0,0.26350913461049397,8.867608288846194
16,0.2819195008277893,0.03593477113332067,0.016396479340536254,0.00047795435041604964,0.0,0.261659172018369,8.954545134128953
17,0.2725329214164189,0.03351417219638825,0.015932286332760538,0.0003888209726927536,0.0,0.2451550352970759,8.154279161408645
18,0.2743251917702811,0.03405612065749509,0.016015753374568054,0.0003301361021003686,0.0,0.2712088826497396,8.00108314532331
19,0.26966820124217444,0.03193355766790254,0.015846636713615487,0.0003175345825709103,0.0,0.25649040802319845,8.049775383937424
20,0.27642346828324454,0.035278121330908366,0.016073755777307918,0.0003188355369295875,0.0,0.2356451077858607,7.991715629800793
21,0.2654456239087241,0.03140978575391429,0.01560000705080373,0.00026508872319079405,0.0,0.24529326379299163,7.617630785907711
22,0.26288549530506133,0.030144121891685895,0.01551399418179478,0.00021286133198892846,0.0,0.25811662471294405,7.683989477480208
23,0.2644047656740461,0.03219800968255315,0.015477620167391641,0.0002630337480202018,0.0,0.24686554046471915,8.348663944425207
24,0.2587502599784306,0.03066904810496739,0.015203159660100937,0.00019262389230217586,0.0,0.2463031731446584,7.594928934522679
25,0.2569150978497097,0.031079691054565567,0.015053323075175285,0.00018687771973658788,0.0,0.2285240898132324,7.619797088415545
26,0.25330177984918867,0.027731028386524744,0.015035929030605725,0.0001547308028093539,0.0,0.25240769358476,7.748070606340891
27,0.25799872953551156,0.02896588271004813,0.015265841445752553,0.0002041834091214696,0.0,0.2298624866406123,7.127164312955941
28,0.25936087218352727,0.026610186217086655,0.015515097134879658,0.00010183316846502878,0.0,0.2312295162677765,7.327614135158784
29,0.2521353028501783,0.026733626712645803,0.01502523811161518,9.062629514456993e-05,0.0,0.2317369556427002,7.262864921604752
30,0.2526490288461958,0.027756815188697406,0.014991267382034233,8.51469536116513e-05,0.0,0.22812713185946146,7.148294316802247
31,0.25239324583326067,0.02796597078868321,0.014958326633487428,0.00018024568590876047,0.0,0.22654898258050282,7.172985947431554
32,0.249411635024207,0.027214502628360476,0.014811031616159848,0.00010237600891663793,0.0,0.23288095466295877,7.419426146548243
33,0.2411447057723999,0.026268994867801668,0.014321799618857248,0.00014833791693152828,0.0,0.22697342856725056,7.219390322754761
34,0.24564953822749003,0.02712210858293942,0.014566955624946526,6.634352771084196e-05,0.0,0.22633857170740762,7.46108914922175
35,0.24546448687144687,0.025944735143865857,0.014632631580744472,8.219872600498743e-05,0.0,0.2434290607770284,7.317263431078291
36,0.24569354798112597,0.024958161264657976,0.014714286092136587,5.4210482787181846e-05,0.0,0.2238789161046346,7.098938193777655
37,0.2375896579708372,0.02450113447862012,0.014204260685614176,5.996486333879147e-05,0.0,0.2296509524981181,6.745360061383913
38,0.2468042823927743,0.02786439697231565,0.014593593595283371,8.32341889599125e-05,0.0,0.24623380851745605,7.5549473812026955
39,0.2417029608488083,0.02632717213886125,0.014355661886078971,8.98732866771752e-05,0.0,0.22270926972230276,7.074893537912726
40,0.23823569314820425,0.024401770532131196,0.014253960104925292,5.1354803747861815e-05,0.0,0.22143205734093985,6.77327586612619
41,0.24200761226245335,0.023725880984749113,0.01455048074041094,4.8962634449708275e-05,0.0,0.23415297496318818,7.382103650913702
42,0.24002116179466249,0.024264839785439626,0.014382298622812543,4.163176451714077e-05,0.0,0.2261722649335861,6.837131950092744
43,0.24177215879304068,0.025153798162937165,0.014439018828528268,6.02612721129783e-05,0.0,0.21898487917582193,6.731190033307613
44,0.22936025863034384,0.02334168285557202,0.013732521384954453,5.360599950211054e-05,0.0,0.23992809677124025,7.031341473214531
45,0.2348260555607932,0.025306894562074116,0.013965527549386025,6.051138881412044e-05,0.0,0.22147586115201315,6.91619632222323
46,0.23509608570166995,0.023192617141774723,0.01412383100709745,7.364200310803425e-05,0.0,0.21781679928302766,6.499825945031092
47,0.2311540709904262,0.022550557521837097,0.013905501093183245,3.2256756576576403e-05,0.0,0.2236983544031779,6.593521994744305
48,0.23507698811803546,0.022628746720296997,0.014161976595010076,2.7436369411589114e-05,0.0,0.211987673163414,6.425218397830302
49,0.23061630398886546,0.022864532360008783,0.013848349889474256,3.7639828039975295e-05,0.0,0.23023550351460775,7.075680785090223
50,0.22761778153691972,0.023069870165416173,0.013633493348956109,6.215168971089367e-05,0.0,0.2107102703253428,6.373860684552683
51,0.2262588075739997,0.021962158065821445,0.013618586325219699,2.3487137957252864e-05,0.0,0.22382488385836283,6.846631036991524
52,0.22745115430014473,0.020920672808374677,0.013767726829009397,1.848747613199261e-05,0.0,0.24354329148928325,7.214346004274481
53,0.2263123311315264,0.021954693564346858,0.013622480842683997,2.498298018323502e-05,0.0,0.20652565769354503,6.513743184064063
54,0.2275037751368114,0.02093850473846708,0.013769750609993935,2.2454222591607373e-05,0.0,0.2080924921433131,6.153564076065765
55,0.234747694339071,0.021492709530251366,0.014215786361268589,2.0757320444707666e-05,0.0,0.21060083440939587,6.257404532382304
56,0.22314869940280915,0.021459821243371282,0.013443192555436067,4.5217044701790396e-05,0.0,0.21350490113099416,6.477265738673881
57,0.22612142196723392,0.02048937274515629,0.013707363686391286,2.304961863257761e-05,0.0,0.20876150468985238,6.377017326210784
58,0.22777536926950728,0.020393505669065885,0.01382394282732691,2.3477329757432537e-05,0.0,0.21299119702974956,6.4651891845241
59,0.22930204159872872,0.021255627019064766,0.013867758740271841,3.0063794368039965e-05,0.0,0.22842108762264252,6.839758055030149
60,0.22185875122887747,0.02087848141150815,0.013397512695619038,1.7059283230602366e-05,0.0,0.20950845579306285,6.290051381435457
61,0.22212435230187008,0.019894385580505644,0.013480016993624824,2.7966690941881708e-05,0.0,0.2219914352496465,6.494446813145259
62,0.22521274936199187,0.019284280606678555,0.013726725501673562,2.520001534109235e-05,0.0,0.22333703299363455,6.402621663520813
63,0.23018090626171658,0.02114288639809404,0.013933308292712485,3.4057373201602356e-05,0.0,0.21467437915007273,6.60664297680818
64,0.22268152867044722,0.01938974368678672,0.01355122819330011,2.013397274025002e-05,0.0,0.21288094397385915,6.547587949391286
65,0.2212951784985406,0.019378419099109513,0.013457903475633689,4.03829868225744e-05,0.0,0.20400619884332022,6.226796879314684
66,0.21684858897754125,0.01942855603992939,0.01315994277277163,1.7021793269756407e-05,0.0,0.21506868000825247,6.354560088704781
67,0.223050488948822,0.018876886833991323,0.013609818057290146,2.0874714529638437e-05,0.0,0.21940681219100952,6.478200595465753
68,0.22703888160841806,0.020666469022631646,0.013753370804446084,5.545695985188814e-05,0.0,0.20975990013281504,6.343543897910997
69,0.22220003737722124,0.018527603660311018,0.013576447817896093,1.933254489603899e-05,0.0,0.19849225103855134,6.03553081459005
70,0.21814167175974164,0.01872268063042845,0.013293453586953026,1.2590555784969735e-05,0.0,0.2028213879664739,6.172491152535477
71,0.22029943243094852,0.01807335131083216,0.013480702073446342,1.1106998607356137e-05,0.0,0.21161938488483428,6.2470439946208325
72,0.22422295226369585,0.018612568340131214,0.013705342201249941,2.1072607267528656e-05,0.0,0.21834179230531056,6.5956726512694255
73,0.22121609280790602,0.019466943178858075,0.013438977893974099,0.00011179899841927669,0.0,0.20495022666454316,6.1376718693374075
74,0.22330087763922554,0.01992193665887628,0.013550069591828756,8.486043886201904e-05,0.0,0.22997766466935476,6.605692175151184
75,0.21553971139022282,0.01920454643028123,0.013086482255586555,2.457895186479878e-05,0.0,0.21210698036352793,6.357928687210856
76,0.22363981471742903,0.01868347312935761,0.013662354941879,1.3304272798906589e-05,0.0,0.20019588088989257,5.932532637401205
77,0.2136365873813629,0.017970563340399946,0.013043643704482487,7.034804366242042e-06,0.0,0.20650938443342845,6.122672358938973
78,0.2177331246648516,0.01812494944887502,0.013304695383778641,2.2832185747256112e-05,0.0,0.20864626348018647,6.273801543974006
79,0.21912911462783813,0.018435579770377703,0.01337803304195404,1.3631175180538309e-05,0.0,0.20416821193695067,6.016241976735027
80,0.21388370309557234,0.017723814272454806,0.013076173233134406,1.0009709738192754e-05,0.0,0.2093023990790049,6.3030927403204595
81,0.21286013775212423,0.017363157251051493,0.01303086055708783,1.930573287121121e-05,0.0,0.21026154716809592,6.286806826734522
82,0.21133754457746234,0.017264787722911155,0.01293710081917899,9.012335716960251e-06,0.0,0.2006265252828598,6.068345067015964
83,0.2167865468774523,0.017326993995479174,0.013295653119683266,1.3453022698903234e-05,0.0,0.21170292341709138,6.231264189907373
84,0.21215050375461578,0.017299950047263077,0.012988105801599367,1.5421361231022146e-05,0.0,0.22234507536888123,6.342088559882132
85,0.21138941732474736,0.01725932953613145,0.01293978013843298,1.7421619841404174e-05,0.0,0.21226363066832224,6.1611915761763205
86,0.218999446783747,0.01859343821661813,0.013353031805583409,5.654765922617701e-05,0.0,0.20925352378686268,6.387616549625995
87,0.2159827616385051,0.01789781970850059,0.013201009208602565,3.502447004276275e-05,0.0,0.20476640462875367,5.981230922951082
88,0.202910974247115,0.01732713911150183,0.012370769017509052,1.0977835632719543e-05,0.0,0.2066892397403717,6.191345458589647
89,0.21026521285942623,0.017700566411018373,0.012836677171289921,6.9994518385101405e-06,0.0,0.19999973964691162,5.922949210885442
90,0.20771723260198321,0.017042563612971986,0.012711071276238986,4.077744856248598e-06,0.0,0.22092787305514017,6.350968637216314
91,0.21075672396591733,0.017209968413625445,0.012900708302855491,1.6822164700175992e-05,0.0,0.1981937825679779,5.870457521307081
92,0.20463148943015508,0.016876835122704506,0.012515774516122681,8.249000580385817e-06,0.0,0.20317340278625487,5.6722822854839565
93,0.21037322895867483,0.01891163454098361,0.012758616716734,3.699773436747275e-05,0.0,0.22277693247795105,6.7686557272528844
94,0.21736604147297994,0.01761242416713919,0.0133159978932568,6.027033612273921e-06,0.0,0.2250102150440216,6.277739530238694
95,0.20754856661387852,0.01791714907331126,0.012641055895813874,6.762724392463757e-06,0.0,0.2025694243510564,5.723806993265498
96,0.20441428026131223,0.016169695896761756,0.012547450466879776,1.4011112753282516e-05,0.0,0.20454893453915915,5.748397519924233
97,0.20942454687186648,0.01697521230046238,0.01282902300038508,5.872289661743072e-06,0.0,0.20681040970484416,5.985926483876961
98,0.20997957522528513,0.01814967522876603,0.012786325763378825,1.445966266179864e-05,0.0,0.21416784564654032,5.852466797581659
99,0.2138676070826394,0.016316951696361815,0.01316856547338622,9.010675157420314e-06,0.0,0.20493292037645977,6.097774503858367
100,0.21084227195807867,0.016715976578848702,0.0129405331451978,7.319391058489698e-06,0.0,0.20043926350275676,5.60454901150319
101,0.20698048479216438,0.016548619461911065,0.0126947054288217,4.443210570809494e-06,0.0,0.21079701713720958,5.899557020587099
102,0.2097043788092477,0.016766000929687705,0.012861616982945374,5.477260979636839e-06,0.0,0.22568830660978953,6.256370223129846
103,0.2126142132622855,0.015974085729037014,0.013108411667602403,5.329705809739682e-06,0.0,0.20817563180128734,5.821685146703869
104,0.21016866087913513,0.017445038497447968,0.012845667363277503,1.453204820189123e-05,0.0,0.20747832826773327,5.856338061164422
105,0.2045173704624176,0.016582886029567038,0.012526541786534446,1.3485573738640661e-05,0.0,0.2051448927720388,5.86821123729463
106,0.20629149072510855,0.015958926926766124,0.012688029000801699,4.433541484144955e-06,0.0,0.20324156232674917,5.969010655197248
107,0.20378781230109078,0.015825194392885482,0.012528957894870213,1.0181342721972543e-05,0.0,0.20131511584917705,5.791851352322387
108,0.20155950621196203,0.015419383998428073,0.012408444305615766,4.782862396627507e-06,0.0,0.20639431873957317,5.800527975055784
109,0.20644313856533594,0.01571342972027404,0.01271421588850873,5.7751184742258485e-06,0.0,0.2068369197845459,6.119977505117291
110,0.2028853669507163,0.015899631332073894,0.012464699987854277,5.270151252913889e-06,0.0,0.20200573329130808,5.9276141280854775
111,0.2012139551980155,0.0169081250918763,0.012285299317112992,8.990290209658168e-06,0.0,0.21824515656630197,6.082643046021657
112,0.20237670234271457,0.015961574460778918,0.012427047857216426,3.170579083174577e-06,0.0,0.20493946357568105,5.83126994145151
113,0.20246547753470284,0.016962701927338328,0.012362183811409133,2.3285026652810562e-05,0.0,0.20817793214321137,6.100196850005282
114,0.20544231695788248,0.015321357282144683,0.012673639532710826,5.373842353354824e-06,0.0,0.20047883907953898,5.956365574320842
115,0.20524130824634007,0.016708613872528075,0.012566991450531141,9.02268726293138e-06,0.0,0.21096359713872273,5.988210028671559
116,0.20290041969503675,0.016411271380526678,0.012431779378226825,3.991554167964833e-06,0.0,0.205259290655454,5.782411815467943
117,0.20067771526745387,0.015251554777579649,0.012361233089651381,2.4253437997166268e-06,0.0,0.19851464251677195,5.843629917070067
118,0.20262247514724732,0.015831777161785535,0.012452056865606988,3.078725873097353e-06,0.0,0.20216268543402355,5.708920973158145
119,0.1989801243543625,0.014887599928038462,0.012272003947624139,3.852743112521547e-06,0.0,0.20462828052043916,5.836542170212539
120,0.19487754096303667,0.014582994661160878,0.012019129983016423,2.3209965696727255e-06,0.0,0.2046246721347173,5.975166752022652
121,0.19910288766452244,0.01530097596347332,0.012251828805676528,7.395851359482159e-06,0.0,0.21990284311771394,6.2405344258305595
122,0.20195601291315896,0.015055673075573785,0.012458848473216806,5.262059994058044e-06,0.0,0.20961344023545583,5.754662417029302
123,0.20180070207800185,0.015128379023500851,0.012442520877080305,1.0198887229152932e-05,0.0,0.20355311314264934,5.8505526239405565
124,0.20941926642826625,0.01613062882423401,0.012884431626115526,6.479610835955845e-06,0.0,0.21634951837857563,5.933354092304061
125,0.20329428335598537,0.014702307047588485,0.012571878801499094,3.990664939426125e-06,0.0,0.1989300284385681,5.566006317918005
126,0.2025919155904225,0.015246699179921832,0.012487882643938065,7.722960338428818e-06,0.0,0.21054993482430776,5.756582147631474
127,0.20112964967318944,0.015244779206812381,0.01238903423611607,1.3986521457068436e-05,0.0,0.1975821521282196,5.6205931518787
128,0.19921425087111336,0.014833123931927341,0.012288583706532206,1.469227486355099e-05,0.0,0.2065406217177709,5.7522715068983175
129,0.20062280428409576,0.015864643078829562,0.012310204935925348,2.9191966333536965e-05,0.0,0.20130377753575643,5.541852018009832
130,0.2022364068542208,0.015880436468337263,0.012421573815601213,8.903358450354964e-06,0.0,0.2063832577864329,5.943332357286739
131,0.19523796805313656,0.014469464287161827,0.012050235013876642,4.082097087813961e-06,0.0,0.20063740317026774,5.565418793107647
132,0.1996006224325725,0.014710284905774253,0.012325555434184414,1.891400340012244e-06,0.0,0.21090222497781116,5.652955393062684
133,0.1991389675140381,0.015264001144894531,0.012257524470133441,3.236537502932687e-06,0.0,0.19661967968940736,5.6690533788731345
134,0.19499587903703963,0.01500597891850131,0.011998224970485484,4.380710973250831e-06,0.0,0.2135447815656662,5.841461494220664
135,0.19748975580079214,0.014845968191112792,0.012174402085798128,7.2921424107936465e-06,0.0,0.20924235252539317,5.871913095949902
136,0.1970346179008484,0.014697942053633077,0.012155171292168754,2.3716916326423286e-06,0.0,0.20588404496510823,5.873343924304561
137,0.19540595138072966,0.014631088846496174,0.01204909060895443,9.942584271523662e-06,0.0,0.20805029904842376,5.668413987526758
138,0.19114932123252323,0.014796066086207118,0.011755877946104323,3.86293654096497e-06,0.0,0.2091393426656723,6.128323239183917
139,0.19709754730973925,0.01457676466022219,0.012167455242148467,2.2740863601218614e-06,0.0,0.20951682249704998,5.746653866318248
140,0.19032328133923668,0.0140999240438853,0.011747493106339659,2.7611742180105077e-06,0.0,0.2079967271486918,5.701183528759701
141,0.1946383001123156,0.015219843225819724,0.011960545471736363,2.568180323864157e-06,0.0,0.20611758375167846,5.713679443485884
142,0.1923709797007697,0.014311722762882709,0.011869117947561401,5.5767897842632205e-06,0.0,0.19989421157042186,5.644942535889409
143,0.19616315301827023,0.014556580890502248,0.012106426451887402,2.5034092181174727e-06,0.0,0.21939636413256328,5.967614499817401
144,0.19451681573050364,0.014308146783283779,0.012012762778571674,4.208416549878738e-06,0.0,0.21095801854133606,5.8169555021629495
145,0.19292331179550715,0.014328908312533584,0.011904629995780331,6.051619811814187e-06,0.0,0.211792169213295,5.7095798883340905
146,0.18871875659057072,0.014308784750955445,0.011626727763031211,2.180122900410554e-06,0.0,0.21462658143043517,6.153438150512128
147,0.19358156471593038,0.015248623704271658,0.01188811302610806,2.688374590479865e-06,0.0,0.2178608777920405,5.854003420414371
148,0.2015469582762037,0.014292693772486278,0.012482907419758183,2.5295397683784415e-06,0.0,0.21917343866825104,6.0214327552446525
149,0.19688341893468583,0.013957167081534862,0.012194548627095562,1.8924834712511338e-06,0.0,0.21274016813437144,6.172432715844901
150,0.196523521900177,0.014137373510215963,0.01215870330695595,1.3120831435945287e-06,0.0,0.20066220871607462,5.737387159707735
151,0.19312930864947184,0.013424195356667041,0.011979933836630412,1.4215814867384324e-06,0.0,0.2058288567860921,5.4570668226049275
152,0.19184981979642596,0.013332227090639727,0.011900612345763615,1.944653678718465e-06,0.0,0.22001791044076283,5.699515581138207
153,0.1946742192336491,0.014509309887886047,0.012010256744921207,2.5425815803257834e-06,0.0,0.20343468149503072,5.582901460547121
154,0.1979987007209233,0.014587661130087717,0.012226706759205886,2.3854024113307202e-06,0.0,0.21524487976233164,5.820493198354331
155,0.19445972962038857,0.013799061485699244,0.012043512809489454,1.8119775829035234e-06,0.0,0.21482140111923217,6.031594193418529
156,0.19428429453713553,0.014332467821027551,0.011995106920599937,5.6985728785658045e-06,0.0,0.22327835321426392,6.156539913163805
157,0.1884314305952617,0.013664352021047047,0.011650492768202509,2.1759360093009e-06,0.0,0.20921248829364777,5.606203457259015
158,0.1887703927925655,0.013415715832795416,0.011689807525702886,1.6901810060708313e-06,0.0,0.20776467076937358,5.621855190383594
159,0.19104876232147217,0.014007647384490285,0.011801409680928503,4.438879310822382e-06,0.0,0.21038897375265758,5.4724653330573005
160,0.19180915703092302,0.013954766494887215,0.011855408376881054,5.143783520838139e-06,0.0,0.21392783602078755,6.176470041872955
161,0.18316160331453596,0.013532610944339208,0.011307836401675429,2.517794386528977e-06,0.0,0.2161720257202784,5.829459358983768
162,0.18951593508039202,0.014208464012614318,0.01168646701425314,2.2908939288019957e-06,0.0,0.21287079727649688,5.637093204109207
163,0.19208291397775923,0.013742959470621176,0.011888884082436562,1.458407070127724e-06,0.0,0.21471637014547984,5.842028773806056
164,0.18844910400254386,0.013201246398900236,0.011682426050305367,2.4867941180489895e-06,0.0,0.22974943017959595,5.955915443877702
165,0.18454240591185433,0.012857065152909075,0.01144459159991571,3.555293264165625e-06,0.0,0.20994614513715107,5.516829123780855
166,0.18563337899957386,0.013159530931285449,0.011496891917926924,4.400068395348963e-06,0.0,0.20615916593869527,5.667124630330602
167,0.1853533010482788,0.013906884237059524,0.011425814935139247,1.2671047797320106e-05,0.0,0.21805560652414957,5.770297403631888
168,0.18885266387462615,0.013410401036696775,0.011695509409265859,2.0513570136821662e-06,0.0,0.21353669261932373,5.90967968376812
169,0.18961459929602487,0.014076347013669355,0.011700898239655155,5.261188073184541e-06,0.0,0.2086070054769516,5.589430586500324
170,0.1896414098228727,0.01342647970361369,0.011747032139982495,1.9987150979626937e-06,0.0,0.21153444826602935,5.990217136589354
171,0.1862349579504558,0.013272909155913762,0.01152987313164132,2.9404712314224924e-06,0.0,0.2107150381008784,5.885085847538524
172,0.19082002677236284,0.01358826375220503,0.011814680050526346,2.428058607506532e-06,0.0,0.22092205385367075,6.139384530284334
173,0.1913072735241481,0.014279788649507932,0.011796856146837984,1.5619997235651977e-05,0.0,0.2135921368598938,5.711399126751629
174,0.1958137686763491,0.01437369850810085,0.012094665905194623,4.188590069388098e-06,0.0,0.216749147772789,6.332451511600615
175,0.18952505906990597,0.01363999580698354,0.011724629299981254,3.248252635110876e-06,0.0,0.21384690296649933,5.771855518636562
176,0.1872882969890322,0.012971606938966682,0.011620052179055554,3.2972791285257003e-06,0.0,0.21421468472480773,5.804040172498085
177,0.18585083941902433,0.012780104795736926,0.011537244924477169,2.4929489386384318e-06,0.0,0.22421063816547393,5.892900489015279
178,0.18362073484488897,0.013586280809981482,0.011334948823920318,2.1068181964259176e-06,0.0,0.21574257556597393,5.519053389032963
179,0.18468606763226644,0.012893698771085057,0.01145155409084899,3.9175130952272385e-06,0.0,0.2199521231651306,5.951642612241016
180,0.18450736142907823,0.012370042450726032,0.01147530961143119,1.5732484742041475e-06,0.0,0.206815664768219,5.691083952743505
181,0.18811914038658142,0.013196186565927097,0.011660652219184808,2.6934206780770645e-06,0.0,0.21167549459139506,5.719938854959738
182,0.18711723491123744,0.013044899249715464,0.011603065898375852,5.376424404429616e-06,0.0,0.21210374510288238,5.738344184727266
183,0.181528622848647,0.013322745595659529,0.01121157240654741,6.574497684845479e-06,0.0,0.21022139116128286,5.70845456023706
184,0.18538441700594765,0.013189793079027108,0.011478875557226794,2.334661828964865e-06,0.0,0.21668994569778444,5.750127818071809
185,0.18142562639713286,0.0127699440111007,0.011242618108434337,3.3282516003493144e-06,0.0,0.21268367044130962,5.757961736909942
186,0.18312466747420175,0.012742773250809738,0.011358182175883224,1.8546005228594303e-06,0.0,0.21608854750792186,5.782416374999355
187,0.18261153204100472,0.012698040440678597,0.011327312982508114,7.67258997711906e-07,0.0,0.20971614491939544,5.763533807797897
188,0.18301251745223998,0.012630570539406367,0.011357709767563003,3.2893389550433685e-06,0.0,0.21825021529197694,5.756519647359659
189,0.182138756275177,0.012908764083470617,0.011280731752514839,3.831679639182691e-06,0.0,0.2219521911541621,6.098103218168789
190,0.1796291230746678,0.013324640495436533,0.011085275953369481,5.100218961593279e-06,0.0,0.21156910534699758,5.560709665688974
191,0.1792643495287214,0.012772308730653353,0.011098697420741831,2.3274022142599296e-06,0.0,0.21297711833318075,5.918909746235748
192,0.18168255247388568,0.01290958658605814,0.011250113502144814,4.269431160085586e-06,0.0,0.21429216885566713,5.552359494017014
193,0.18020641442707608,0.01414656931587628,0.011064368061721326,1.8921899702660054e-05,0.0,0.2138478633960088,5.659854856630888
194,0.17756100865772792,0.012436643293925694,0.01100782056685005,1.4144771517672033e-06,0.0,0.21247355167071025,5.699577534395662
195,0.1816791717835835,0.01230918863415718,0.011290704670761313,1.8857157468435812e-06,0.0,0.2172516866525014,5.924356182619
196,0.17634687450953893,0.012318191973226412,0.010934934750199318,9.331603705245835e-07,0.0,0.2200286256869634,5.796439751567879
197,0.17516225339685168,0.011955087726669653,0.010880206080419676,8.153871359297681e-07,0.0,0.20801552323500316,5.49855387037005
198,0.17620320051056998,0.012408945432731083,0.01091845032040562,3.500827871098368e-06,0.0,0.22791591517130533,5.9730045818949264
199,0.1781244716473988,0.012200980920876776,0.011061056148793016,1.5296256452736705e-06,0.0,0.2426618271668752,6.157603524666245
200,0.1739273612158639,0.012452062993177346,0.010764552699668067,1.4019566653851814e-06,0.0,0.20997200453281403,5.4654285315304305
201,0.17607878589630127,0.01205488710211856,0.010934578037687711,1.0456517243651678e-06,0.0,0.21801773929595947,5.577198304825613
202,0.17720814919471742,0.012688296775732721,0.010967581802180834,1.2251624125705669e-06,0.0,0.22151593073209128,5.539781010998238
203,0.17980007231235504,0.012213348185377462,0.011171863056719303,1.7556410780125629e-06,0.0,0.21375611237684886,5.686466887320118
204,0.17629154191698346,0.01238204227494342,0.010926781636263642,1.5549348223203703e-06,0.0,0.21001459995905558,5.729843326622271
205,0.1760206698860441,0.011920935326388904,0.01093960574056421,1.1296718286666976e-06,0.0,0.21888075482845307,5.794087289538909
206,0.18094041201046535,0.012679035428379263,0.011216928420322281,1.4901504819602808e-06,0.0,0.20991698622703553,5.473267460614535
207,0.17103188499382563,0.013155843667685985,0.010524620240288121,1.3476041466162768e-06,0.0,0.22448045615355175,5.609978297389342
208,0.17502162642138344,0.01276314131383385,0.010816543393901416,2.066675074753935e-06,0.0,0.2187383483250936,5.523243859436368
209,0.17884214537484305,0.012647838058216232,0.011079186049955232,1.3034635226460978e-06,0.0,0.21274439044793447,5.53065156140298
210,0.17540937885216304,0.011905187375843524,0.010899634655032839,1.9342363649660197e-06,0.0,0.21029642673333485,5.450951272757747
211,0.17313094086306435,0.01184162473572152,0.010752343055393014,8.338547252518654e-07,0.0,0.2138967263698578,5.496725232997602
212,0.1696716116155897,0.012485366104968957,0.010477038440959794,6.133705253205335e-06,0.0,0.2073469528357188,5.3750943361872245
213,0.1756450162444796,0.011779837664748941,0.010923936370228019,1.226367743121047e-06,0.0,0.21156324831644693,5.6460999270002326
214,0.1769557316643851,0.01174796463655574,0.011013513202113764,1.0135128998239714e-06,0.0,0.22267784110705058,5.809268739216389
215,0.1726406512260437,0.012049829816179617,0.010705650263598987,1.213461887595064e-06,0.0,0.21302646148204804,5.557347827040775
216,0.1742769023690905,0.012322432092257909,0.01079661962389946,1.0353964748069139e-06,0.0,0.22585848259925842,5.740999185997942
217,0.17655897465773993,0.012329036347568035,0.010947991850120681,2.0121094741164366e-06,0.0,0.22114227056503297,5.895067970792068
218,0.17407966090951646,0.011543469260845866,0.010835396483540535,1.0487069663897485e-06,0.0,0.2130863221883774,5.630063744813668
219,0.1773285286937441,0.011762960592550891,0.011037248883928572,1.3665312088020037e-06,0.0,0.21095246386528016,5.2954709041801
220,0.17550535363810402,0.011981882550886698,0.01090104312875441,1.5643581300410453e-06,0.0,0.21666489752133689,5.6185735111558435
221,0.1744908001422882,0.011816568550254617,0.010844418135072503,1.5916887061995866e-06,0.0,0.22376296798388162,5.796940118678654
222,0.17160945342268263,0.011876856232328075,0.010647910516176905,2.7874740250787763e-06,0.0,0.20865443559487662,5.5614710702734556
223,0.1730667406831469,0.011815681255289487,0.010749610100473676,1.3812923379861175e-06,0.0,0.21276767826080323,5.495499307384864
224,0.17692296814918518,0.01215310921307121,0.010983699670859746,2.8724723232329553e-06,0.0,0.2255880765914917,5.719066855305345
225,0.1734535745722907,0.012494322538375855,0.010730033375322818,1.750664368001864e-06,0.0,0.21762648129463197,5.68702731811234
226,0.1693232808623995,0.011832193735454764,0.01049891419868384,1.4750085614849694e-06,0.0,0.22254350984096527,5.84135763602541
227,0.17780483330999103,0.011978118681481907,0.011054598342095103,1.5476231085895163e-06,0.0,0.2167952139377594,5.455131306432469
228,0.1753655172586441,0.012102972972605909,0.010883639886975289,1.5891108454391758e-06,0.0,0.21803361535072327,5.635690518926005
229,0.17221297681331635,0.012074445899043764,0.010675443539662021,1.3756230486962856e-06,0.0,0.21704494440555572,5.396585357586621
230,0.1714049813406808,0.011428686149418355,0.010664777225681713,9.273641108009656e-07,0.0,0.2129785950978597,5.490069843555007
231,0.16786576572486334,0.011980815002960818,0.010388840827558721,1.0467832572500818e-05,0.0,0.22462094676494598,5.55904998292638
232,0.1663260564633778,0.011489507987030915,0.010322023039417608,1.2404837472241224e-06,0.0,0.22266709891955058,5.656817452296031
233,0.16460292504514967,0.011329809467707362,0.010217745246631759,1.3874528877401308e-06,0.0,0.22375654304027556,5.505793603765483
234,0.16994557292120796,0.011443931097430842,0.010566477677651814,8.953306392368417e-07,0.0,0.21878269894917807,5.570219073493989
235,0.16846364835330419,0.011998601154557297,0.010430692051138196,9.334766643445442e-07,0.0,0.21388850184281666,5.4594209353631555
236,0.1688305778844016,0.01156379980381046,0.010484106245849814,1.0370461811812148e-06,0.0,0.22077230286598207,5.863842651598628
237,0.16870443631921495,0.011594243475369045,0.010473553795899664,1.3773189183120695e-06,0.0,0.21265793641408284,5.678165125711805
238,0.1740049331188202,0.01147516439642225,0.010834822839924268,1.4854055881673593e-06,0.0,0.21885529959201813,5.427935649459143
239,0.16716984048911504,0.011574362326945578,0.010372411012649536,1.862415795704437e-06,0.0,0.2114470146894455,5.498872920463135
240,0.1717521151304245,0.01134820631997926,0.010693313651851246,8.408403755026938e-07,0.0,0.2241788369814555,5.743249610931021
241,0.16782106178147452,0.01140217003332717,0.010427049561270645,2.629454610376669e-06,0.0,0.21599501041571298,5.5388613234488835
242,0.17059468267645156,0.011313642192099776,0.01061845802622182,8.340108480771364e-07,0.0,0.22393699216842652,5.703678315085746
243,0.17122977604184833,0.011151251971721649,0.010671609227146422,8.774281610191638e-07,0.0,0.22368841608365378,5.805384696716042
244,0.16949578276702335,0.011637942430164134,0.010523489675351551,1.0990074736270118e-06,0.0,0.22165637075901032,5.597232892772412
245,0.16790266590459005,0.011257227235606739,0.010442659135375704,1.110635486822696e-06,0.0,0.21515379476547242,5.442387245762694
246,0.16923245595182693,0.011343214245779174,0.01052571766184909,6.954208369803284e-07,0.0,0.21624058878421784,5.499651974035536
247,0.1649194619825908,0.011628253396068301,0.010219018038894448,1.1880966940836275e-06,0.0,0.2241268813610077,5.524787675177753
248,0.16819397917815618,0.011283312440982888,0.010460357293486594,1.0612237848428257e-06,0.0,0.22023143593470257,5.649923381519288
249,0.16491782294000898,0.011071429968944618,0.010256169887525694,7.687965322639632e-07,0.0,0.21991161918640137,5.5289822695410695
250,0.1644442493064063,0.011318453025604998,0.010207902202648776,1.4523704772143123e-06,0.0,0.22610516679286957,5.738692500961078
251,0.16868867347921643,0.01150215313902923,0.010478767025683608,1.0030823330445012e-06,0.0,0.22521572943528492,5.742950039905308
252,0.16146329496588024,0.011169331551662514,0.010019221152578082,1.1289700706415472e-06,0.0,0.22186872426668802,5.539842000860938
253,0.16819713088444302,0.011087579369544983,0.010473600230046681,1.109705199058096e-06,0.0,0.2182367097934087,5.5041074998407495
254,0.16994344552925655,0.011255521280424936,0.010578785828181676,1.2274630292838294e-06,0.0,0.2244809831380844,5.537944150780429
255,0.16405915187086378,0.010842360729617731,0.010214189427239555,7.902681700662535e-07,0.0,0.21907994174957277,5.535876165254209
256,0.1645744041119303,0.010987547352910042,0.010238892488713775,6.938451559369087e-07,0.0,0.2246100782553355,5.613187462877651
257,0.16753412292684827,0.011077672021729606,0.010429905444383622,1.5739358120621106e-06,0.0,0.2193825674454371,5.59240006419793
258,0.15911880927426475,0.011191964954137802,0.009861475901944297,9.413058864922163e-07,0.0,0.21733867915471394,5.512837750253199
259,0.1621568421295711,0.01074676638948066,0.010093738560165677,7.995340920531177e-07,0.0,0.21462394869327545,5.516004188356688
260,0.16750607447964805,0.011304685237152235,0.010413053275219032,1.1184053691848027e-06,0.0,0.2238328278064728,5.505925150371249
261,0.17109086993762426,0.0115023306576269,0.010638202584215573,3.100268112931578e-06,0.0,0.22920998326937359,5.828828234889678
262,0.16770561041150775,0.011321808466953891,0.010425327228648322,7.786383824606803e-07,0.0,0.22568093991279603,5.55315009670165
263,0.16764940126453126,0.011613476923533848,0.010401762553623744,1.8969397644042882e-06,0.0,0.22031322809060414,5.5742009912864825
264,0.16046485209465028,0.010917644160134451,0.00996930934063026,1.513536329499386e-06,0.0,0.22839652625719706,5.42708841314115
265,0.16257665586471556,0.01082304151462657,0.01011625502364976,1.957529495490868e-06,0.0,0.21657862997055052,5.594869292651331
266,0.16113160279818944,0.011154176998351301,0.009997554456549032,2.8219560544552483e-06,0.0,0.2335486640135447,5.578587516834765
267,0.1609248924936567,0.011133895461048399,0.00998521808960608,2.545208856493231e-06,0.0,0.2167791922489802,5.450470045586999
268,0.16105502699102675,0.011019783301012857,0.010001974760421684,1.1249042698864286e-06,0.0,0.21572834372520447,5.4021332001616305
269,0.1596812571968351,0.010681991452617305,0.009933032007089683,7.57230717946898e-07,0.0,0.2208896509806315,5.359898386305942
270,0.15987960163184575,0.011103621540325029,0.009918083611343588,9.452937327185345e-07,0.0,0.21842123277982076,5.3727789119018565
271,0.16258973133563995,0.010678961620799133,0.01012714809924364,7.096205801678325e-07,0.0,0.22104118581612905,5.59361322257798
272,0.15439021312338966,0.01078882199738707,0.009572952653680529,1.4205725792330513e-06,0.0,0.21298542459805805,5.369622885150127
273,0.16304477144990648,0.010735627689531872,0.010152356189276492,4.7599777298858365e-06,0.0,0.22257157675425213,5.537916693381982
274,0.1570827898808888,0.0106256453660982,0.009763594909438065,6.439286675856693e-07,0.0,0.2385420507589976,5.846130899796352
275,0.16384430999415261,0.010906811172408716,0.0101955931527274,7.206553681639503e-07,0.0,0.2243961662054062,5.421112995183515
276,0.16246982625552586,0.01099971455335617,0.010097664679799761,1.0280774634003898e-06,0.0,0.22109709163506827,5.494023741316408
277,0.15894895580836704,0.010425882779061795,0.009901210882834025,9.820847297074473e-07,0.0,0.23193385473887126,5.728326042780633
278,0.1613129846709115,0.010651546152574675,0.010043783739209175,9.364475787477947e-07,0.0,0.22568973835309347,5.399115710175286
279,0.16060796001979283,0.010821536283407892,0.009985581098922662,5.416548676058547e-07,0.0,0.2256986945470174,5.388494061384335
280,0.15919168165751865,0.011004538646766118,0.009878718779555389,1.2721619973993078e-06,0.0,0.22616129390398662,5.520338335376285
281,0.1582085200548172,0.010387618709887777,0.009854507723024913,6.570673738833323e-07,0.0,0.22467298710346223,5.300737137073418
282,0.15996252196175711,0.010482499188610486,0.009965154309357916,5.413072841946587e-07,0.0,0.21956714057922364,5.308319187179766
283,0.1549497799532754,0.010407436399587564,0.009635799464370523,1.0699738632037484e-06,0.0,0.2246892438729604,5.537543038431347
284,0.1611181138242994,0.010632673122520957,0.010032101182000978,7.844306743202928e-07,0.0,0.22735170980294545,5.3920380997339725
285,0.1570536758814539,0.01018228905009372,0.009791133634746074,8.763773153950589e-07,0.0,0.22148572091261545,5.43946421086937
286,0.15796610443932668,0.01061776282212564,0.009822848891573293,1.1215043565874691e-06,0.0,0.22270854103565216,5.547348306941632
287,0.1557305120229721,0.010563149651246412,0.009677356989255974,1.4017389586916197e-06,0.0,0.22311806138356527,5.4629958859267695
288,0.15427703738212586,0.010538753557418073,0.00958235705856766,5.853899584221825e-07,0.0,0.2234348516066869,5.424452100666006
289,0.15507478966031757,0.010249980086726802,0.00965474955524717,7.131186539565602e-07,0.0,0.2272510935465495,5.575665905916704
290,0.15666142216750553,0.010402274255241666,0.009750368457819734,7.240077943059729e-07,0.0,0.22350965571403503,5.458313494277122
291,0.15582964757510595,0.01047732942125627,0.009689844478453908,9.303627558232235e-07,0.0,0.22937134726842245,5.593283709962332
292,0.15586115866899491,0.010380756103566714,0.009698505222797393,5.649294154948288e-07,0.0,0.23023343249162037,5.590683956119261
293,0.154065366762025,0.010018111204462391,0.009602889573999813,7.820684138943245e-07,0.0,0.2217361401716868,5.4491756137269105
294,0.15513811829260418,0.010269720674625464,0.009657674588795219,6.560143130422651e-07,0.0,0.2220064703623454,5.380579357849068
295,0.15561664417811802,0.010231367180390017,0.00969216557911464,5.587348941337009e-07,0.0,0.2218227295478185,5.417202483255898
296,0.1568572736297335,0.010353960568351405,0.009766515831862178,1.115089467010222e-06,0.0,0.22532670617103576,5.461618663180779
297,0.15066773288590568,0.01030802201798984,0.009357098012098244,6.481489262617807e-07,0.0,0.21955712401866914,5.418514287889342
298,0.1561425508941923,0.010586805221225534,0.009703521573117801,5.846914733110354e-07,0.0,0.22735026892026267,5.406640490477139
299,0.158396804026195,0.010086720321859631,0.009887131067258971,6.233880098126373e-07,0.0,0.23522593979040782,5.6864355489641145
300,0.1506954723255975,0.009965653706874167,0.009381737378026759,7.514613152957824e-07,0.0,0.2251501567363739,5.431540606665753
301,0.15473154948438916,0.009847245340900762,0.009658621381436076,9.969220101047377e-07,0.0,0.22790322959423065,5.303689532922023
302,0.1518223455803735,0.010068538102720464,0.009449603829000678,1.9503463227879624e-06,0.0,0.22999328843752542,5.52053100576217
303,0.15047451799256462,0.010259481252304145,0.009347267518086093,1.2047617684061151e-06,0.0,0.23487003763516745,5.5381240304186345
304,0.15553928434848785,0.010312922494752066,0.009681611850857735,4.371396413733107e-07,0.0,0.22621648057301838,5.480431601818948
305,0.15594070976121086,0.009977469039814812,0.00973068893807275,5.81306813381691e-07,0.0,0.22949513343969982,5.577259919132608
306,0.15383232894965582,0.010099858075380325,0.009581885760383947,8.368089010224773e-07,0.0,0.22511052298545836,5.5129497167281665
307,0.14846734304087503,0.009844619086810521,0.009241266891360282,7.442475141528706e-07,0.0,0.21944300039609274,5.200483602763985
308,0.14917185696533747,0.010141555953238691,0.009268413359565394,8.198291988293757e-07,0.0,0.22638277943929036,5.405637168471693
309,0.1499830425126212,0.00993636178970337,0.009336232182170664,6.397747413525881e-07,0.0,0.22567663061618806,5.470107793106361
310,0.15066968730517796,0.009961170003882476,0.009380386417465551,5.4408700382323e-07,0.0,0.22756071209907533,5.321992065254029
311,0.14787976963179453,0.009976597641195569,0.00919332889627133,6.476260357532381e-07,0.0,0.22878662474950154,5.435184384367172
312,0.15043750068119593,0.010257357908146723,0.009345076113939286,8.004310804758623e-07,0.0,0.22814860435326895,5.399177412587178
313,0.1494498277732304,0.010011401452124119,0.009295689873929534,6.160087861195913e-07,0.0,0.2263039091428121,5.433214240211781
314,0.15196855759620667,0.010158122516104153,0.009453848640833581,5.408853485408776e-07,0.0,0.23328319529692332,5.455339923879367
315,0.14878392842837743,0.009828749668385301,0.009263435833156109,7.28020759355376e-07,0.0,0.2389372705221176,5.5301310500591425
316,0.1496130008016314,0.009867845546986375,0.009316153153777122,5.715984390518411e-07,0.0,0.22731147476037344,5.447273549238311
317,0.15435951461110797,0.009921773143112659,0.009629012746470315,5.100990188842454e-07,0.0,0.23714645608266194,5.373637040158995
318,0.14896063816547395,0.009622265831700394,0.009289008907973767,6.474504693643825e-07,0.0,0.22631920687357585,5.509488274988538
319,0.15106609894548143,0.009875332800405366,0.00941246958822012,7.447787664972719e-07,0.0,0.23115047097206115,5.404387909434544
320,0.1477841467687062,0.00982061335763761,0.009197384817259652,5.526111074206799e-07,0.0,0.22768629026412965,5.529407267334282
321,0.15254754742554255,0.010082194196326392,0.009497427478432656,7.881692117658799e-07,0.0,0.2331158798535665,5.62162582476353
322,0.15417754341874804,0.009595007680356503,0.009638690752642495,4.3499542160978826e-07,0.0,0.24061397902170817,5.570901976388737
323,0.1481562752042498,0.009908575836036887,0.009216340649340835,5.178773915654387e-07,0.0,0.2285006779829661,5.474900065728805
324,0.14771749656541006,0.009794870040246418,0.009194691869829382,4.499715352506785e-07,0.0,0.2306501024166743,5.400259489975804
325,0.14506744738987515,0.00976721860894135,0.009019859266068254,4.6780112864678156e-07,0.0,0.22708711596330006,5.429210423404535
326,0.1515350501877921,0.009902530507317611,0.009441997928278786,5.09998348044454e-07,0.0,0.2404688371817271,5.560197176674966
327,0.1455945282663618,0.010060979766505105,0.009035372367927006,5.929802224185567e-07,0.0,0.23774858224391937,5.629652410131917
328,0.1488574091706957,0.009919948294758797,0.009262338446719306,4.770127283312116e-07,0.0,0.2308832568327586,5.454807919127523
329,0.14637265404633112,0.009519919533814702,0.009123288600040334,6.812137912299526e-07,0.0,0.23522503582636514,5.313902020779846
330,0.14527669055121287,0.00971621878764459,0.009037202017647879,4.884426932909897e-07,0.0,0.2373376979827881,5.662063672230862
331,0.14533794953141893,0.009699454136192798,0.009042430184781552,4.087774439506729e-07,0.0,0.23152430284023284,5.285596846428871
332,0.1512560714142663,0.009766972541809082,0.009432423391512462,5.495350160069952e-07,0.0,0.23211395347118377,5.556502180281682
333,0.1451769780261176,0.009596289779458728,0.009038394129702023,9.554807907391019e-07,0.0,0.2310822877883911,5.592830709160029
334,0.1434545614549092,0.00951473087391683,0.008929106281272003,6.472967965091162e-07,0.0,0.23398023088773093,5.387298952512178
335,0.14462506718294962,0.009634413057139942,0.008999215455991881,4.845547346355212e-07,0.0,0.22604358160495758,5.2799917169415505
336,0.14733963540622166,0.009453757755458356,0.009192218061004367,5.214997444856603e-07,0.0,0.2274810422261556,5.168123152842504
337,0.14772465898309436,0.009599948989493507,0.009208153483058725,4.815908925259738e-07,0.0,0.23129707809289296,5.439485524851294
338,0.14554602781363896,0.009640384571892875,0.009060241886547634,4.0332360497734906e-07,0.0,0.23094718782107035,5.510719295956364
339,0.14173708764144352,0.009730615927704743,0.008800261685890811,5.092702301122845e-07,0.0,0.2337110824584961,5.451977751458003
340,0.14500404366425104,0.009320860511490277,0.009045396094343492,4.4850541427725916e-07,0.0,0.22660080858071646,5.317004137508556
341,0.14619910929032734,0.009366356813481877,0.009122041242995432,4.268427564276018e-07,0.0,0.23346792010466258,5.55525280856109
342,0.1449809707403183,0.009508185206779412,0.00903135358435767,4.962190008695546e-07,0.0,0.23079960910479227,5.395384117225888
343,0.14373838034697942,0.009437394425272942,0.008953195344124521,6.110642897019554e-07,0.0,0.2320907677412033,5.247097579973955
344,0.14709738817385265,0.009510664476880006,0.009172235749661922,6.378674222610974e-07,0.0,0.2367116781870524,5.3848075427079385
345,0.14454267024993897,0.009499732647623334,0.00900272562354803,4.106102086574026e-07,0.0,0.23789864361286164,5.464569561021287
346,0.1446835493189948,0.009701056875288487,0.008998710834554264,3.660931308218096e-07,0.0,0.23421370391050975,5.390927495237077
347,0.1468154811859131,0.009673383760665144,0.009142630588795457,5.277438486679387e-07,0.0,0.22953128826618194,5.325282288783367
348,0.14019575224603925,0.009362729139626026,0.008721974421824728,6.811695598502508e-07,0.0,0.2336033449967702,5.497960515805889
349,0.14491294739927565,0.009462104638772352,0.009029920497110912,4.0709351399722694e-07,0.0,0.23402653447786967,5.3688942164624756
350,0.1441902653319495,0.009549815795251302,0.008975893397416387,4.0985621557873555e-07,0.0,0.23490972594420115,5.382166575234692
351,0.13980550423690252,0.009543259908046041,0.00868401964115245,3.8987010779578666e-07,0.0,0.2361924037138621,5.377560318103631
352,0.14394196902854103,0.009358968484614576,0.008972037161567381,4.884992856659664e-07,0.0,0.2384422118663788,5.4267601672642725
353,0.14290486398765018,0.009236552166087287,0.008911131342606885,2.6828404837329704e-07,0.0,0.2303413089911143,5.357497325186145
354,0.1474187150342124,0.009426192136215312,0.009199355174388205,4.3899921273243034e-07,0.0,0.2429587076505025,5.643952728435014
355,0.13871086023535048,0.00950867273658514,0.00861331758754594,4.844972630542494e-07,0.0,0.22904840064048768,5.348302387520236
356,0.14661688433374678,0.00949035089143685,0.009141599611512253,5.076186961969447e-07,0.0,0.2351682469447454,5.499272333143626
357,0.14475153361048018,0.00934603470989636,0.009026851468852588,5.453439116191053e-07,0.0,0.2339829615354538,5.445493055339826
358,0.14337267431191036,0.00929287220111915,0.008938467113035066,5.589895222247573e-07,0.0,0.24113327002525328,5.4840233231717175
359,0.13999134923730577,0.009393323533236981,0.00870638484241707,4.505305658923296e-07,0.0,0.23647696685791014,5.390893973123008
360,0.13839564766202656,0.009160957484373025,0.0086154748616474,5.133695674227771e-07,0.0,0.23449188005924224,5.384530524579612
361,0.1416512425967625,0.009249344171157905,0.008826631212873118,4.858476649397377e-07,0.0,0.2339615129629771,5.336383649958167
362,0.13775973383869444,0.00933173239656857,0.008561717411237103,4.479302771228179e-07,0.0,0.23626791687806448,5.339725143926748
363,0.14452796498366766,0.00930535647911685,0.009014757602342537,2.4894988956398427e-07,0.0,0.23638461991151175,5.352815265159864
364,0.1428579545361655,0.009168406805821828,0.008912450580724648,5.578823021602984e-07,0.0,0.23415203762054443,5.309314030723757
365,0.14032486140727995,0.009203568256327083,0.008741306334733964,3.3966696677875264e-07,0.0,0.23432794141769409,5.449260911160785
366,0.1375484961782183,0.009179397886352879,0.008557813474110195,3.79327419825667e-07,0.0,0.2349306995868683,5.347274344971685
367,0.14112415959153857,0.009254743138594286,0.008791173253740583,3.6339627007464516e-07,0.0,0.23443282691637676,5.276237420659697
368,0.1390707550048828,0.009000504146197012,0.008671167057539736,5.491934577395798e-07,0.0,0.23332195444901785,5.3986406010335015
369,0.13985057651996613,0.009128583318420818,0.008714660295418331,4.179232601867636e-07,0.0,0.23440062673886616,5.334543782576547
370,0.1387568897179195,0.009140726830810308,0.008640942882214274,4.0405073937677116e-07,0.0,0.2373313100337982,5.318492769844942
371,0.13768578139373233,0.009229767513062273,0.00856360691998686,3.8207718208736556e-07,0.0,0.23615557964642842,5.413911987444081
372,0.14199298070158278,0.009373119069529432,0.00884119855186769,3.7667759055791196e-07,0.0,0.22986276332537334,5.32869762037021
373,0.13861198231152125,0.009149916999042034,0.008630679694669588,3.7393264729855347e-07,0.0,0.23080878098805746,5.289155938640666
374,0.13776660141774585,0.009008959218859672,0.008583709625793355,3.9949082145694447e-07,0.0,0.2370084040959676,5.409339117854726
375,0.13916268934522355,0.009155984197344098,0.008667003516639982,3.304887674087098e-07,0.0,0.2400505832831065,5.466620183832124
376,0.13709417942592075,0.00922726478853396,0.008524321801960468,4.177247293815713e-07,0.0,0.23118717730045318,5.2642480089846275
377,0.1382187307902745,0.009244338210139955,0.008598038439239774,7.633726171473653e-07,0.0,0.23657238658269247,5.506090642348168
378,0.13583760942731585,0.009229084240538733,0.008440397301954882,5.131164004126276e-07,0.0,0.238176659822464,5.411232204527101
379,0.1394059248822076,0.009073580606707505,0.008688703512506826,3.5870126065315083e-07,0.0,0.23614868434270223,5.457669140665225
380,0.13603596903596604,0.009050378930355821,0.008465559083968401,4.404699470366781e-07,0.0,0.2337857147057851,5.325326299563686
381,0.13900683431965966,0.009092052336250033,0.008660887980035373,2.9260834041419264e-07,0.0,0.23598872009913127,5.301137722798263
382,0.13749114183017186,0.009077432969851152,0.00856077938420432,4.0367673411318656e-07,0.0,0.23079051844278972,5.348679696908739
383,0.1328334845304489,0.008993387263800418,0.008255909115076066,2.922738903886771e-07,0.0,0.23182253499825795,5.354081760985106
384,0.1384047441993441,0.009012156144848892,0.008626061227704797,3.3421132708610913e-07,0.0,0.23946527099609374,5.526480509678569
385,0.13136436528818948,0.009043585760252817,0.008154614231416158,3.132509878367123e-07,0.0,0.2309676471153895,5.289062681241844
386,0.1359440933721406,0.00905406096790518,0.008459208412361996,3.810929762835258e-07,0.0,0.2377236073811849,5.334674191305476
387,0.13371203028304235,0.009016600939844336,0.008312912263508354,3.4887342550047964e-07,0.0,0.23621051239967347,5.387198842210001
388,0.13693792022977558,0.008827118875724928,0.008540584138461522,4.0781247227781947e-07,0.0,0.23726667841275534,5.2317941183538945
389,0.13309378518377032,0.008917874663003854,0.008278264342674188,3.893818927329968e-07,0.0,0.23514667940139772,5.33675138169242
390,0.13467194305147442,0.00894652768863099,0.008381559576307025,4.044730067594823e-07,0.0,0.23406274704138438,5.244302907048484
391,0.1319963233896664,0.009213639779814651,0.008185410015817199,3.0664275591009623e-07,0.0,0.23607680646578472,5.400890084337423
392,0.1369686472926821,0.009122304589620659,0.00852297741068261,3.36160957544962e-07,0.0,0.23301865084966022,5.417183341823793
393,0.1371562112058912,0.00890029833891562,0.008550266141338008,3.8432360486240214e-07,0.0,0.23512370479106903,5.34787728751003
394,0.13681025167873928,0.008867291399410792,0.008529419788292476,3.3247461154165386e-07,0.0,0.23702360161145528,5.32365027380404
395,0.1321061547568866,0.008843129242105143,0.0082174205891788,3.434462681481319e-07,0.0,0.23343965752919515,5.279931337707287
396,0.13837038959775652,0.008888524238020182,0.00863200472614595,3.58499915591004e-07,0.0,0.2371341945330302,5.329906268538513
397,0.1303907298871449,0.008800380133092403,0.008105917817247765,3.1667438439748303e-07,0.0,0.23186460216840107,5.341613349654823
398,0.1360600598709924,0.008908589190138238,0.00847663603829486,3.8578404292114293e-07,0.0,0.2326655580997467,5.259005638873498
399,0.13156251836674554,0.008896348189562558,0.008177622031952653,3.682206383014578e-07,0.0,0.23583831238746644,5.333988257880791
400,0.13146690683705467,0.00903110464236566,0.008162227735987732,4.771110021672647e-07,0.0,0.23924220617612202,5.364545343749404
401,0.13407312182017736,0.008927606327193124,0.008342936921332565,2.925534935554554e-07,0.0,0.23642035524050395,5.341976548766267
402,0.13684399561371122,0.008900415445012706,0.00852941893307226,4.59402160907071e-07,0.0,0.238692888657252,5.305219521266549
403,0.1375942667552403,0.008929988557738917,0.008577492315322162,3.786615548498113e-07,0.0,0.23765966542561848,5.3884995659276935
404,0.1330867444872856,0.008901697715478284,0.008278889474592039,3.4077527445524375e-07,0.0,0.23878308176994323,5.339018311167291
405,0.13038981412138256,0.008828659519553184,0.008103968347821917,3.257918821008486e-07,0.0,0.23581667510668436,5.274859462749121
406,0.13434661697489875,0.008943175375461578,0.008360115521188293,3.419393614549904e-07,0.0,0.23824073974291485,5.350024164198257
407,0.13491198010104044,0.008971556411789997,0.00839590949778046,3.562614452213048e-07,0.0,0.23458409535884858,5.25266745038875
408,0.13726693868637085,0.008876385983611856,0.008559273340872356,2.904154383713831e-07,0.0,0.23507075015703838,5.290032819243552
409,0.13124151180471694,0.008834435600255217,0.008160381114376444,2.721422587532401e-07,0.0,0.2363283624649048,5.311848299812886
410,0.1340345289196287,0.008837719085493257,0.008346354162054403,2.995173145044256e-07,0.0,0.2378016993999481,5.298108106380481
411,0.13295768429551805,0.00888212687043207,0.008271615142268793,2.66027586309495e-07,0.0,0.23702873428662619,5.3868265985482395
412,0.13307631739548276,0.008831845461257867,0.008282863286989076,3.050060651211035e-07,0.0,0.23807040055592854,5.264848001906099
413,0.13125681703431266,0.008769457662211997,0.008165703388197082,3.615820106180731e-07,0.0,0.23616547918319702,5.325391674630831
414,0.13259940294708525,0.008711905751909528,0.008259072743356228,2.8099817905058444e-07,0.0,0.24039635149637859,5.363314621566187
415,0.13043429468359266,0.008702766012932572,0.008115345730313233,2.688662377020431e-07,0.0,0.23535110394159953,5.298076211386251
416,0.13071304045404708,0.008808796282325473,0.008126839284385954,3.3092958761723624e-07,0.0,0.23713864517211913,5.216614663448277
417,0.13609307781287602,0.00880476072217737,0.008485792510211468,2.8581481915373225e-07,0.0,0.23631306433677673,5.2406644795669255
418,0.13390316341604505,0.008734851125095571,0.008344452769628592,3.0432604498896255e-07,0.0,0.23718120169639587,5.299490356784551
419,0.1318196679183415,0.008841065068330083,0.008198486626148223,2.6030039118398107e-07,0.0,0.23621034129460652,5.223051857719446
420,0.13014299740961618,0.008777114275310721,0.008090970202748264,2.6623705863317227e-07,0.0,0.23647099669774374,5.329344638695857
421,0.1302291006360735,0.008812226189034326,0.008094324676053864,4.0074230302497177e-07,0.0,0.23859575569629668,5.255250644008751
422,0.13078814465659006,0.008696563826075622,0.008139337833438601,3.025855908934513e-07,0.0,0.2404602760473887,5.311978221832182
423,0.1315284411907196,0.00876627678796649,0.008184048132172652,2.8870217116962393e-07,0.0,0.23829334171613056,5.345917870894124
424,0.13064040526321957,0.00861172659269401,0.008135147967508862,2.918834936999864e-07,0.0,0.23882420961062115,5.2621082890463065
425,0.13252530356815884,0.008685868389904499,0.00825586149469018,3.027638378390358e-07,0.0,0.24053925490379333,5.419760722131634
426,0.12914131101540158,0.008748388303177698,0.008026087178715637,3.2285533832724207e-07,0.0,0.2404005249341329,5.326152234356558
427,0.13065212609086718,0.008760781364781516,0.008126006877315895,2.4823316307122566e-07,0.0,0.2406414651075999,5.313918668774199
428,0.13335996976920536,0.008693309444401946,0.00831100192080651,3.266741506422477e-07,0.0,0.2406912964185079,5.246241287014633
429,0.1334729286772864,0.008699407079390117,0.008318129393139057,3.1629900498078965e-07,0.0,0.23545851198832193,5.259864596257767
430,0.13210160967281886,0.0087238464312894,0.008225091275359904,2.7884598973011116e-07,0.0,0.23939231236775715,5.313728111809897
431,0.12973000855105263,0.008608201098229204,0.008074697235865253,2.6991249793744436e-07,0.0,0.23565480518341064,5.3137619869334785
432,0.1280841280732836,0.008513434930571488,0.007971262843481132,3.502674657300174e-07,0.0,0.2360214842160543,5.264176332168134
433,0.13057328139032637,0.008663827378834997,0.008127210531915938,2.5949583978806294e-07,0.0,0.23858971452713013,5.327262902021915
434,0.13255929087741034,0.008557258846504347,0.008266721815935203,2.4088022241487905e-07,0.0,0.23834401702880859,5.319235160756197
435,0.12782982766628265,0.008681903365467276,0.007943052283355168,4.2780096972754627e-07,0.0,0.23781774814923604,5.281973589740324
436,0.1264918006317956,0.00861626655182668,0.007858275698231798,2.8002319046192626e-07,0.0,0.23791764227549236,5.338168716088169
437,0.12931227516276494,0.008646142256047044,0.008044319143518806,2.691515937434425e-07,0.0,0.23895760337511698,5.3573666654317655
438,0.13179072262559619,0.008592823354261262,0.00821309807151556,2.8547373455824397e-07,0.0,0.23928150129318237,5.303632244651128
439,0.1300549979380199,0.008598703880927393,0.008097010594393526,2.272475914131584e-07,0.0,0.2400671848456065,5.330243373316973
440,0.12623886202062878,0.008596966989338399,0.007842700534101044,2.774823674034366e-07,0.0,0.23849830182393392,5.37213792217242
441,0.12550602329628807,0.008568844583949872,0.00779570646956563,3.162232702180745e-07,0.0,0.23825082898139954,5.3146967289020495
442,0.1297259698169572,0.008681223926799637,0.008069545980010714,3.1128658052434083e-07,0.0,0.2385352607568105,5.267774953138504
443,0.12836793528284346,0.00866342190440212,0.007980216802230903,2.5216822521250445e-07,0.0,0.23849640520413717,5.24273421456112
444,0.12750343127761568,0.008687026876956225,0.007921002440686737,2.7358516185164004e-07,0.0,0.23701918156941731,5.295877409664395
445,0.12863402730226517,0.008536436288484505,0.008006412788161209,2.7995179759240534e-07,0.0,0.23856594228744507,5.290312011833128
446,0.12288208345004491,0.008520979809973921,0.007623991477702345,2.463107025789668e-07,0.0,0.2382876199881236,5.293188583258935
447,0.13096148649283817,0.008619004354945252,0.008156079760619573,2.568655196617848e-07,0.0,0.23835173082351685,5.290242653943338
448,0.1284409486566271,0.008615716297711644,0.007988259796585356,2.671280485507006e-07,0.0,0.23813349707921347,5.308852236029469
449,0.12830381201846258,0.008612258448132447,0.007979337520897389,2.981456600009226e-07,0.0,0.23867414418856303,5.311092060964074
450,0.12743341095958438,0.008600708827376366,0.007922092894358294,2.6169838957506337e-07,0.0,0.23836294142405193,5.287707784492956
451,0.12546287590265273,0.008547230782785586,0.007794288859835693,2.6261724070358077e-07,0.0,0.2393759270509084,5.304447044713305
452,0.13017188749994552,0.008522598858390535,0.008109865520681653,2.6124737196044275e-07,0.0,0.23915147765477499,5.314805509239403
453,0.12648527479171753,0.00863084277138114,0.007856869098331247,2.793247274561444e-07,0.0,0.2370092918872833,5.27061526763627
454,0.12786723569461278,0.008554443630789008,0.007954101484801088,2.539466560622015e-07,0.0,0.23688242387771608,5.300235765027368
455,0.12800305036987578,0.008516985794263226,0.007965650474918741,2.6164920002104604e-07,0.0,0.23966670608520507,5.282810273268019
456,0.13086798419271198,0.008492330857685634,0.00815830121934414,2.2700821272841106e-07,0.0,0.23745062343279522,5.276596073258351
457,0.13473070658956254,0.00858395941661937,0.008409697080297129,2.5810610060261753e-07,0.0,0.23791476273536682,5.288017337452748
458,0.12948315848623004,0.008535052648080247,0.008063123625304017,2.5015082880892286e-07,0.0,0.2392926630973816,5.267605902291309
459,0.12951565975802284,0.008578606606594154,0.008062357907848698,3.3698025432572976e-07,0.0,0.23915509883562724,5.2748793615486615
460,0.12670026073285512,0.008539570079318114,0.007877301690301725,2.329676791634126e-07,0.0,0.2386992834409078,5.313028903172881
461,0.127897218976702,0.008446186700037548,0.00796332384166973,2.350600092151061e-07,0.0,0.23838989226023355,5.269191332726989
462,0.1277867716210229,0.008502532041498593,0.007952193423041275,2.6737063678540703e-07,0.0,0.23718387858072917,5.276086037852347
463,0.12997037894385202,0.008475794084370136,0.00809956436178514,2.2371574536350635e-07,0.0,0.23927767260869345,5.3288638149294245
464,0.12645174046925137,0.00862340844209705,0.007855134041713816,2.6427205889843564e-07,0.0,0.24075947523117067,5.324380531980521
465,0.12744460817745754,0.00857270749392254,0.007924705940697874,2.6255973027998284e-07,0.0,0.23825807841618857,5.2812694075002
466,0.1303475730930056,0.00855622446430581,0.008119340561330318,2.4807022233679685e-07,0.0,0.23952895792325338,5.2903885869187075
467,0.12779205404860633,0.008646172208445413,0.007942983462874378,2.258838487218132e-07,0.0,0.24157988397280375,5.365149397327829
468,0.12723257550171443,0.00857583155323352,0.007910374503050531,2.2533425279951708e-07,0.0,0.23945626282691956,5.309505143990989
469,0.13124782876457486,0.008585951807243484,0.00817736284754106,2.867167594087862e-07,0.0,0.24113054633140563,5.317898891949035
470,0.13178110895838055,0.008538463404136045,0.008216095988239561,2.4115690800791915e-07,0.0,0.23950628193219503,5.309987295951795
471,0.12897847201994486,0.008480292195188147,0.008033128681459598,2.5030002494271945e-07,0.0,0.2381340181827545,5.269969006317433
472,0.12539629748889378,0.008484247999531883,0.007794059610792569,2.3099915974203862e-07,0.0,0.23863686513900756,5.293523013572349
473,0.1310077348777226,0.008484116784163883,0.008168164678982326,2.2943669595016606e-07,0.0,0.23933818419774375,5.333141326608758
474,0.12639833196571895,0.008492423799421106,0.007860309351767812,2.536588886609284e-07,0.0,0.23895353603363037,5.271139031089449
475,0.1296437108176095,0.0085717311501503,0.008071379378437996,2.578218408919903e-07,0.0,0.24041445676485698,5.301740689828424
476,0.12437991446256638,0.008506461148815496,0.007724819875721421,2.308050011216827e-07,0.0,0.24062375100453695,5.291080313429627
477,0.12555608739171709,0.008561878360807896,0.0077995302469602654,2.5108444048425684e-07,0.0,0.23966892488797506,5.261771159200211
478,0.1278522904770715,0.00862025458897863,0.007948722354003361,2.401381076759484e-07,0.0,0.23967410763104757,5.30554944226659
479,0.12605811797721045,0.008617124019988945,0.007829319993300098,2.3879229752310495e-07,0.0,0.23887618549664816,5.3092075521626585
480,0.12721037361451557,0.008473705782421997,0.007915697460728031,2.412871749908975e-07,0.0,0.23890745623906454,5.267703810095502
481,0.12848818973132542,0.008470919616520405,0.008001066560191767,2.5473891785817874e-07,0.0,0.23973157993952432,5.298669587985125
482,0.12766470373528344,0.008497387799833502,0.007944417943379708,2.0930402719646476e-07,0.0,0.23950645979245505,5.300138708091967
483,0.12749822437763214,0.008406569807657173,0.007939364539193255,2.3721331155408214e-07,0.0,0.23926765608787537,5.333744052904923
484,0.12370480068240847,0.008469007422881467,0.007682303800114564,2.47006736003641e-07,0.0,0.2387853016058604,5.283781063790332
485,0.1265883068527494,0.008415984395359243,0.007878070637051548,2.530295461805768e-07,0.0,0.23894499047597248,5.297420495568461
486,0.12652332024063384,0.008481953068503311,0.007869337110114949,2.6208011463170676e-07,0.0,0.2389641026655833,5.247985636407861
487,0.1277967173542295,0.008555444338491985,0.007949334805565221,2.500121408307418e-07,0.0,0.23955209946632386,5.280685526434764
488,0.12323845816510064,0.008433733975248678,0.007653561783688409,2.5944030097337286e-07,0.0,0.23977344663937886,5.302885994435813
489,0.12430664202145168,0.00851995708580528,0.007719035109238965,2.3132129957405465e-07,0.0,0.2402592712243398,5.319088024863618
490,0.12634842164175852,0.008552463487855025,0.007852992610207625,2.1368114499052484e-07,0.0,0.23915882460276286,5.272528550846164
491,0.1266534662757601,0.008655546748212405,0.007866443223186902,2.5430044537902826e-07,0.0,0.23885709158579507,5.270197664782092
492,0.12538740329231535,0.008450958934745617,0.007795680075351681,2.4873785478770775e-07,0.0,0.23945421409606935,5.308635660308789
493,0.13054543536049978,0.008530717607055392,0.008134240445281778,2.222501221587387e-07,0.0,0.23915533860524496,5.268262892563982
494,0.12578018365587507,0.008530750149062702,0.007816556694784335,2.1676230109538406e-07,0.0,0.23904574195543926,5.294469725758853
495,0.13154200330802374,0.008484944893313306,0.008203712808234351,2.730663944297313e-07,0.0,0.2403427580197652,5.309653278854865
496,0.12719060344355446,0.008384926636304173,0.007920299683298384,2.3619852602913786e-07,0.0,0.24046927094459533,5.3159520981911905
497,0.12708163739953723,0.008470920018319573,0.007907306248056037,2.246376905077341e-07,0.0,0.23973417154947918,5.270452004998663
498,0.12626371520757676,0.008466582738927432,0.007853066338492292,2.2757446656994165e-07,0.0,0.23983174284299213,5.289108382221856
499,0.12633531721149172,0.008484552278050355,0.007856642620904105,2.2521713734542053e-07,0.0,0.2388847794532776,5.26969381380497
500,0.12758462861606054,0.008538107820387398,0.007936347681496824,2.6116012712204143e-07,0.0,0.23977397815386453,5.2857332000823485
