epoch,train_total,train_recon,train_kl,train_phys,train_passiv,val_total,val_smape_obs,val_smape_all,sigma_ld,sigma_obs_mean
1,8.114354311261858,0.7830925693511963,0.3961806182861328,0.4623385102067675,0.011170685392946585,4.4192693977355955,10.562548593848138,16.063147699594087,1.0,0.38583993101119995
2,4.356160810743059,0.4437697013786861,0.37860145708492826,0.23558513511930193,0.010256012385977165,3.731564347585042,9.31512088571166,14.927659697394407,1.0,0.37577188324928285
3,3.865646381378174,0.28818952832903183,0.3940606006554195,0.2122258962733405,0.0028021835514477323,3.355019672393799,8.095479665669634,13.90044569413422,1.0,0.36271668084462483
4,3.580970224380493,0.22833543765544892,0.4026647685595921,0.1966641263621194,0.0016452157972380518,3.021699234644572,7.452788436149919,13.152991180936265,1.0,0.3584529639085134
5,3.3563315710340227,0.19559742486476897,0.4041322650228228,0.18377283877985817,0.0012058862429444811,2.8849993693033853,6.6986237224293905,12.663252223591893,1.0,0.35776593144734703
6,3.3190710250309534,0.17940923966680256,0.40335459644453864,0.18241967032636916,0.0010949258707530264,3.0672574323018393,7.405387191132602,13.10243235033218,1.0,0.361783500512441
7,3.2676190024784635,0.17103608478818622,0.40343654666628154,0.1795421586036682,0.0009269303795216339,2.7727734934488932,6.359023754916758,12.162864813540175,1.0,0.355881636540095
8,3.1537873540605816,0.15831754773003714,0.40267606319699967,0.17285187487942832,0.000792395523882338,2.6989811712900798,7.02905760325213,12.641026096835027,1.0,0.3596686214605967
9,3.1466766572679794,0.16233629419122422,0.40206421174321855,0.172150428380285,0.0007911005114936935,2.667428082148234,6.137774960449793,12.06255510112652,1.0,0.35638134702046714
10,3.1564487991333006,0.15154591495650155,0.40150713522093634,0.1735582604067666,0.0007094866276851722,2.8351744486490884,6.54098175773129,12.26240100661817,1.0,0.35735942045847574
11,3.0478103395189557,0.1489386440856116,0.4001294107096536,0.16658108605657304,0.000698865798701133,2.793264633814494,6.028628705772555,11.883447010174965,1.0,0.35383742284774783
12,3.0674806207929337,0.15171631603581565,0.400823507138661,0.16766130493368422,0.00047983966980661666,2.454688163757324,6.0412342892765505,12.011788630840464,1.0,0.35645858891805016
13,2.955265104293823,0.14357004648447036,0.39842284311567033,0.16088312533923557,0.0004872609745112381,2.5888790086110434,6.873353072324282,12.430081982051508,1.0,0.35603870733579
14,2.9709255245753696,0.1424566103560584,0.3991286838735853,0.1619539089713778,0.0005245464184387987,2.5350001023610433,6.897200695997369,12.507586657566844,1.0,0.35580711587270103
15,3.0348911759512767,0.14462845761435372,0.3977539202826364,0.1661652306658881,0.00043904644802179453,2.5985574913024903,6.193022320723535,11.939618995345949,1.0,0.3565502553780874
16,2.8712868932996476,0.14174245616367884,0.39781420530591693,0.15544641382353647,0.0004330305105208286,2.6100977834065757,5.8613991731329,11.544118620767287,1.0,0.3548375944296519
17,2.951552013669695,0.13865950885840825,0.39631702102933614,0.16110268194334848,0.0003978085305342185,2.5243137696584066,5.537079174122513,11.269338835766588,1.0,0.3549542413552602
18,2.8518211323874336,0.13755129780939648,0.3969575408526829,0.15448492693901061,0.0003864240301274029,2.472513340632121,5.706270597414387,11.514763531782219,1.0,0.3546498223940531
19,2.892565928322928,0.13694883232457297,0.3961219425542014,0.1572968603883471,0.0003821148343184697,2.537936923980713,5.698124843877331,11.559613716599001,1.0,0.3547400763829549
20,2.8995617743900843,0.1396427024432591,0.39425962935175213,0.1577080386706761,0.00031767122710256706,2.45428391011556,5.724665023946229,11.520154986318234,1.0,0.35595487491289773
21,2.89307577923366,0.13613719599587576,0.3950562542166029,0.1574556896345956,0.0003486068680815931,2.55669050916036,6.225891105945815,11.942001544785596,1.0,0.35705923914909365
22,2.8233754708426337,0.1346060618162155,0.39414696703638347,0.1529717720406396,0.00031045949410015187,2.3178841342926026,5.522931472045317,11.273724730645476,1.0,0.3546881084442139
23,2.764948228291103,0.13264418980053494,0.3922339979239873,0.14933523215566363,0.000257594404081049,2.440160471598307,5.680087304453489,11.258025199091644,1.0,0.3546902877489726
24,2.819511205673218,0.1378571446282523,0.3915612475531442,0.15266993999481202,0.0002488814297747532,2.4520687789916993,5.984802703088967,11.669577563022749,1.0,0.35430964771906537
25,2.726062556403024,0.1292445777143751,0.392004830462592,0.14698430216312408,0.00025554825391113157,2.285938320159912,5.0448660408182,10.82317578331502,1.0,0.35532937932014463
26,2.745087030138288,0.13194503053597043,0.39409511051859175,0.14793384485585348,0.00019064113750521624,2.5207324606577557,5.713051748328378,11.326977800882172,1.0,0.3531319049994151
27,2.7835862462180003,0.13295352974959782,0.3928525275162288,0.1505159260375159,0.0001863440151942736,2.363135610580444,5.237034645519378,10.92555730642239,1.0,0.3556454300880432
28,2.7222471948351177,0.12881630621637616,0.3903455606869289,0.1468693697963442,0.0001882802254487095,2.4338534208933513,5.466006672033443,11.087931591274149,1.0,0.3566478742758433
29,2.7306793256487167,0.13209844493865966,0.39259376648494176,0.14706221968787056,0.0002110955468004769,2.288619374593099,5.789731514349877,11.262418078858634,1.0,0.3570230223337809
30,2.7407143121446884,0.13445032909086774,0.3928017586299351,0.1475612108537129,0.0001616505318088457,2.3322427145640057,5.315528741877911,10.847230001005412,1.0,0.3517286597887675
31,2.765084477560861,0.12818480072702682,0.39186993765830996,0.14966557955741883,0.0001584442426808112,2.42092015393575,5.118659284565295,10.651674715542043,1.0,0.35766035556793213
32,2.681730256216867,0.1305714189154761,0.39366547897883825,0.143829778279577,0.0001509437587893834,2.3380690905253094,5.507805752136559,11.202463732137298,1.0,0.3552431325117747
33,2.6858296443394254,0.1277463182721819,0.3907901520388467,0.14448353723117283,0.0001221561528842098,2.3741194756825763,5.401840360651837,10.95442282555545,1.0,0.3545150132973989
34,2.6523565861838203,0.1281099747504507,0.389495286498751,0.14231360531704768,0.0001356308018148411,2.352115852355957,5.468824548016737,11.196144525961822,1.0,0.3593427392641703
35,2.6243938841138568,0.128825549023492,0.3882710696288518,0.14048366388252803,0.00011488326281375651,2.4023931312561033,5.269696598510551,10.993584984769674,1.0,0.3567207861741384
36,2.6380422998155866,0.12617032940047126,0.389678024326052,0.1414767372267587,0.000110211033174502,2.2783635171254475,5.47880365269838,11.113582809526704,1.0,0.3576312053998311
37,2.6715962311880928,0.12527726835012437,0.39062316053254265,0.14370946162087578,0.00013128568139628833,2.310274538675944,5.372346337910724,10.924476343522677,1.0,0.3549928475220998
38,2.6673526077270506,0.12866367498465947,0.3895790153571538,0.14327072427953993,0.00011337812062369526,2.3053510468800864,5.182947165034626,10.645850333307061,1.0,0.35114158582687377
39,2.6315333344595775,0.12496431188072477,0.3902827853815896,0.14108293432848795,9.294058702237505e-05,2.258581680297852,5.3152799932816785,10.829811739375566,1.0,0.35573214999834696
40,2.6406781131199426,0.125553178191185,0.3905688143117087,0.1416340047972543,9.640633394987422e-05,2.2634318707784016,5.054634733509391,10.7731074598431,1.0,0.35278162789344786
41,2.653812385559082,0.12629697496550424,0.3897846940926143,0.14251149269512722,0.00011649725441488305,2.2957228450775147,5.081535532589751,10.708276167618266,1.0,0.34922579662005104
42,2.5795586899348666,0.12336937850713729,0.3893413359778268,0.13778625220911844,0.00010327712208631315,2.2992789942423504,5.210551893747591,10.736242721433086,1.0,0.35344113993644716
43,2.6324413125174386,0.12707368367910385,0.3885132922445025,0.14112060678005217,8.243190874678215e-05,2.327657128651937,5.5233874047854234,10.920367495930222,1.0,0.3567911635239919
44,2.622360265459333,0.1275209276165281,0.389448529618127,0.14035536243234362,0.0001052221911146002,2.4718378683725994,5.914156394306158,11.413644860065354,1.0,0.3492818773587545
45,2.6218384756360735,0.12428255732570376,0.3899820344107492,0.14050179059164863,7.853961029572279e-05,2.2844548206329347,4.851460029704409,10.676449720229407,1.0,0.35462821475664774
46,2.6250338251931327,0.12275889543976103,0.3888200521128518,0.14089377467121397,7.720784885792195e-05,2.3570620619455975,5.282583712212229,10.86495635821024,1.0,0.3550880092779795
47,2.6443918511526925,0.12380208258117949,0.3894465764250074,0.14207302899020058,7.335022586630657e-05,2.289125929514567,5.072999318961557,10.673305625101943,1.0,0.3580904850959778
48,2.632803106035505,0.1252572060397693,0.3869882788317544,0.14136689755746296,7.992910613081352e-05,2.27193981107076,5.11761149540294,10.591803083350937,1.0,0.3557752312819163
49,2.608293200629098,0.12203884189469473,0.3896355406897409,0.13977087444918496,7.903868530411273e-05,2.394855979283651,5.769226746331419,11.22915640287586,1.0,0.35123190291722617
50,2.594746148790632,0.12266793978214265,0.38833984443119596,0.13891304934024812,5.8176886937872044e-05,2.396314837773641,5.6729193786779435,11.207406325359694,1.0,0.351207852602005
51,2.6119979343414306,0.12184180437667029,0.3883397840431758,0.1401176949739456,6.700690536123538e-05,2.391321361541748,5.33460963069409,10.890638728712352,1.0,0.35255043538411457
52,2.5356833011082243,0.12691894625765937,0.3888829994882856,0.13465491040263858,7.31560275665158e-05,2.2292621459960937,4.796138169357264,10.44666344551604,1.0,0.35572180183728536
53,2.595838797705514,0.1219845804316657,0.3873564649990627,0.13909687007325036,5.469911315698742e-05,2.3099956124623615,5.383437187005591,11.126737714432798,1.0,0.35672332763671877
54,2.5779425029754637,0.1256143672977175,0.3890020696435656,0.1375521469116211,5.1766343032665775e-05,2.2741782391866048,4.926041633119169,10.542257567808374,1.0,0.3497118237018585
55,2.6082339488438198,0.12492662184579031,0.38717370441981724,0.13973931539058684,5.005666769907943e-05,2.2713324858347574,4.886301339106825,10.451207088194456,1.0,0.3510168800354004
56,2.622413931165423,0.12471686178445816,0.38811739771706716,0.1406356291260038,4.992032297221678e-05,2.390402910868327,5.448068736155653,10.867288403037596,1.0,0.3533756486574809
57,2.573942263194493,0.12312151731763567,0.38752470966747826,0.1375498204742159,5.204673889342562e-05,2.3153772468566896,5.09402981202842,10.598648477633532,1.0,0.3538132633368174
58,2.609467467171805,0.12368849509102958,0.38911263166155136,0.1397740878207343,5.6847968864661066e-05,2.40201602490743,5.09305872343119,10.651108966850027,1.0,0.3537092060248057
59,2.548356169291905,0.12695085513591767,0.3872663206372942,0.13560618998323168,4.6169700911767514e-05,2.5561192792256673,5.3969870778375455,11.006881292771347,1.0,0.3553805051644643
60,2.545046036856515,0.12441768733092717,0.3870413518633161,0.13556851409162793,5.755464871201963e-05,2.375493928273519,5.000826284372454,10.641755154322631,1.0,0.35287763023376467
61,2.5614374607631136,0.12062610055719103,0.3893184857368469,0.1367621534381594,5.6970339578453734e-05,2.3255531368255613,4.996238173962681,10.504798652819867,1.0,0.3518710355758667
62,2.5001541246686663,0.12000159262759345,0.38745857201303757,0.13284316272394997,4.248256347630429e-05,2.317797917683919,5.561825776463178,10.953029501491882,1.0,0.35710189803441367
63,2.556013992854527,0.12323649739367622,0.38760713703291755,0.13634160719599042,4.10232015333999e-05,2.2699929243723553,5.011359157719689,10.443846437487412,1.0,0.3539480736255646
64,2.5732852973937987,0.12447362571954727,0.3887534039020538,0.1373329815864563,5.474100692871226e-05,2.3172486604054767,5.225723648958943,11.012245052364195,1.0,0.3490939990679423
65,2.5665045501164028,0.12075603920221328,0.3882031698226929,0.13716618980680192,4.397491694258601e-05,2.220364147186279,4.75255226596843,10.403214622668088,1.0,0.352001062075297
66,2.5174703344617573,0.11974280728612627,0.38748879511015755,0.13401272125755037,3.902784052037792e-05,2.3919799836476643,4.997310902626952,10.525352444981792,1.0,0.35630646141370137
67,2.531914689200265,0.12053340142113822,0.38685236382484434,0.13496469976220812,4.632644374630347e-05,2.204143704732259,4.691220278367305,10.301439397963524,1.0,0.349643504858017
68,2.5253947952815463,0.12110443978650229,0.3876713492189135,0.13443674606936318,5.233515697597925e-05,2.36622620455424,5.28296370434009,11.04480238044596,1.0,0.35033567015329997
69,2.544818320410592,0.12150128587654659,0.38726692812783375,0.13573361205203194,3.452808859791341e-05,2.2002097504933675,4.711357517637376,10.497424707679773,1.0,0.35457071646054583
70,2.513975190298898,0.12059035996028356,0.38611174719674246,0.13381373184919357,4.916913486418447e-05,2.3013470312754314,4.978149065223009,10.52465003528986,1.0,0.3529278167883555
71,2.4863733585902623,0.12043490374939782,0.3870949857234955,0.13191876355239324,4.4296843594630834e-05,2.3003203163146972,4.980984315218259,10.754281329569665,1.0,0.3546956082979838
72,2.5416206621442523,0.12085144363130843,0.3877346875667572,0.13553150045871734,4.3219490341341174e-05,2.444377888361613,5.247649002686414,10.782645894307125,1.0,0.3567229305903117
73,2.5295327224731445,0.12170089512211936,0.387176794222423,0.134707563826016,2.8255891122171306e-05,2.3092509727478028,4.8909195643834185,10.429461728637305,1.0,0.3510646760463715
74,2.463553398132324,0.11832807872125081,0.3868220188958304,0.13055714983599526,3.0555447497720576e-05,2.459709752400716,4.96966886460287,10.440460549034176,1.0,0.35721022192637125
75,2.444462423869542,0.12182108325617653,0.38562688909258164,0.12913074954918452,3.448303914280716e-05,2.316409034093221,4.892654311838419,10.541238123388691,1.0,0.3562850927511851
76,2.507676102229527,0.11701652279921941,0.3871218897274562,0.13356592680726734,3.088762461376454e-05,2.3484430618286134,5.043694756911943,10.736632306236029,1.0,0.35848272061347963
77,2.5148961236136302,0.1222747973203659,0.38848142334393093,0.13360565275805336,3.4110522514343496e-05,2.297565431594849,4.757196590862868,10.358430050995256,1.0,0.35202562069892884
78,2.520806223869324,0.12342446496656963,0.3859438001087734,0.1340926060932023,2.9549862865500084e-05,2.322260121027629,5.390386201176514,10.881187448178107,1.0,0.34861167542139687
79,2.4888344781058174,0.11980103818859372,0.3876075009277889,0.13209103264127459,3.577032374362586e-05,2.3290100644429526,5.111839084508683,10.64792140196167,1.0,0.35159425910313924
80,2.4757435381753106,0.12105267527273723,0.38547703603335787,0.1312765202351979,3.823158414174291e-05,2.4158822600046794,4.915137077162956,10.450649654271379,1.0,0.35216863139470417
81,2.5247967641013007,0.12100640203271594,0.38541170610700337,0.13455559742450715,2.5298345569451287e-05,2.537717570622762,5.212526489528773,10.646737136018105,1.0,0.3529162319501241
82,2.471196822302682,0.11822872350897108,0.38648212156976974,0.13109551216874804,2.9573246728172567e-05,2.343060614903768,4.835950764196389,10.339283487955385,1.0,0.3562261025905609
83,2.426271589551653,0.11959446724823543,0.3866404262270246,0.1279997171674456,2.2241437572249975e-05,2.3869875831604004,4.768220199020028,10.371165487959363,1.0,0.3561511634190877
84,2.470836279460362,0.11951462743963515,0.38596396987778797,0.1310204655442919,2.6995426260977445e-05,2.400026374181112,5.225737744197555,10.671221894278744,1.0,0.3555094820658366
85,2.4506128586360387,0.12277637172596795,0.3861060574054718,0.12944456227336612,3.2352423620750415e-05,2.315232950210571,5.053347742198904,10.683212798486851,1.0,0.35019884967803955
86,2.423795519692557,0.11891902424607959,0.385626402923039,0.12794696629898888,2.3334155034522804e-05,2.3013964614868163,5.500333619873843,11.059795769007682,1.0,0.3541126383940379
87,2.434084130559649,0.11831158649921417,0.38730161281994413,0.1285614350438118,2.4779859540948174e-05,2.2658190333048505,4.767278337941899,10.354890781755904,1.0,0.35133132656415306
88,2.3791391917637417,0.12145356023311615,0.38695967946733745,0.12471159046036856,2.5638173888052863e-05,2.4200430857340494,5.270173526476622,10.797070106784956,1.0,0.3516353909174601
89,2.4642207151140485,0.1217452365074839,0.38572497613089424,0.13044724902936392,2.0172842101016742e-05,2.354203489939372,4.941957949985576,10.689559828350887,1.0,0.34935370977719626
90,2.4664907670702254,0.11649562507016319,0.3873089328493391,0.13084252413681574,2.2930231574264327e-05,2.4260175126393637,5.02372515702302,10.451820406841543,1.0,0.3539671140511831
91,2.4454884926932197,0.11927068127053124,0.38517822415488107,0.12939887963022503,2.6257781994770214e-05,2.3671191107432046,4.8539653801855405,10.340641312142425,1.0,0.3514183461666107
92,2.3953292620522637,0.12022073623963765,0.38528736427852084,0.12598386496305466,2.8890566467063245e-05,2.289267963409424,4.7867101378160894,10.243803622781563,1.0,0.35459950017929076
93,2.423293612071446,0.11686213897807257,0.3849477983202253,0.12809558733872006,2.2400011836729e-05,2.3542188784281413,4.828857978773165,10.369846432585948,1.0,0.3541929434935252
94,2.3893863517216274,0.11643416295732771,0.38549450979913985,0.1258272910969598,2.1329143268141188e-05,2.3182447516123452,5.182725950676345,10.693395014798977,1.0,0.35541085894902547
95,2.429675999505179,0.1188752465248108,0.3848060165132795,0.1283961781178202,2.260386099000503e-05,2.384864980061849,4.808489786548378,10.514905470414666,1.0,0.35404934954643247
96,2.3807791862487795,0.11810819240978786,0.38577541198049276,0.1251231711591993,2.0493740914129635e-05,2.3248019943237304,4.80790999443256,10.292442208259068,1.0,0.3527503581047058
97,2.401493760245187,0.12355556453125817,0.3854542939322335,0.1261617727109364,2.40548240908538e-05,2.366895673751831,5.074389281414848,10.622130195850502,1.0,0.3510856253306071
98,2.393847246033805,0.12008688921587808,0.38429537435940336,0.1259599422471864,2.7183503732731295e-05,2.3847790311177572,4.853846329412586,10.372338008159824,1.0,0.3509492362340291
99,2.4202226652417864,0.1172130070924759,0.38461003218378337,0.12789043713467463,1.7510929968661262e-05,2.320368087132772,4.829513827246158,10.396474937882603,1.0,0.35094132455190025
100,2.3705803740365163,0.11730308273008891,0.3853670837538583,0.12452364378316062,2.2221555516417927e-05,2.3171910743713378,5.0892542939835455,10.761506586761792,1.0,0.35160520537694295
101,2.3892962812696186,0.11933131746734892,0.38651434247834343,0.12556020379066468,1.8728838594532656e-05,2.3788404541015624,4.881317195247676,10.495172071715459,1.0,0.3535999280611674
102,2.328403623853411,0.11810699966124126,0.38554618082727704,0.12164650019577572,2.0539795651789714e-05,2.360479340871175,4.956392372985644,10.45666700327755,1.0,0.3519665978749593
103,2.3788538404192243,0.11814333137444087,0.384415764944894,0.12508202142374855,2.4609231784917236e-05,2.352851454416911,4.7690875931524905,10.275338986264826,1.0,0.3540020391146342
104,2.3769610479899814,0.11942926631655011,0.38461427296910966,0.12485723484413964,2.2198936408780615e-05,2.455524470647176,5.10383722942964,10.529960349842645,1.0,0.3563834209442139
105,2.3440085530962262,0.11679056935650962,0.3848166323389326,0.12282372450828552,1.686506588887328e-05,2.3251745096842447,4.485316464820468,10.215920606215786,1.0,0.3500185477733612
106,2.353887979507446,0.11704479995795658,0.38580264626230515,0.12339834725856781,2.3891082102778683e-05,2.3068293635050456,4.761795435213857,10.254724679283152,1.0,0.3515818983713786
107,2.365423083441598,0.11810373789923531,0.38625099400111607,0.12406766533851624,1.9229525478798287e-05,2.3647280553181966,5.1529148752661325,10.653254234520409,1.0,0.35408843064308165
108,2.3426670962742397,0.11716246151924134,0.38323412050519673,0.12281258615425655,2.904645969226749e-05,2.4218010330200195,5.026223696812104,10.555223496117616,1.0,0.35215423385302225
109,2.3315348554338726,0.11831921073368618,0.38599195415633064,0.12181091318811689,2.1024842885253748e-05,2.396311252593994,4.849711604677088,10.430340965891192,1.0,0.35615604837735493
110,2.4644771099090574,0.11823897406033107,0.38482994897024975,0.13075684615543912,1.9192881890984178e-05,2.4253440170288085,4.9856984521433105,10.471716263346845,1.0,0.35478793223698935
111,2.3622797224862233,0.11786630350351333,0.3837950852598463,0.12403771550314767,1.7952672925275693e-05,2.4961554463704427,5.098022217599956,10.671225557040641,1.0,0.35234364795684814
112,2.3577749347686767,0.11751764744520188,0.3849580538954054,0.12368239753586906,2.13096206333278e-05,2.353859348297119,4.86665905512959,10.364743182627318,1.0,0.35226154486338296
113,2.316464916229248,0.11653049274853297,0.3859490931034088,0.12092868569919041,1.831097960166517e-05,2.36572479057312,4.803237492850658,10.33987013866588,1.0,0.35129949418703715
114,2.332302986417498,0.11725766109568732,0.3836262860298157,0.12209168527807508,1.4372655059040491e-05,2.3992719122568764,4.702133468598655,10.19402113812126,1.0,0.34946906185150145
115,2.328032553536551,0.11667694489445005,0.38463586071559364,0.12177764640535627,1.786146890390228e-05,2.3032964064280192,4.836867994540105,10.37677262120946,1.0,0.35080625438690183
116,2.3557137413024902,0.11558950461660113,0.38379131627082824,0.12375262171881539,1.3958053220838858e-05,2.2692850697835287,4.783233241635677,10.300314471706656,1.0,0.35759631005922954
117,2.3520693995612008,0.1156785855463573,0.3848906376021249,0.12342982350076948,1.671967779666339e-05,2.326734358469645,4.73702731268389,10.360221167110602,1.0,0.35352017029126487
118,2.302429453441075,0.11488614400795528,0.3847169496672494,0.12018475516353334,1.7208187975386733e-05,2.35882035891215,4.6550833275874215,10.24654738265569,1.0,0.35366926598548887
119,2.292047071184431,0.11627803933620452,0.38608047672680446,0.11930947600092207,1.4352707731372253e-05,2.4941487204233805,4.949889284202664,10.480316916917575,1.0,0.3547286580403646
120,2.3284793276105606,0.11582589478152139,0.3849865494796208,0.12184039165292468,1.8643840138923095e-05,2.4504686997731526,5.0777327448325895,10.779866509121492,1.0,0.35636082951227827
121,2.3433057359967915,0.11726137239592416,0.3865045007296971,0.12263294197831835,1.3816031683772577e-05,2.4818512630462646,4.856646915082396,10.413280888833155,1.0,0.35618362251917524
122,2.2990042326790947,0.11604886728525161,0.3842641177858625,0.11990849486419133,1.907384996028278e-05,2.456086524327596,4.863960773550145,10.261146363313422,1.0,0.35343634796142576
123,2.337595358439854,0.11498153557096209,0.3835243730545044,0.1226023507629122,1.6010389136031985e-05,2.4067480983734133,4.867372425786381,10.377878260527973,1.0,0.3512862280209859
124,2.318893895012992,0.11901736346312931,0.3850150017057146,0.12098699694020408,1.6547919623397838e-05,2.3597085781097413,4.727623914528609,10.253971212333841,1.0,0.3531351363658905
125,2.2976322653634207,0.11656220245361328,0.3843151862280709,0.11978015785557883,1.5183999030536403e-05,2.3825889638264974,4.812109792903914,10.220846241932572,1.0,0.3502676828702291
126,2.340772324153355,0.11758636604888098,0.3838289804799216,0.12261995363235474,1.6499774079802267e-05,2.4437046496073407,4.873040943169919,10.337833492547654,1.0,0.3507780058383942
127,2.318664532797677,0.11805610368081501,0.385094359431948,0.12103053086996078,1.589912986368753e-05,2.4781042779286704,4.85208004461276,10.282695079911354,1.0,0.3524662324587504
128,2.2534128777640205,0.11581995104891914,0.38358536049297876,0.11693086494718279,1.25095735126024e-05,2.5559073321024575,4.9041785176914905,10.4830678375307,1.0,0.3513643714586894
129,2.273338995252337,0.11579730265481132,0.38564465066364834,0.11812166748728072,2.000797275604985e-05,2.2874715003967285,4.5617757842707,10.107230793862247,1.0,0.35178186058998107
130,2.302357303619385,0.11869729222570147,0.384948203086853,0.11990971151420049,1.8192351760965612e-05,2.3816722876230876,4.768040972689982,10.535169261567045,1.0,0.35108807269732156
131,2.2289763071877617,0.1145442106298038,0.383223228590829,0.11541133546829224,1.0575650073893224e-05,2.4610489253997803,4.6232464373287065,10.338733800132259,1.0,0.352370222012202
132,2.2581591118403845,0.11535591336659022,0.3852216446059091,0.11716755293096814,1.842170726662776e-05,2.5876238873799644,4.870275937785789,10.464350028241547,1.0,0.3511207948525747
133,2.2665795508793423,0.11702628377505711,0.3839282203401838,0.11770495687212262,1.355691646466222e-05,2.3309935188293456,4.766825585078941,10.279540842786888,1.0,0.35389152050018313
134,2.259958309173584,0.11377888117517744,0.3843542043481554,0.11745086577960423,1.6496012520320846e-05,2.418357079823812,4.689775096380793,10.264936066195697,1.0,0.35469460940361025
135,2.285983954565866,0.11401283148356846,0.3837820972715105,0.11920881131717137,1.4939290290028242e-05,2.4708359088897707,5.1921870114524244,10.573883186957207,1.0,0.35147013465563454
136,2.303154767717634,0.11654281359910965,0.3833247473921095,0.12021636669124876,1.0864836755363935e-05,2.4573372116088867,4.881209124330086,10.46990787599528,1.0,0.3544424103895823
137,2.269464687347412,0.11705479227645056,0.3844800523008619,0.11785871851444245,1.2673128618977053e-05,2.4958859125773114,4.8903684440544595,10.322931831800014,1.0,0.3496694990793864
138,2.2439046818869453,0.11513851584706988,0.383488778761455,0.11634873414039612,1.1869818352222085e-05,2.477525227864583,4.906432425219804,10.456548079590442,1.0,0.3516029287179311
139,2.237716212408883,0.11811604363577706,0.3836106875623975,0.11572926006998335,1.284194673332552e-05,2.468542856216431,4.909160588632532,10.431382492527991,1.0,0.3549280715783437
140,2.199274171556745,0.11515742809431893,0.3851158534799303,0.113263440992151,1.241415772009142e-05,2.394029638290405,4.820880559916598,10.33151456426147,1.0,0.351435071070989
141,2.2766008108683993,0.11451957505941392,0.38329318145343233,0.11858258815322603,1.2299648434691335e-05,2.35727972984314,4.844670440010222,10.425821725942724,1.0,0.35510521006584167
142,2.251528029850551,0.11585120405469622,0.38329242883409775,0.11682186330216271,1.3993322759720936e-05,2.4160768858591717,4.59259938330188,10.10680911807859,1.0,0.35465769592920937
143,2.2694033989225115,0.1137942772592817,0.384687078169414,0.11805815922362464,1.2217342823013106e-05,2.4720032768249514,4.696028303901486,10.229020541605797,1.0,0.35069495177268983
144,2.267420020512172,0.11548838675022126,0.3848025890759059,0.11780422391210284,1.6047238338420096e-05,2.3914736677805584,4.913130731321137,10.393397171812564,1.0,0.35494962946573894
145,2.2397919672557287,0.1149487436073167,0.38440191411972047,0.11602548673323222,1.4310429124731983e-05,2.433247153600057,4.9603259305534,10.487753860100664,1.0,0.35142304468154906
146,2.2213519807543074,0.11499466993127551,0.3832138808795384,0.11486998673847744,2.2545294440338436e-05,2.4760472310384114,5.1234150734923825,10.683332315698463,1.0,0.3501178181966146
147,2.2273058231898717,0.11538875155789512,0.3840647850377219,0.11518705114296504,1.1120773310462288e-05,2.430086634318034,5.093611463029418,10.525141348064128,1.0,0.35282192222277325
148,2.2079742905753,0.11442620880263192,0.3832766509737287,0.11401544082164765,9.4512416654717e-06,2.407213187535604,4.797952598019546,10.376827044922665,1.0,0.3525734407107035
149,2.2083688771384105,0.11438328967775617,0.38432099740845815,0.1139739055463246,1.321079568310779e-05,2.5332479832967123,4.895460061813974,10.541204332529388,1.0,0.35011353460947675
150,2.2339851477486747,0.11493327702794756,0.38504869130679537,0.11559592602934156,1.5063504190113772e-05,2.4569975090026857,4.828587846506874,10.374497265427795,1.0,0.35021221001942954
151,2.216357140677316,0.1134598907487733,0.38461123847961426,0.11454781605516161,1.600868787285695e-05,2.496147886276245,4.808369780845106,10.632641666959813,1.0,0.34915487027168274
152,2.2155525616237095,0.11861522495746613,0.38505490350723265,0.11412222714083535,1.1343567358688894e-05,2.4871426118214925,4.977296546433038,10.54236714761215,1.0,0.3514236900806427
153,2.2207051985604425,0.11636852587120873,0.3829004864692688,0.11475943209443773,1.0280425556731286e-05,2.450156492869059,4.83826002104218,10.413552106419036,1.0,0.3558533484141032
154,2.213656683240618,0.1137162948165621,0.3840317995548248,0.11439079260826111,1.0677998548895776e-05,2.5671760845184326,4.816569472479129,10.262019776493315,1.0,0.3536903500556946
155,2.185291626249041,0.11408880037920816,0.38474570979390826,0.11242743196657726,1.0365264700120795e-05,2.513535051345825,5.065964855188108,10.516698050566418,1.0,0.3526882609526316
156,2.2109905839647563,0.11486327362060547,0.3840003820828029,0.11413803705147335,1.2736756408725926e-05,2.5300194282531736,4.645590876300859,10.234273245396716,1.0,0.3545550546646118
157,2.1866058455875943,0.1131094256894929,0.3839697970662798,0.11263127827644348,1.2908748060414739e-05,2.5612913659413654,4.8390685892868,10.305538403559318,1.0,0.3533941997687022
158,2.2127655737740652,0.11400400848048074,0.38273535248211454,0.1143985338807106,1.0773135470025912e-05,2.4348532129923504,4.668807949636337,10.16078942928125,1.0,0.3513346692721049
159,2.1826583243778774,0.11389211295332227,0.383326434135437,0.1123600076181548,8.8151137472851e-06,2.4957334575653074,4.953005776772054,10.642395491546374,1.0,0.3535887613296509
160,2.2433146018981933,0.1138317944577762,0.3839764311313629,0.11636452085631234,8.527923102637962e-06,2.518350227355957,4.871582403526883,10.392029746474178,1.0,0.3541190763314565
161,2.175626675469535,0.1143442428793226,0.383144597019468,0.11187236440181732,1.152011920121205e-05,2.533691869735718,4.854082240952252,10.319959199711944,1.0,0.35548096044858296
162,2.2021966510500226,0.11354966856752123,0.3834812545435769,0.11367451382534845,1.0511008985174287e-05,2.535812255859375,4.774655896305337,10.326063591453256,1.0,0.3555181368192037
163,2.200709539140974,0.11230391441072736,0.3831818777493068,0.11367821654251643,1.1004652317101333e-05,2.620232789357503,5.2028000059848605,10.620601726485418,1.0,0.3503204530874888
164,2.158081560407366,0.11504725962877274,0.38366198839460103,0.11062201688119343,9.120622280951896e-06,2.601955353418986,4.707406091736677,10.325028405754484,1.0,0.35271944681803385
165,2.1788299514225553,0.11201631774221148,0.3836456564153944,0.11220843099696295,8.965032599683857e-06,2.507866647720337,4.77922237044195,10.168696411205747,1.0,0.3498586242198944
166,2.1785442769186836,0.11221803539139884,0.3827671295234135,0.11223279632840838,1.4435731228940898e-05,2.547077885945638,4.593397174708978,10.114871762807795,1.0,0.3540713954766591
167,2.135411156790597,0.1135692452277456,0.3829854672636305,0.10925294655561447,1.331910093308559e-05,2.530318463007609,4.906906996588598,10.417016765920282,1.0,0.35390440265337625
168,2.110994818006243,0.11366890621185302,0.38271971103123253,0.10763753522293908,9.20524620425616e-06,2.5828466981252034,4.9514065504854825,10.353514575415263,1.0,0.3514444659550985
169,2.1589358280726842,0.11523537973846708,0.38305401839528763,0.11070494426999773,1.534638592791206e-05,2.4725138982137045,5.105703257832063,10.651004473481866,1.0,0.3510941252708435
170,2.168588122504098,0.11360896367686135,0.3825536568505423,0.11149128985404969,1.188071546891299e-05,2.4896021957397463,4.810294114101198,10.271121828361196,1.0,0.3542294417222341
171,2.1254741359438216,0.11493031225885664,0.3824580390453339,0.10853598751340593,9.686514563871437e-06,2.494804158528646,4.820265004319481,10.387047879134014,1.0,0.3522956109046936
172,2.1715424177987237,0.11626779992239816,0.38245044554982865,0.11151803089039666,1.127739538089299e-05,2.480904916127523,4.895758955136528,10.382387192020575,1.0,0.3501143691539764
173,2.144057749611991,0.1125574278831482,0.383283719267164,0.10987871204103743,7.5206177717705355e-06,2.502225980758667,4.727641060030849,10.296878013296618,1.0,0.3515295070807139
174,2.1596238158089776,0.11369512747866767,0.38375057360104153,0.11080875080823899,9.775461968599432e-06,2.494628341039022,4.90884543267384,10.288217624881627,1.0,0.3533963336149851
175,2.103550387246268,0.11429691967793873,0.38124956829207285,0.10719593433822905,1.3491935425134574e-05,2.469136557896932,4.61931765069602,10.201985943275504,1.0,0.3493048046429952
176,2.125259049824306,0.11166487062828881,0.384122462783541,0.10862900752680642,7.5849184568953986e-06,2.5387062962849933,4.7446168138655445,10.263732631182789,1.0,0.35336149017016094
177,2.1383352436338154,0.11230472989593233,0.38287454506329127,0.10954070502519607,9.379987531864183e-06,2.6643907152811686,4.87481425801525,10.425582411975956,1.0,0.3527931675116221
178,2.0877411496298652,0.11292772305011749,0.38351321598461696,0.10608386456114906,8.70675960205907e-06,2.522464115142822,4.833061148870845,10.3201828969575,1.0,0.348903537829717
179,2.1329213646480016,0.11270530096122197,0.38431687770571027,0.10905650122676577,1.0620120228200644e-05,2.5923938318888347,4.828664041654128,10.31093046763536,1.0,0.3558920788764954
180,2.096546140398298,0.11385353897299086,0.38230830345835004,0.10668858223302023,1.1392171879452105e-05,2.467346668879191,4.753612358456783,10.273716402447908,1.0,0.3516812521616618
181,2.132651065826416,0.11363783905335835,0.38193474568639485,0.10913647252321243,6.426700403507013e-06,2.6059688097635907,4.87112460695436,10.489405963364076,1.0,0.3500193336804708
182,2.1086218748092653,0.11341927411726543,0.38301156554903304,0.10747589610304151,1.0734112828661832e-05,2.5444574718475343,4.769035136879986,10.256322402038107,1.0,0.35413733625411986
183,2.1438680618831087,0.11168328057016645,0.3830802766936166,0.10993716588190623,9.571932363038675e-06,2.606623146057129,4.756741519511878,10.291066798318594,1.0,0.34936975940068565
184,2.077103233882359,0.112214117033141,0.3843730055264064,0.10536471672569002,9.218315799988806e-06,2.524073980331421,4.449800848964492,9.994787331142128,1.0,0.35176869575182595
185,2.101530597414289,0.11303003627061844,0.38296608117648534,0.10703305683817183,7.831747947680663e-06,2.569493802388509,4.73944727656449,10.159200174131,1.0,0.35286048316955565
186,2.123028996876308,0.11255748130593982,0.3831711434977395,0.10848385239498956,8.621755129242713e-06,2.6636058966318767,4.749676156355874,10.188890450183417,1.0,0.35186804087956747
187,2.0858549586704798,0.11244113969802856,0.38399680464608327,0.1059579496383667,9.655507511134992e-06,2.5137142798105874,4.666123039570448,10.141308290052162,1.0,0.3520335971514384
188,2.115999144417899,0.11012251166786466,0.3824329139505114,0.10822663138593946,8.928966743951605e-06,2.559916653951009,4.85959083933964,10.321458130689045,1.0,0.3537519207000732
189,2.0552912679399764,0.11228337173802512,0.3831952318123409,0.10398409798315593,1.031209418138498e-05,2.5989892031351727,4.761179656003638,10.373804445835,1.0,0.3508548372586568
190,2.0837432098388673,0.11181962740421295,0.38291447407858714,0.1059307188306536,9.719118578751867e-06,2.555355041503906,4.757306301462087,10.220352369824562,1.0,0.34971938824653626
191,2.1070396126338413,0.1122570059980665,0.38260007074901037,0.10747502478531429,1.1484752914319702e-05,2.5742684377034504,4.7464010374475905,10.356790877944157,1.0,0.3517771966457367
192,2.109843979154314,0.1118433494567871,0.38289329304013936,0.1076709173492023,8.746433148853848e-06,2.428973234176636,4.536888614872728,10.073546479638253,1.0,0.3478801126480103
193,2.0821076526641846,0.11384633593048368,0.38470676595824105,0.10556650335448128,1.1438320054626923e-05,2.6353234011332196,4.88425566184659,10.437574398085873,1.0,0.3499509189128876
194,2.1187208532605855,0.1138644718016897,0.3816848684379033,0.10820901480742863,7.270784881923818e-06,2.522611473719279,4.588865035698149,10.194031855941265,1.0,0.35048465577761334
195,2.0668549406869072,0.11187600209031787,0.38124718683106557,0.10491291292224611,7.624116053226057e-06,2.5461495183308918,4.790817029764207,10.319315373204288,1.0,0.3493078169822693
196,2.080250302723476,0.11218115406376974,0.38355685676847184,0.10563130022798266,8.564239503387837e-06,2.5975618184407554,4.920849977418904,10.398173474325132,1.0,0.35030255738894145
197,2.094378387451172,0.1120148263999394,0.38145785546302796,0.1067241582444736,8.669894585145649e-06,2.5126050980885823,4.7552818636704615,10.178814781676108,1.0,0.34829402216275535
198,2.0588655722481866,0.11279244961908885,0.3838115675789969,0.10414815041848591,7.861331484763566e-06,2.5511720428466798,4.6250204385542775,10.218150808166358,1.0,0.352268976688385
199,2.043137395586286,0.1093508848973683,0.38310589814186097,0.10337460785252707,1.2302160798477806e-05,2.604157325108846,4.576162687515325,10.125755565362319,1.0,0.35330055260658266
200,2.043477933883667,0.11034768050909043,0.3825076436655862,0.10337244551522391,7.182571984922147e-06,2.5093662255605063,4.50425104583093,10.070680177129665,1.0,0.3514940098126729
201,2.062311101913452,0.11070648917130062,0.3825279527391706,0.1046029993551118,6.330921022822622e-06,2.547748872121175,4.614302394202296,10.184078389985777,1.0,0.3513162016868591
202,2.0587037650517055,0.1124599420768874,0.3824281777654375,0.10425166862351554,8.122739258072085e-06,2.5475271390279133,4.583079226210607,10.077293337010378,1.0,0.3521410478750865
203,2.02717734173366,0.11347187703847886,0.3822600336756025,0.10209330996445247,9.161294882135605e-06,2.474725538253784,4.450380852346446,10.003959635665618,1.0,0.35012145527203875
204,2.029498307091849,0.11336010682582855,0.3830095377308982,0.10220491932119642,1.0971083516703268e-05,2.5164678338368733,4.511367606124243,10.06267887656696,1.0,0.3507204390366872
205,2.0485629038129534,0.10989261212519237,0.38276243560654777,0.10372471596513476,7.4265606217725884e-06,2.647201363881429,4.626615203905983,10.176356011009434,1.0,0.3529733675320943
206,2.0231962705339703,0.11075950015442712,0.38231152551514763,0.1020057647057942,7.74971962521574e-06,2.5130117092132567,4.552562685810482,10.122705009340734,1.0,0.3507317279179891
207,2.0316890773773193,0.11198453140258789,0.3820664027077811,0.10250625370229993,8.867539422943033e-06,2.603212635040283,4.540784804539501,10.050056419807833,1.0,0.34829805135726927
208,2.0253321939195907,0.11173131363732475,0.3822537922177996,0.10208763089350292,6.524793884279591e-06,2.5010715948740643,4.714318895134383,10.185010281305837,1.0,0.34856178720792136
209,1.9606802343641008,0.11148369166680745,0.3826814921924046,0.09776495513745717,8.14494297340421e-06,2.49273703066508,4.460575774437033,10.048538762686325,1.0,0.3540712742805481
210,2.026760735648019,0.1097115404350417,0.38321006662505014,0.1022531230364527,8.457494623533941e-06,2.514748154958089,4.560749325580989,10.101920940118491,1.0,0.3503984708786011
211,2.0215036285945347,0.10990304423230035,0.38257303207261223,0.10193264966351645,7.562395642935371e-06,2.5755925572713214,4.560724312034614,10.03336466606033,1.0,0.35179985491434734
212,2.0626342103140693,0.1090580414874213,0.3828261578083038,0.10471365928649902,9.023480342291025e-06,2.527589724858602,4.419595371034503,10.061098864543233,1.0,0.3535895440578461
213,2.034491898400443,0.11211500395195825,0.3815844509260995,0.10271704505171095,7.352613766897775e-06,2.628361017227173,4.6283861772570445,10.103286931036163,1.0,0.35212342103322347
214,2.025050810677665,0.10865602142470224,0.38172426424707684,0.10230885205098561,7.547964435259148e-06,2.5299772129058837,4.548730206900946,10.03389985868137,1.0,0.34880984091758727
215,2.024651243209839,0.10977206081151962,0.3813657636983054,0.10223159847940717,7.887460395717685e-06,2.5029269943237304,4.582512743193509,10.146791897274516,1.0,0.3554104923407237
216,2.0306923078809467,0.11157748846496854,0.38212639502116613,0.10246397244078773,5.768706164236827e-06,2.596648078918457,4.750166233098981,10.19819050002917,1.0,0.3513645389874776
217,1.9923100501469204,0.11028176546096802,0.3801431382383619,0.10012162554264069,1.2151271669361157e-05,2.4713196805318196,4.522548634045414,9.958009044621024,1.0,0.35163829763730364
218,2.0198531385149274,0.11140674228327616,0.3817580004419599,0.10177641529696328,8.430773962085627e-06,2.6183421058654783,4.697257789530582,10.28033538435477,1.0,0.3489297553698222
219,1.9885434337343488,0.11000903291361673,0.3826248197555542,0.09972537962027958,5.7788129240431575e-06,2.602099636713664,4.577799781319937,10.111837509205579,1.0,0.3505315938790639
220,2.0144852668217252,0.11201975348166057,0.38266379748071944,0.10131675625698908,1.0074729456123676e-05,2.5372445596059165,4.78078406298519,10.33749165579025,1.0,0.3479952388604482
221,1.998998455456325,0.11134818742104939,0.38198349349839344,0.10037471271412714,9.21636421178716e-06,2.5549163538614907,4.748394516924112,10.242082334005957,1.0,0.3535565803845723
222,1.9850875309535436,0.10878925826719829,0.3819019728047507,0.09962422301939555,6.592651553221783e-06,2.5941731719970704,4.537574716720144,9.991990631857345,1.0,0.35278151965141297
223,2.036151827403477,0.10968222244296755,0.3825324311256409,0.10292673074347632,7.240528153309762e-06,2.562026402155558,4.671429558601032,10.160885419201087,1.0,0.35523489061991376
224,1.9853590052468435,0.11056472922222955,0.3818144693374634,0.09952954787015915,7.319039167214214e-06,2.612381165186564,4.674308371263097,10.225662958168545,1.0,0.34807868488629656
225,1.9042022726876395,0.11048043346405029,0.3823482754571097,0.09408855041435786,9.062270869143114e-06,2.500361703236898,4.447757092290854,9.982338949642804,1.0,0.3484958397547404
226,2.0114436539241245,0.11156059856074196,0.38176665340151106,0.10120586227519171,5.692520361772527e-06,2.521760243097941,4.648085888418488,10.25831113509714,1.0,0.351010847568512
227,2.01905508014134,0.10931555369922093,0.38241182262556894,0.10181913267714637,8.143837643394086e-06,2.5341352666219077,4.532937167500591,9.973381955256144,1.0,0.348660658121109
228,1.93975776045663,0.11053806387526649,0.381982641186033,0.09647956098828997,8.724796720328649e-06,2.583030637105306,4.507597130585111,9.978226775297625,1.0,0.351163725455602
229,1.9956738664082119,0.11068938856465475,0.38106366831915717,0.10025878384283611,7.808770441954494e-06,2.578560457229614,4.664406497393898,10.158544395441448,1.0,0.35004830614725746
230,2.0225796952928814,0.11123937491859709,0.3826318625722613,0.10191164720909936,6.751541286657162e-06,2.5946634680430094,4.579856357690603,9.999344734178841,1.0,0.35264738829930625
231,2.014922756740025,0.11040504599469049,0.3823514825957162,0.10147475004196167,8.995431942063854e-06,2.5872832101186116,4.62228621002307,10.144317341216569,1.0,0.3493532767295837
232,1.9810504123142787,0.10923681661912372,0.38173386682782856,0.09933575564622879,8.678814495803116e-06,2.589819471995036,4.473138747326595,9.915396954663763,1.0,0.35212947964668273
233,1.9191351391928537,0.11045873183863504,0.38184927306856425,0.09511926691872732,7.626509729058333e-06,2.5737074228922525,4.44851655382246,10.084975760136684,1.0,0.3511751107374827
234,1.9620050257274082,0.10930863696336746,0.38354285274233135,0.09794081207684108,8.27166219404469e-06,2.587025156656901,4.526346613806655,10.024724538917038,1.0,0.3491739851633708
235,2.029012045451573,0.10921913857119424,0.38179883081572397,0.10253092457566942,6.038984111384593e-06,2.6225354696909586,4.736895924902503,10.231102136879873,1.0,0.35258970109621685
236,1.970462712424142,0.10969731043917792,0.3820227979591915,0.09858046532528741,7.122533018153782e-06,2.675926301956177,4.675626168155908,10.250432328840661,1.0,0.3511367654800415
237,1.947584736415318,0.11194697255747658,0.38223294138908387,0.09689121580975396,7.3185981858046036e-06,2.5291287740071615,4.508826428315262,10.027732289679928,1.0,0.3469990961551666
238,1.9805948194776262,0.10902720105648041,0.3814184209959848,0.09934083133935928,7.346747247303093e-06,2.533805288950602,4.584098965599694,10.072954327651608,1.0,0.3512313475608826
239,1.9587808698926654,0.10943200530324663,0.381647025176457,0.09784425253527505,7.61351191073345e-06,2.64784676361084,4.686194512247739,10.132605428830896,1.0,0.3538863645394643
240,1.967923130580357,0.10998105124916349,0.38122434997558596,0.09844495591095516,8.681693174139582e-06,2.5658089942932127,4.585333736437552,10.125742255173469,1.0,0.3510529992580414
241,1.9062807238442556,0.10883081007003784,0.38133344299452643,0.09440556124278478,6.613047141359272e-06,2.545918556213379,4.502622968524341,10.001613312890724,1.0,0.3514283204873403
242,1.956969409125192,0.10799461672987257,0.38131967885153634,0.09784108402899333,7.773121247415662e-06,2.582010032018026,4.511611066384056,10.016652683752673,1.0,0.3498308454354604
243,1.9356471336909702,0.10787119689158031,0.38177134340150015,0.09639771397624697,7.774399518780228e-06,2.593106106440226,4.570157550746988,10.138147635706659,1.0,0.34955279604593914
244,1.9505412239347186,0.11065406992605754,0.38170298072269987,0.09720984237534659,7.302853910130937e-06,2.6291354281107586,4.582208784012979,9.997526181867304,1.0,0.35256962561607363
245,1.955551890509469,0.10978038782732827,0.38159686255455016,0.0976094924722399,6.448914747514729e-06,2.612820681254069,4.57797021265551,10.112519595526033,1.0,0.3522514859040578
246,1.9544016878945487,0.10890184963600977,0.3811874360016414,0.09761843316895621,7.182642903282093e-06,2.591350128809611,4.572833856881544,10.059503642564103,1.0,0.3515551466147105
247,1.9562270535060338,0.10972452528987613,0.3817678049973079,0.09764677241870336,6.625403057069791e-06,2.6405054683685303,4.488531362644114,10.074547297602816,1.0,0.34856062531471255
248,1.9259315381731306,0.1092239203112466,0.38178433663504463,0.09565954657963344,6.011793543344928e-06,2.639907985051473,4.481117603198168,9.99762081463378,1.0,0.3519461459318797
249,1.9064629784992764,0.10896227898768017,0.3801302682672228,0.09448842281103134,8.818907826445915e-06,2.6766743564605715,4.516245104220595,9.959979982817412,1.0,0.35090824604034426
250,1.9352082879202706,0.10941013774701527,0.38244327984537396,0.09622099087068013,8.000311425909195e-06,2.599631762822469,4.543836542763623,10.111510650329713,1.0,0.34860073574384054
251,1.9224479773385184,0.10874508624417441,0.3811872194835118,0.09549855050018856,7.481693490842442e-06,2.7145328521728516,4.612339207340052,10.09794529844041,1.0,0.3488383305072784
252,1.942621236528669,0.10840295129162925,0.3821736113684518,0.09680008474418095,8.683545899652652e-06,2.6622953961690268,4.518370273198968,9.927198101097172,1.0,0.3499703669548035
253,1.9139016840798515,0.10776270634787423,0.38201981282234193,0.09493925538233348,6.063728854628486e-06,2.7084453283945717,4.625354233690867,10.103956745381401,1.0,0.3524290068944295
254,1.905900510243007,0.10904604541403906,0.38075519105366296,0.09440449391092573,6.372151844909167e-06,2.574733803431193,4.390361713542428,9.97538475433006,1.0,0.34696813877423605
255,1.9082548452104842,0.10906538595472064,0.3812891341277531,0.09452450590474265,6.544520508214191e-06,2.5956997559865314,4.44024377073472,9.936735931373027,1.0,0.34880381226539614
256,1.9344472227096559,0.10954395366566522,0.3799419095856803,0.09632817206212453,7.754779137704963e-06,2.7318700014750164,4.633981910606198,10.149839655955528,1.0,0.35380009309450783
257,1.9349188804626465,0.10815351098775863,0.381018602337156,0.09638119733333587,5.762952988768991e-06,2.61916189511617,4.553971035475464,10.090278246219162,1.0,0.34898986474672955
258,1.920577604021345,0.10715294167825154,0.38132464388438636,0.09547110544783728,6.686843494534855e-06,2.6877647794087727,4.685332445399244,10.123271202729647,1.0,0.34993072907129924
259,1.8872581070491246,0.10989192560740879,0.3812329523903983,0.09307237090383257,9.53532281365353e-06,2.5783840866088865,4.407540717536929,9.937295044071032,1.0,0.3486141635576884
260,1.8754050482341222,0.1059675903064864,0.3822915919508253,0.092474230493818,6.480162803070145e-06,2.6590497385660807,4.520104596324166,10.101333249122266,1.0,0.3536097655296326
261,1.920190766470773,0.10911880061456135,0.3801093839577266,0.0953954330938203,6.215569918558523e-06,2.6777079010009768,4.52879769157996,10.010947400391162,1.0,0.35495327695210777
262,1.9274260567256383,0.10770263891560691,0.3801677998134068,0.09596845979349954,5.743359935118114e-06,2.644601833343506,4.666929041060728,10.236556600742993,1.0,0.35065492272377013
263,1.8849699523108345,0.11158733184848513,0.3805949352468763,0.09284999045303889,7.565583428404362e-06,2.654357838312785,4.484234190799288,9.980475619333514,1.0,0.3489687453111013
264,1.8831957729884556,0.11050231965950558,0.38107333639689855,0.09277242955139706,6.734427538032962e-06,2.652840410232544,4.484151619761398,9.921702617603335,1.0,0.35145507065455117
265,1.9093849687576294,0.10843867767708643,0.38088458895683286,0.09466822464551244,7.664117071856578e-06,2.5916174538930257,4.393717032440546,9.898227069432574,1.0,0.3469026401837667
266,1.8798689528873989,0.10848057616608484,0.38108909954343523,0.09268431114298957,6.920810047739272e-06,2.560408487955729,4.515552068680323,10.0494199816938,1.0,0.34742225432395935
267,1.864792770385742,0.10667583244187491,0.38171512259755813,0.09175785969836371,6.783106065597621e-06,2.584094574610392,4.487963303783833,9.94266614899761,1.0,0.3495564842224121
268,1.8614577094486782,0.10867639907768795,0.380497303043093,0.09148351507527487,6.25895839894903e-06,2.598164288838704,4.518505879268044,10.023766356465416,1.0,0.34648171202341715
269,1.8883111542293003,0.10843448862859181,0.38079276292664666,0.09327000457899912,6.768381999735887e-06,2.6801828053792316,4.531691050932623,10.060979196000412,1.0,0.34685256552696225
270,1.91663250541687,0.10624436211585998,0.38231145439829145,0.09520291350569043,6.594218432780963e-06,2.7336767578125,4.712850600377917,10.198988637035592,1.0,0.3535867221355438
271,1.921371564592634,0.11048408683708735,0.3806792041914804,0.0953445235150201,8.083207297512931e-06,2.6405673325856527,4.5333512852078774,10.103674847120134,1.0,0.3478626972039541
272,1.8667273517336165,0.1063132626414299,0.38098815182277135,0.091960044332913,5.05712756854239e-06,2.6351616388956707,4.506907122494481,10.014226993896731,1.0,0.3513725585142771
273,1.8965651603426252,0.10733897827352797,0.3797861866610391,0.09396085109029498,5.4406618770345614e-06,2.677631265640259,4.491079797095481,10.027753334991461,1.0,0.35288348666826885
274,1.8223845754350936,0.1074912949034146,0.3809676004137312,0.08892655339411326,5.474555349865438e-06,2.6636027603149413,4.638236966956663,10.214577418371569,1.0,0.3505492282708486
275,1.8568513911111013,0.10804262529952186,0.3800223615169525,0.09125051252331053,5.7441974590893046e-06,2.6422192166646323,4.458108237290075,10.106206010960808,1.0,0.34961402837435407
276,1.868124474116734,0.10820687995638166,0.38179517429215565,0.0918724952510425,6.9977951912148586e-06,2.727395586013794,4.4921515101811185,10.014848977604114,1.0,0.35201445484161376
277,1.8836580775124687,0.10874646608318601,0.3803107425825936,0.09297170828921454,5.047907183057175e-06,2.735172244389852,4.425688982908705,9.894967288684501,1.0,0.3510150117079417
278,1.8390071749005998,0.10759895981209619,0.38114441132545474,0.09001545463289533,6.393519286023418e-06,2.796479200363159,4.578605170696903,10.073022321935273,1.0,0.35091737484931945
279,1.831248982157026,0.10859610728706633,0.37940405583381653,0.08954770121404103,6.660436906149211e-06,2.6338228848775227,4.433977159097754,9.926644490232574,1.0,0.349692489862442
280,1.8845543716975621,0.10795944164480482,0.38103545001574923,0.0930346759728023,7.865684289015463e-06,2.7075231685638426,4.563453567831463,10.055971272155238,1.0,0.34903039820988974
281,1.8345937505449568,0.10647110453673772,0.379876417364393,0.08988160632337842,4.4276511705833496e-06,2.6614911562601726,4.3755423634829,9.866188068026121,1.0,0.34970458277066546
282,1.8507605272020613,0.10820254212617875,0.38040026889528544,0.09080817512954985,7.017605155506804e-06,2.7410680815378825,4.514380417189933,10.137898529103468,1.0,0.34666627971331276
283,1.810984835624695,0.10757902023621968,0.38088021949359346,0.08816557477201735,8.393463432079378e-06,2.6138405831654867,4.405885274290922,9.905559277546036,1.0,0.35154687690734865
284,1.8310266695022583,0.106760369684015,0.3798613997186933,0.08962463459798269,7.074924991359564e-06,2.6870496756235758,4.42524646344025,9.910032462797584,1.0,0.35210544633865354
285,1.872212874685015,0.10703487264258521,0.38070758713994707,0.09229600588764462,6.065666649208014e-06,2.70947274017334,4.469311931727034,10.014615432482008,1.0,0.35085267321268715
286,1.84377462550572,0.10778036208663667,0.38043962938444953,0.0903683409009661,5.905093114774575e-06,2.692012679417928,4.602008146180598,10.039832608701607,1.0,0.3494041055838267
287,1.8460336220605034,0.10711394398553031,0.38104355924470085,0.0905231602702822,5.741792771751924e-06,2.6577486673990887,4.3741453488883275,9.866962865543803,1.0,0.3476365541617076
288,1.8713128938674928,0.10583914248432431,0.38053589054516385,0.0923273201584816,5.612661685802323e-06,2.6223094444274904,4.411968277498098,9.930766336141357,1.0,0.3485960524082184
289,1.8470280565534318,0.10826686775684356,0.38101831521306717,0.09051460930279323,4.746945704896786e-06,2.7232403240203857,4.530593895375598,10.009079420009366,1.0,0.3500157020886739
290,1.816353587423052,0.10743659204244614,0.3798549417427608,0.08860189660106386,6.7201071337064735e-06,2.6625204995473224,4.352553055800293,9.974862864177858,1.0,0.349114926815033
291,1.8519368797029767,0.10804739183187485,0.3810770241873605,0.09085195755958557,6.619925336563272e-06,2.749189297993978,4.496362191892727,9.929394502543788,1.0,0.35158534479141235
292,1.8287927848270962,0.10743511122465134,0.3800572120802743,0.0894181124142238,5.754754002405248e-06,2.716662961324056,4.546648732046149,10.08176577770958,1.0,0.35154763762156166
293,1.8408710654122489,0.10768062356540135,0.3808250743661608,0.09015546114104135,6.68959810250921e-06,2.6880981903076173,4.420283915513887,9.99998977257415,1.0,0.34691048208872477
294,1.821226074899946,0.10643427434137889,0.3794392257758549,0.08902174718039377,5.275225505735242e-06,2.676181422551473,4.499150142829782,9.968563781483889,1.0,0.349870956103007
295,1.817901467050825,0.106959684916905,0.38125399449893405,0.0886439488189561,5.708626735002196e-06,2.717864210764567,4.397987998993577,9.834375877307572,1.0,0.3494592527548472
296,1.8332970145089287,0.1077060295854296,0.38101340620858326,0.08963662479604993,5.6440052308488475e-06,2.6906028416951497,4.434476914522726,9.941944804675176,1.0,0.34893443528811136
297,1.857235786982945,0.1062986067192895,0.3797554578099932,0.09141049970899309,4.845554633504889e-06,2.6925137036641438,4.5024750171076136,10.043931199745678,1.0,0.3496584308942159
298,1.8293438004084996,0.10714207408257893,0.37888767055102757,0.08955226228918348,6.0193684057324565e-06,2.7439587160746255,4.422786224693814,10.002624792276396,1.0,0.3476380431652069
299,1.7998716692243304,0.10615288581166948,0.3816690189838409,0.08746785699469703,6.3817705604053895e-06,2.753498285929362,4.591067184112211,10.091761533384561,1.0,0.34932843812306724
300,1.873798221860613,0.10742032697371075,0.38074611292566574,0.09237385951621192,4.774326350979915e-06,2.7437262649536134,4.438702498545096,9.855401546074004,1.0,0.3504298747380575
301,1.8272055805751255,0.1067978014435087,0.3806800400188991,0.08931315192154475,6.0942860451973505e-06,2.73273610496521,4.4929168800590205,10.011971923493471,1.0,0.3503256840705872
302,1.808410329410008,0.1055985587154116,0.3798267707484109,0.08819732570648194,5.023024592373661e-06,2.766207286198934,4.456599327552794,9.918119343100361,1.0,0.34923729999860126
303,1.7810671051570348,0.10808410546609333,0.3803525427750179,0.08617385523659843,4.521759909948742e-06,2.737450740178426,4.34118296697252,9.799645682175264,1.0,0.3485327746868134
304,1.8029230536052159,0.10669355890580585,0.38078076938220434,0.08769452854565211,6.157367427424073e-06,2.8075956904093426,4.377394363064313,9.88856734161818,1.0,0.3487911433378855
305,1.805664757864816,0.10578822998489652,0.37966637781688145,0.08801232769659588,5.046977588623999e-06,2.7769483591715494,4.524025226950753,10.024800961950085,1.0,0.3509341944058736
306,1.8135804138183593,0.10823861068487167,0.38006063420431957,0.08835044266496386,4.905323654497806e-06,2.7442201251983644,4.609259934691539,10.125038641191166,1.0,0.3482495260238647
307,1.8132676326206751,0.10539460395063673,0.37982798865863254,0.0885343480025019,5.961642284432855e-06,2.7849541365305583,4.560198019353297,10.130007929870382,1.0,0.35518096923828124
308,1.7824971417018345,0.1069233810050147,0.3791168353557587,0.08642851249660764,5.846477461549934e-06,2.723545259475708,4.31563076328054,9.82413685484702,1.0,0.35172907956441246
309,1.7757164609091622,0.106094828580107,0.37999522202355523,0.08597313561609814,5.8754641985184924e-06,2.6829321053822834,4.315628915854154,9.857795589736677,1.0,0.3474752357006073
310,1.8209157145363943,0.10653949611527579,0.37914475679397586,0.08901332415853228,6.31896506908244e-06,2.734595890680949,4.47003086638035,9.91315134126444,1.0,0.3516297374566396
311,1.8064926659720284,0.10784039373057229,0.379855525629861,0.08791835743188858,4.2762090788690845e-06,2.7004456888834634,4.361610039423497,9.832123245062542,1.0,0.34875934076309206
312,1.7932357709067208,0.10701416350262506,0.38018223687580655,0.08706735515594483,5.80920104191916e-06,2.7412904249827066,4.475328139996763,10.02381229833338,1.0,0.35299912198384603
313,1.7936119734900338,0.10662134275266102,0.38042777051244464,0.08710188871196338,6.906218000823726e-06,2.748810344696045,4.428458831220657,9.910563461516006,1.0,0.35051921439170836
314,1.7983566611153738,0.10558668441431864,0.37979027315548486,0.08753004789352417,5.795515810648664e-06,2.7253076566060384,4.403437690121971,9.981618925959003,1.0,0.348233393907547
315,1.7718472326823644,0.10629730312313353,0.38093191354615347,0.0856396353159632,4.695211683375484e-06,2.808517355600993,4.3485719634937166,9.82425901173007,1.0,0.34998985958099366
316,1.7589944080625262,0.10607502565213613,0.3802714352607727,0.08484135471923011,5.525921149252813e-06,2.7613074595133464,4.431218056902734,9.964701245809081,1.0,0.3485802382628123
317,1.7728139817374093,0.10493343369449888,0.37919084436552863,0.08591076852594103,5.634901656354227e-06,2.7565049025217694,4.4318117866409885,9.9249749804849,1.0,0.3487873935699463
318,1.7614545484270367,0.10653521691901344,0.3788013614586421,0.0850732621891158,3.808255382332553e-06,2.7619702949523925,4.29362129718862,9.778638563754079,1.0,0.35143482287724814
319,1.817288163457598,0.10574827643803188,0.38033176047461376,0.08874548090355737,5.183929854782475e-06,2.6412732620239256,4.284997716916702,9.771518100145956,1.0,0.34873160568873085
320,1.8094268992287772,0.10612594198329107,0.3797345967973982,0.0882359026329858,5.567216375002967e-06,2.8032499434153237,4.515908129960404,9.962918207395354,1.0,0.348525866429011
321,1.8048412908826557,0.10634679963759014,0.37972063064575196,0.0879165706549372,5.059367994817876e-06,2.7963921070098876,4.410350821883631,9.98162193343812,1.0,0.3497799543539683
322,1.7807931374141148,0.10634763317448752,0.3795056117602757,0.08632774386235646,4.7460214370208375e-06,2.8155399208068848,4.439585747581276,9.946923386371703,1.0,0.3503778082529704
323,1.7678512753077915,0.10617316478490829,0.37972278894696915,0.0854620869244848,4.803197950143659e-06,2.7478197434743246,4.44027147267611,9.890601300600835,1.0,0.349625066836675
324,1.7461221491949899,0.10602864368472781,0.3803967753819057,0.08397790135656084,5.642030023292824e-06,2.7925528265635173,4.434123630335354,9.922827693421722,1.0,0.3481405713558197
325,1.7430738198416573,0.10603823566436768,0.37970895321028575,0.08382015300648553,4.8644698676493395e-06,2.7861516348520916,4.481832193622834,10.019167217566217,1.0,0.34914228550593057
326,1.737627580370222,0.10581954536267689,0.3799266857079097,0.0834567118031638,6.1369145537413235e-06,2.7800350799560545,4.407661291492435,9.945406964257083,1.0,0.34976018373171486
327,1.7582774952479772,0.10741686425890241,0.3794733702795846,0.08475711837836675,6.09318310874994e-06,2.78571443494161,4.342147060460638,9.798340603830681,1.0,0.3486761865615845
328,1.7411553722109114,0.10615046231235777,0.3800199108123779,0.0836635445015771,6.366204387336324e-06,2.782906852086385,4.369488755391832,9.854382532653336,1.0,0.35062260683377583
329,1.7242846239634924,0.10660691017763956,0.3785793832370213,0.0826050687602588,4.462820770770902e-06,2.821092492421468,4.349936333254473,9.778354885862324,1.0,0.3522112670739492
330,1.7362839904512677,0.1068417056458337,0.3797601889542171,0.08331029865571431,5.523329018300517e-06,2.77183495648702,4.524536886044187,9.982979568974594,1.0,0.3494328589439392
331,1.7231377954483031,0.10592311870200294,0.37962887552806307,0.08250397545950754,5.2366393938712005e-06,2.707069658279419,4.270890058102835,9.823957532034747,1.0,0.3479987808863322
332,1.7678544086728778,0.10699675571066992,0.3790539193493979,0.08545226061344147,3.960814392030443e-06,2.8435485382080077,4.449996875494507,9.91403820560062,1.0,0.3506338806152344
333,1.7578685309546334,0.10610938971383231,0.37994003421919686,0.08478641475949969,4.579919012825348e-06,2.8304484901428224,4.401090353686618,10.039094948359088,1.0,0.34934004783630374
334,1.7600241676058088,0.10475101186547961,0.3802206619126456,0.08500201333420618,4.4614490980775046e-06,2.786589998245239,4.393779473570652,9.928605067696301,1.0,0.3508394470214844
335,1.7666952619552612,0.10676577511855534,0.3793657455444336,0.08536952023846762,4.18757044148878e-06,2.7804289048512776,4.365066021687451,9.846499683711649,1.0,0.3495599967638652
336,1.71789999798366,0.10565457602909634,0.3796699148927416,0.08216990313359669,5.38988403947955e-06,2.7987559776306155,4.366438916711657,9.836741832241438,1.0,0.3491016849676768
337,1.7234862681797574,0.10457332579578672,0.38034946615355353,0.08256909402779171,5.413080694552263e-06,2.7998024781545,4.422934619745725,9.996336343794917,1.0,0.35118471002578733
338,1.781734770502363,0.10551552592005048,0.378916668517249,0.08648545281376158,4.158288288290838e-06,2.8148189430236816,4.322997530920474,9.799923974969484,1.0,0.35275884517033895
339,1.736052826472691,0.10618206931863512,0.37794783398083276,0.08345963764616421,5.668620218135142e-06,2.7689998035430907,4.31174968789643,9.784543818255425,1.0,0.3488470919132233
340,1.7141483422688075,0.10354588173968451,0.3784145175048283,0.08214404969555991,5.439664460114711e-06,2.854946876525879,4.466422705193865,9.912765664963885,1.0,0.35240600872039796
341,1.748379170009068,0.10657883845908302,0.37819943744795664,0.08423866031851088,4.195116760903212e-06,2.75337214978536,4.383013652043562,9.861264254771056,1.0,0.34853385361035666
342,1.7164632692337036,0.10541134952647345,0.37917426579339164,0.08212376540047782,4.233450874620206e-06,2.8303224220275878,4.444480645019493,9.90997112671041,1.0,0.3478070032596588
343,1.7632381756646291,0.10511665454081126,0.3788513035093035,0.0852833007659231,4.14172224076432e-06,2.802227673212687,4.38031861504446,9.902632487445258,1.0,0.3503945898214976
344,1.7662120609283447,0.10629380344493049,0.37925843627112255,0.08537539875507355,5.768465759404405e-06,2.7752150332132977,4.429171149728757,9.939592343296415,1.0,0.34944335198402404
345,1.7088028257914951,0.10488164461510523,0.377806878055845,0.08173978641203472,3.5006564635750184e-06,2.813166535695394,4.432134957102992,9.956091821434995,1.0,0.3508269759019216
346,1.7409725044795445,0.10483087054320744,0.3797160254205976,0.08376018670627049,4.5616535182172614e-06,2.789783685684204,4.390396954691467,9.926345919670165,1.0,0.351014599720637
347,1.7066562767028808,0.10572076806851796,0.3787568956102644,0.08147663344655719,5.8237679752437545e-06,2.789005048751831,4.371098718743778,9.922202668823335,1.0,0.3492387665907542
348,1.7089618738719394,0.1053684732573373,0.3802167667661394,0.08155686029366084,4.746736325565897e-06,2.7998784821828204,4.253502891212961,9.741239937464714,1.0,0.3494433449904124
349,1.7562023265021187,0.10657640371152333,0.378291620356696,0.084754034110478,4.754729211621265e-06,2.7782948258717854,4.33491355392862,9.857457358368455,1.0,0.34714242005348206
350,1.7345380947930473,0.1050997458440917,0.37927288440295626,0.08334305064167295,3.938926620240376e-06,2.868051047643026,4.386434011838549,9.906069934447421,1.0,0.3500952041943868
351,1.7312486773899622,0.10625485491752625,0.37950281003543307,0.08303143395696368,3.902152870769068e-06,2.8501131025950115,4.344025117773864,9.813427919211579,1.0,0.3491993013223012
352,1.682007047516959,0.10415893345219748,0.37843225833347865,0.07995955717137881,4.5002411364448234e-06,2.8538997637430827,4.324003734395364,9.849533633279117,1.0,0.35084009114901227
353,1.7293053215571812,0.10502048252310071,0.37835511340413774,0.08306035834550858,4.869554304020442e-06,2.8270798219045004,4.339928147401728,9.867049924779257,1.0,0.3492022147973379
354,1.7148621075493948,0.10415934122460228,0.37868912839889524,0.08213249994175775,5.228480395844924e-06,2.8585216738382977,4.368981437224093,9.895976316713416,1.0,0.3509632349014282
355,1.7229422656467983,0.1066441587635449,0.37786576734270366,0.0825608550139836,3.9050261038287966e-06,2.8099311923980714,4.3207384541369445,9.823396505341805,1.0,0.35017323279380796
356,1.695594792502267,0.1057691632934979,0.3802657153947013,0.08063580226898194,4.5755378145641805e-06,2.83062327448527,4.472645900327001,9.966480499924485,1.0,0.3472672243118286
357,1.7325036931719098,0.10486737682989665,0.3785219693524497,0.0832728807926178,4.225465681689197e-06,2.818446306228638,4.320610367490817,9.762425469110863,1.0,0.34974423638979596
358,1.6917955213274274,0.10476491859980992,0.3788826987743378,0.080541467326028,5.180481967366899e-06,2.8381772804260255,4.301630975781619,9.79447975637853,1.0,0.34907019273440043
359,1.6769904259272983,0.10448917012555259,0.3787845139503479,0.07957978277121272,4.0009566969865875e-06,2.79090207862854,4.238341645766914,9.765631011537652,1.0,0.3485540342330933
360,1.6658871703829083,0.10472137756007058,0.3783808092389788,0.0788507080418723,4.873387601049574e-06,2.840545347849528,4.311687801599296,9.782224897946278,1.0,0.35140916204452516
361,1.6841508611951554,0.10400044342449734,0.37879363489151,0.08008866780996322,5.351924969721113e-06,2.8400730527242026,4.394949232529611,9.91435804066557,1.0,0.350918510278066
362,1.6963318794795446,0.10669633209705352,0.3786560655321394,0.08073058758463178,4.1352358652042245e-06,2.821588800430298,4.291702044262371,9.751165064709557,1.0,0.35030258814493814
363,1.7194076833724976,0.10534201376778739,0.3795747563838959,0.08229810969318663,3.853561645753091e-06,2.8235420932769775,4.34026500024834,9.943727041085495,1.0,0.3485188128948212
364,1.7204248646327427,0.10581928575890405,0.37896140091759817,0.08237476584741048,4.538895331626642e-06,2.8702166887919107,4.389348313035963,9.952612964547399,1.0,0.3497207765579224
365,1.7393002875191825,0.10473360348599298,0.3797907861300877,0.08365027072599956,4.366798844265369e-06,2.850738952000936,4.284296103435935,9.786774012975176,1.0,0.34893048111597696
366,1.7071055515834264,0.10509508795397622,0.37784692849431717,0.0816088593006134,6.131303341784847e-06,2.819995964050293,4.277023117492552,9.76012700670307,1.0,0.34817939074834187
367,1.6857977766309467,0.10475919067008155,0.37851907542773655,0.08016665422916412,3.935943739098287e-06,2.8676876309712727,4.341209961576258,9.901799643815966,1.0,0.35036307048797605
368,1.6742464704513549,0.10571262643166951,0.37811581332342964,0.07935948140280587,5.163758039194428e-06,2.8628508644104005,4.377750838136996,9.841942505840631,1.0,0.34886759773890175
369,1.6820782440730504,0.10479184513432639,0.3785687524931771,0.07991309094429017,4.25535044665334e-06,2.8573078333536786,4.2677114489511165,9.794684391155254,1.0,0.3494945769309998
370,1.6778592508860997,0.1039249894448689,0.3798490357058389,0.0796040865268026,4.786724630777022e-06,2.8479309266408284,4.288741931081853,9.771686189111339,1.0,0.3492522208690643
371,1.6949890715735298,0.10451722883326667,0.3782916292803628,0.0808104078088488,4.819726600259993e-06,2.834116673151652,4.294395364896424,9.785982772877366,1.0,0.34944300389289856
372,1.6600614494596209,0.10468546077183315,0.37938441116469246,0.07839803722926549,4.206196334247839e-06,2.874102317174276,4.338427076181539,9.858980255753963,1.0,0.34826854228973386
373,1.7002344136919294,0.1040673663531031,0.3792656943798065,0.08112556225912912,3.5828075608768423e-06,2.831385624567668,4.293583012718504,9.826335519341605,1.0,0.35074273896217345
374,1.675331663949149,0.10582303610869816,0.3787976788452693,0.07937935509852001,4.1228791885877005e-06,2.831584093729655,4.271969193080913,9.766752456860251,1.0,0.347892347017924
375,1.6624664944240024,0.10400364689316069,0.37864582092421395,0.07865271076134273,5.2714208746757715e-06,2.8473754806518556,4.347467408003744,9.84253665808802,1.0,0.34814818660418195
376,1.6715186759403773,0.10372838761976787,0.37881443388121466,0.07926369163819721,4.098827955630213e-06,2.8853981768290202,4.3720401451348465,9.828353345064501,1.0,0.3493505680561066
377,1.664884577342442,0.10673324877875191,0.3790524501119341,0.07860513740777969,4.365048325906531e-06,2.8651135031382244,4.2772007821135745,9.78107775894942,1.0,0.3488760483264923
378,1.6527320462635586,0.10453758808544704,0.3787927974973406,0.07795857690913337,4.602163248315654e-06,2.8979549853007,4.327305700089303,9.83513520061808,1.0,0.34862948989868164
379,1.6708717663628714,0.10451154391254698,0.37832458325794766,0.07920073820011957,4.912855497358188e-06,2.883562749226888,4.285065979145185,9.833177418974149,1.0,0.34784324781099957
380,1.678298166002546,0.10575437994514193,0.3792132042135511,0.07955443699019296,2.8035885260787756e-06,2.862041077931722,4.317340257147114,9.853078296475866,1.0,0.34910925817489624
381,1.658172916003636,0.10431036341190338,0.3785459718704224,0.07835291958280972,4.561270944423411e-06,2.876691514333089,4.399852808118302,9.907019371312996,1.0,0.3491923297246297
382,1.66427907371521,0.10525034872974669,0.37837932246071954,0.07870889319266591,3.200902339850233e-06,2.850394880930583,4.301223450541474,9.84873603725849,1.0,0.3483356591860453
383,1.6402491530009677,0.10474181793417249,0.37965254715510777,0.07705536878960473,4.847184190309305e-06,2.8901126403808592,4.274950851275004,9.798107923773133,1.0,0.3478829183578491
384,1.6927813464573451,0.10414739069768361,0.37925686860084534,0.08062350050040654,4.915667513500921e-06,2.908461409886678,4.392013229174497,9.842698341916702,1.0,0.3507259202003479
385,1.6441005513327462,0.10379405252422605,0.37896896849359785,0.07742114416190556,4.072573404057168e-06,2.8746491254170734,4.294121964108417,9.79510719908774,1.0,0.3499484559694926
386,1.6784861522402081,0.10475320621047701,0.3788889094080244,0.07965483169044767,4.311710347005361e-06,2.881862728754679,4.294871682996638,9.867220673318668,1.0,0.3494607793490092
387,1.6517216063908169,0.10707762375899724,0.3787258177825383,0.07772672694921494,3.4489263583655623e-06,2.8431080951690673,4.293368290433526,9.79670593774641,1.0,0.34853768610954283
388,1.6693844408307756,0.10473465894801276,0.37752825576918464,0.07914002673115049,4.229471459114263e-06,2.905995709101359,4.309363872054012,9.798770804484905,1.0,0.3486775811513265
389,1.67124010685512,0.10370520026343209,0.3788056379726955,0.07924726142202104,4.068656189554653e-06,2.879682690302531,4.301669783870786,9.784194779227189,1.0,0.34944507813453674
390,1.6854629212788172,0.10433513907875333,0.3791142119680132,0.08013252814326967,5.130322471651587e-06,2.9022600962320966,4.394688825816426,9.878096554770678,1.0,0.34900498906771343
391,1.6775145642416818,0.10431135365792683,0.379143860748836,0.07960264939069749,3.922776645747409e-06,2.9126744130452473,4.327322458722481,9.830811696611644,1.0,0.3486199276447296
392,1.6614371663502285,0.10423398748465947,0.37751079273223875,0.07864472614867346,4.300678057100121e-06,2.900741320927938,4.3335238613344,9.82269325263214,1.0,0.3493638740380605
393,1.6594038115910121,0.1058503880075046,0.37875312955038887,0.07831849215711865,4.579516711314354e-06,2.889043623606364,4.311682315929519,9.75986828074436,1.0,0.3479127765496572
394,1.6495974558421544,0.1027676699757576,0.37851095029285975,0.07788650727272034,4.2448512864601594e-06,2.9083250370025633,4.319116535557041,9.892030517518831,1.0,0.3488676559130351
395,1.6792557473863874,0.10430429493529456,0.37896985009738376,0.07973088647212301,3.66266691409172e-06,2.875115438461304,4.290954115833853,9.806502154923555,1.0,0.34864243483543395
396,1.6639520134244645,0.10367236853497369,0.37826884937286376,0.07879961803981236,3.3033562121979846e-06,2.901019660313924,4.304118328132995,9.784739372814593,1.0,0.34858680470784503
397,1.6409596207482475,0.10364496052265167,0.37864800657544817,0.07724275350144931,5.072236001914072e-06,2.88597670173645,4.331580270624169,9.89097777196383,1.0,0.34895860735575357
398,1.6679897847856795,0.10601199467693057,0.3789157767636435,0.07886930610452379,4.482904260929185e-06,2.8842630875905355,4.3214399296868145,9.84018858304666,1.0,0.3495166952610016
399,1.6564560033253262,0.10330964099509375,0.37880766241891045,0.07828821568829673,3.091574042384439e-06,2.9024475784301758,4.3035868323063005,9.822889510632255,1.0,0.34783467070261637
400,1.6636548173086985,0.10379728335993631,0.3794531674385071,0.07869242971284049,3.5814589566273623e-06,2.881386905670166,4.351163421154831,9.83868233389927,1.0,0.34716488377253213
401,1.662098925454276,0.10420175802707672,0.3785104086739676,0.07862438631909234,4.190836038335175e-06,2.8786072953542075,4.280260390344818,9.794515921314341,1.0,0.34807932877540587
402,1.6695111098970685,0.10375777895109994,0.3786921603679657,0.07913609745672771,3.941924639705568e-06,2.909894802093506,4.2837515960123165,9.794582142593923,1.0,0.34902840868632
403,1.632873020853315,0.10269508458035333,0.3773434634889875,0.07685437273979187,3.777546360570483e-06,2.8905251286824543,4.297357461648768,9.796047727852178,1.0,0.34955739879608155
404,1.649512927872794,0.1043901355266571,0.3777966851506914,0.07782023151431765,4.523891432114624e-06,2.866841479619344,4.280616501147383,9.770753515441463,1.0,0.349447913090388
405,1.6224603098460606,0.10356861866371972,0.379192586013249,0.07597827119060925,5.007376870679536e-06,2.8539820868174237,4.247242957818914,9.793116083645558,1.0,0.3491722435156504
406,1.65078936958313,0.10520297059842518,0.3781104306493487,0.0778306628550802,3.2076555135875293e-06,2.8649603265126546,4.288722101639771,9.781481351812598,1.0,0.3485353410243988
407,1.6658668580736433,0.103437085883958,0.37882360918181285,0.07890566256216594,4.2452709615271745e-06,2.8802977345784506,4.271961350670606,9.80679809445138,1.0,0.3484725649356842
408,1.631682179723467,0.10314753025770187,0.37821603393554687,0.07668639897448676,4.528842579276216e-06,2.90546374575297,4.250866611391149,9.731536443918161,1.0,0.34934372011820475
409,1.5962250640051705,0.10391411335127694,0.3788918115070888,0.07422651660442352,4.279502101078541e-06,2.878096472422282,4.293127873871287,9.789483173545966,1.0,0.34906876436869305
410,1.6683758216585431,0.10496097770759037,0.378645591872079,0.0789834349155426,3.5476457093344444e-06,2.882873899459839,4.261361256366177,9.813107486663917,1.0,0.3481314058303833
411,1.6456642169952393,0.10307911156756537,0.37808665568487987,0.07763174313306809,4.46240932809161e-06,2.8672372182210286,4.303620022979008,9.783210596380775,1.0,0.3479234422047933
412,1.634250570024763,0.10392123308352062,0.3778220772743225,0.0768321994968823,4.855242349478824e-06,2.923630970001221,4.28294560515982,9.746923002677208,1.0,0.3483908960024516
413,1.6500845963614328,0.10372782817908696,0.3784054263659886,0.07786231514385768,3.3194757081186512e-06,2.885533196767171,4.288936826197078,9.810413675966362,1.0,0.3497248755296071
414,1.606605026790074,0.10309963242496763,0.37843572885649546,0.07500368997028896,2.861085335423143e-06,2.868444019317627,4.238672090537657,9.714008432032873,1.0,0.34824645511309305
415,1.643245411327907,0.10416521104744503,0.3789004623549325,0.07734400196586337,3.940140345483607e-06,2.9343248863220213,4.28632096459493,9.810166758192272,1.0,0.3493061459064484
416,1.6222411539895194,0.10405199309757777,0.3782972294603075,0.07599177800757545,3.053486775375599e-06,2.9025815862019857,4.308202287058256,9.802530901277377,1.0,0.3489249452749888
417,1.648953842299325,0.10312586607251849,0.37866998291015624,0.07780920327561243,3.984346180467518e-06,2.9467130107879638,4.323462821309729,9.821438964868133,1.0,0.3496435661315918
418,1.6331459263392858,0.10499922803470067,0.37729042533465795,0.07672234646763121,4.214829529822899e-06,2.909791046778361,4.263262610487612,9.795527319784238,1.0,0.3474507687886556
419,1.6394711287362236,0.10221703644309725,0.37750017946107045,0.07731571857418333,3.625602360541182e-06,2.882025749842326,4.25147269545943,9.722855785259032,1.0,0.3485970697402954
420,1.6527263344355991,0.10489419498613903,0.3782731386934008,0.07796908846071789,4.534601124557217e-06,2.894685999552409,4.26312156073544,9.737522123620767,1.0,0.3484350033601125
421,1.6631024960109166,0.10386837717464992,0.3791215473924364,0.07867290444884982,3.798126272318379e-06,2.8822198225657147,4.286847396732806,9.762083648574544,1.0,0.3496706730524699
422,1.610841547693525,0.10355395250661033,0.3789868523393359,0.07521866236414228,4.1601885174843895e-06,2.87434556833903,4.262424461758918,9.774427717901169,1.0,0.3487670780022939
423,1.6461001595088414,0.10418384194374085,0.3778924706663404,0.07760021815981184,4.113526834605149e-06,2.9064108702341716,4.287874698977417,9.833695670381712,1.0,0.3484509983062744
424,1.6383397265842983,0.10266659539086478,0.37858135431153433,0.07713790747949055,4.632967965546543e-06,2.904299774169922,4.278394128925954,9.798503823873464,1.0,0.3485754127502441
425,1.6559352660860334,0.10428978016546794,0.3782428743158068,0.07822538106782095,4.3781962412542235e-06,2.911228442509969,4.285236608447066,9.79638606873525,1.0,0.34890224130948383
426,1.6224772515978132,0.10368079394102096,0.37902011152676174,0.07598382919175284,3.7808171399100436e-06,2.935152978261312,4.2969959986111235,9.797178748672694,1.0,0.34873324664433797
427,1.5982918983186993,0.10444593314613615,0.37848177106039865,0.07435657445873534,3.1169638081759592e-06,2.903342471440633,4.271087490046984,9.780663006550379,1.0,0.34779897244771324
428,1.628943917274475,0.1040199003475053,0.37724405567986624,0.07651038366556168,4.839493908621405e-06,2.909776532491048,4.311531818784597,9.776620554299383,1.0,0.3490108366807302
429,1.6190917626789638,0.10322980868816375,0.3784121666635786,0.07582847514322825,4.532940230652522e-06,2.8904021956125896,4.279214660233329,9.767143307062895,1.0,0.3499140550295512
430,1.5961118238994054,0.10472044656106404,0.3771603788988931,0.07428057872397559,4.462017099253249e-06,2.8890188535054526,4.308777065855545,9.8069823913647,1.0,0.3481813866297404
431,1.6187008318219867,0.10358457576377052,0.37854554074151175,0.07576989660944257,4.453561345317222e-06,2.873420435587565,4.240239043161319,9.734162902452221,1.0,0.3477442930539449
432,1.6116852171761649,0.10287202990055085,0.3782382846559797,0.07537003343445914,4.881856405355783e-06,2.8974259700775145,4.295830536297596,9.81121902422033,1.0,0.3488511695861816
433,1.6220369300842286,0.10299264313493456,0.37755754443577355,0.07609776499441692,4.0567262305479805e-06,2.8917590738932293,4.265552435853396,9.76107135090763,1.0,0.3487827612559001
434,1.6227187446866718,0.10335590784038816,0.3777813927446093,0.07610425169127329,3.536699404341854e-06,2.8995140120188396,4.306486548780105,9.7800967556534,1.0,0.34925245118141174
435,1.628328684943063,0.10325671984468188,0.37859690015656605,0.07643040791579656,3.7879197623819243e-06,2.8999247430165607,4.2753821179864335,9.788088397025193,1.0,0.3496042711734772
436,1.607603732926505,0.10224119301353182,0.3772279896054949,0.07520805114081927,2.7568387970607742e-06,2.895326047261556,4.2732002018455075,9.77364800024742,1.0,0.348878643989563
437,1.6140901759011406,0.10464886799028941,0.37770123205866135,0.07544793588774545,4.2080719590882964e-06,2.894426212310791,4.2467589486845005,9.751821833451318,1.0,0.34843184876441957
438,1.6013641753877912,0.10441428070408958,0.37680742512430465,0.07467473809208189,4.280453047388682e-06,2.879914119084676,4.226456429897261,9.70809199020376,1.0,0.3491486846605937
439,1.5859865858895439,0.1031782996399062,0.3773381880351475,0.07369652536085673,4.44373926000452e-06,2.913042844136556,4.278729282077024,9.773716597704741,1.0,0.3493269190788269
440,1.6416916919435773,0.103541983127594,0.37762030594689505,0.0773672510598387,4.129011424311102e-06,2.8980374698638918,4.261797284671964,9.75384003036038,1.0,0.34871585869789123
441,1.6049550146375384,0.10213557825769697,0.3782358528205327,0.07497065936667578,4.736292717253272e-06,2.9100606269836424,4.256990724493597,9.764771555687988,1.0,0.3492836164633433
442,1.5953217430114746,0.1035395056775638,0.3778493457862309,0.07426098228352411,3.6329452485688307e-06,2.911013127644857,4.249338996240229,9.747833637189064,1.0,0.3486761124928792
443,1.6085573987960815,0.10367115490777153,0.3773958815506526,0.0751646027139255,4.2641764927954084e-06,2.929197047551473,4.290727190819139,9.788878327542125,1.0,0.3502131583690643
444,1.5868452915464129,0.10326304255213056,0.3785145883560181,0.07366977779354368,4.1991844139234655e-06,2.914467649459839,4.2663392792927075,9.738510000437357,1.0,0.34909885907173155
445,1.6027561803545272,0.10348178503343038,0.37837110907690863,0.0747258314192295,3.1594655296182898e-06,2.8930126342773437,4.2516809296304015,9.74585966159917,1.0,0.34803259587287905
446,1.6317146614619664,0.10264504907812391,0.37732511714526584,0.07678148106166295,4.452142774255208e-06,2.9282478109995522,4.269992042547969,9.755527209704482,1.0,0.3493577520052592
447,1.6227080907821656,0.1045634901693889,0.3782892277921949,0.0759895234959466,2.5039094411210627e-06,2.9318770790100097,4.2739266665994595,9.770868899166242,1.0,0.3487181528409322
448,1.5839207758222307,0.10197786400147847,0.37781277905191696,0.07360733280011586,4.027300864647389e-06,2.9339265626271565,4.274238719898496,9.797051719634176,1.0,0.34879339146614075
449,1.5659396111624582,0.10329348094974246,0.37794779872894285,0.07231209440316473,3.3842414591487926e-06,2.916763891220093,4.257280806708855,9.735161662988622,1.0,0.3486209506193797
450,1.5789870048250472,0.10326619573150363,0.3777489797387804,0.07319694301911762,3.53357583199454e-06,2.9224044971466063,4.282337637646187,9.768170904561227,1.0,0.34931237626075745
451,1.62096708883558,0.10380421383040292,0.3780666765826089,0.07593875487361636,2.973465287612141e-06,2.9263915309906006,4.290713247408683,9.781549881699084,1.0,0.34917890254656475
452,1.5888738324301583,0.10320999415431704,0.37678524729183743,0.07392380057062421,4.314238393200347e-06,2.917467748641968,4.266383396947426,9.742935870074598,1.0,0.34842482686042786
453,1.6362455846241541,0.10351391846793039,0.37704193902015687,0.07704501272099358,2.9051501066987838e-06,2.925590446472168,4.288691472399965,9.750293328670692,1.0,0.3495755341053009
454,1.6108387252262661,0.1028994238632066,0.378672995362963,0.07528295367104666,4.401119036486989e-06,2.910318446477254,4.252450076137664,9.755358107933631,1.0,0.34838611928621926
455,1.5854193725585937,0.10308651914766856,0.37808479758671354,0.07361547637837274,3.1806725554400624e-06,2.9097196865081787,4.244143596540313,9.74148266440556,1.0,0.3485186231136322
456,1.6217904398781913,0.10334844136238099,0.37680335528509956,0.07610806788716998,3.5243209057078673e-06,2.9182427819569905,4.24843336164199,9.734058229857213,1.0,0.349316428899765
457,1.5984444941111973,0.1020218795623098,0.3777864179611206,0.07457393639428275,5.429462743872396e-06,2.917143207550049,4.253765681107651,9.752264713673442,1.0,0.3495791650613149
458,1.6123457074846541,0.10167524086577552,0.37743345972469877,0.07554778549500873,4.046439772610354e-06,2.9135771083831785,4.248405742479187,9.747198560350958,1.0,0.349227109670639
459,1.564252876826695,0.1034710698553494,0.37725276848248074,0.07223407163790294,3.593505387852604e-06,2.923474635442098,4.254290624207207,9.751899173169864,1.0,0.34923162118593853
460,1.5962973482949394,0.10478019202607018,0.37701165659087044,0.07429893428087235,4.297254178789599e-06,2.9122697690327963,4.257786748101863,9.765476222101821,1.0,0.3488906518618266
461,1.6314977632250105,0.10431015461683274,0.3768631408214569,0.07668721761022296,3.2417609602194576e-06,2.921190491358439,4.283612936874903,9.78001618467321,1.0,0.34906827195485435
462,1.5835556207384383,0.104446532700743,0.37800966705594746,0.07340554090482848,3.2605573777075847e-06,2.9246184476216635,4.255262468829574,9.751716106052463,1.0,0.3484162952899933
463,1.6224999498639787,0.10233819950478418,0.3774759174415043,0.0761778079186167,3.739092471854682e-06,2.9275254332224527,4.26008581964631,9.757758504425691,1.0,0.3488391377131144
464,1.6176967844281878,0.10383501576525825,0.37822585327284675,0.07570789021253586,3.5093076428743027e-06,2.931680761973063,4.27931833638522,9.767408206401932,1.0,0.3485517249902089
465,1.5654741070611136,0.10305158039501736,0.37758557197025844,0.07232120873246874,3.762958417419376e-06,2.91807857131958,4.2587077436651875,9.762883412939239,1.0,0.34870177833239235
466,1.5891569634846279,0.10438467867033822,0.37768445920944216,0.07380505564383098,2.3977987031003067e-06,2.9169568208058676,4.265051330197946,9.758173749896404,1.0,0.3485325583616892
467,1.5871993186133249,0.10466976187910353,0.37742404580116273,0.07367232716083527,4.119316088688509e-06,2.910704361597697,4.253183107094553,9.744165668148593,1.0,0.3485477180480957
468,1.6038128502709526,0.10393873826095036,0.3784618364061628,0.0747596423115049,3.528327240636437e-06,2.9023116874694823,4.266671126065572,9.751237981291338,1.0,0.3490485215981801
469,1.595529614312308,0.10285191049746105,0.37740245042528425,0.07435044298853193,3.7233022860593427e-06,2.916265053431193,4.250822653599002,9.751376255748298,1.0,0.3489939475059509
470,1.620511541911534,0.10161197535480772,0.3771804688658033,0.07611342038427081,3.5577663671091386e-06,2.922088380177816,4.267678555281191,9.76212117711291,1.0,0.3493543277581533
471,1.5660052368981499,0.10455614688566753,0.3765891331263951,0.0723227641241891,3.6989941818644315e-06,2.914001724878947,4.284527461167985,9.785913956970958,1.0,0.34903640834490457
472,1.6038077481133597,0.1032856976730483,0.37769908247675216,0.07485330714498248,4.672500081515604e-06,2.9118593889872235,4.259096464201165,9.755813594459829,1.0,0.3486851065953573
473,1.5722151956558228,0.10314022689206259,0.377679071187973,0.07275872965369906,2.9925686819425945e-06,2.927007818222046,4.263454899755417,9.76241435799314,1.0,0.34865895414352416
474,1.5929713358197894,0.10389716913870403,0.3787460723604475,0.07402067103130477,3.6032432189878297e-06,2.926091246287028,4.265514386262121,9.757273897454997,1.0,0.34845204893747966
475,1.6164896501813617,0.10379955221073968,0.3770591096196856,0.07570758763381413,3.432858281654611e-06,2.9198826897939045,4.2711571102531645,9.757737879873828,1.0,0.3488601438204447
476,1.5855234270095826,0.10298934893948691,0.3786115123885018,0.0735931721670287,4.995153728626864e-06,2.921946659088135,4.2507149954135235,9.738180181911588,1.0,0.34868025294939675
477,1.6146918397630965,0.10368438415016447,0.37750119744028365,0.07556613727126803,2.841588389084596e-06,2.925912462234497,4.254288770982687,9.75718310882547,1.0,0.3488038450876872
478,1.6208200502395629,0.10445125928946904,0.3787002503190722,0.07584286986930029,5.09976637147247e-06,2.932600369135539,4.251693327926902,9.75111666584864,1.0,0.34892908032735187
479,1.579858548981803,0.10400304193156105,0.378412586757115,0.07316145259567669,4.226774933990945e-06,2.9292465972900392,4.260594340820385,9.75649845915804,1.0,0.34852107604344684
480,1.5961240820203508,0.1013059538262231,0.37718837605203903,0.0745072702552591,4.1414582748018345e-06,2.9291862595876057,4.26194671196739,9.755453496468231,1.0,0.3492603832880656
481,1.58747571345738,0.1028001550265721,0.37753596663475036,0.07380787186111723,4.301655989731249e-06,2.9222085107167564,4.260275810568401,9.750555760148492,1.0,0.34903314725557966
482,1.6229840116500855,0.10389185038634709,0.37842631305967056,0.07604317881379809,3.633578125820642e-06,2.9310884062449136,4.266637405150777,9.754081308106962,1.0,0.349237496137619
483,1.5816072788238524,0.10325040741477694,0.3779885686125074,0.07335637193492481,4.542521494646528e-06,2.9333950799306234,4.251193690452227,9.746263480065391,1.0,0.3492067665259043
484,1.55905750138419,0.1031557850922857,0.377408900976181,0.07189817017742565,4.050016585090077e-06,2.935841952641805,4.252099098323089,9.743838829477236,1.0,0.349116868575414
485,1.5748570387704033,0.10300865581205913,0.3777112275872912,0.07294139989784786,3.232596951754374e-06,2.9212444744110106,4.239709504819682,9.730603218984413,1.0,0.34878078746795654
486,1.5408995497567313,0.10196246097769056,0.3765669212341309,0.07082341999667031,3.774718618090438e-06,2.9234882685343426,4.240567316115136,9.733363297584859,1.0,0.3487898195584615
487,1.5810931460516793,0.10379860924822944,0.378162335225514,0.07327413438899176,4.0351413392128524e-06,2.9315270468393964,4.252211302743311,9.74284677791212,1.0,0.3490697435537974
488,1.5741264306477138,0.1029993509054184,0.3778417652334486,0.0728842122725078,4.429486620210809e-06,2.924317544301351,4.247288136372668,9.743599800962297,1.0,0.3489004080295563
489,1.6076647689001902,0.10349260258674621,0.37852638755525864,0.07504222603780883,2.4765018461161096e-06,2.9182336762746175,4.251028272677752,9.753065563851468,1.0,0.34896115310986836
490,1.5880040915352958,0.10422271404947553,0.3794182368006025,0.07362269924368177,4.529324335002067e-06,2.9275414695739745,4.249885944594624,9.752185474298939,1.0,0.3487421778043111
491,1.6093726561410087,0.10410267576149532,0.3780387705053602,0.07514754641056061,3.6015584088962628e-06,2.9306018180847166,4.2590421581484295,9.749060443054763,1.0,0.34863325277964274
492,1.5661904749189104,0.10339861701216016,0.37794705370494297,0.07232174403326852,3.7311954046604763e-06,2.926587194442749,4.252534442460427,9.749433399912219,1.0,0.3486097715695699
493,1.580127471923828,0.10135180528674807,0.3785962432112013,0.07334430151326315,2.980853739250674e-06,2.9276832338968912,4.25010143480071,9.740577417526751,1.0,0.3489447548389435
494,1.5943767296927316,0.10303999817371369,0.37790911092076984,0.07422748207194464,3.076572192944533e-06,2.9226174030303955,4.254008798377673,9.748041923663946,1.0,0.34893395805358884
495,1.5873307350703647,0.10405676362344198,0.37814671203068323,0.07367406866380147,3.246005802144022e-06,2.9244887002309166,4.241634564499773,9.732995968464403,1.0,0.3489145704905192
496,1.5680045416695731,0.10317088401317596,0.37925737513814656,0.07237058883479663,3.490656913218767e-06,2.9254102465311687,4.242927862498186,9.739292908392349,1.0,0.34898221437136334
497,1.6014047572272165,0.10319949548585074,0.3775431467124394,0.07470993569919042,2.615729912479635e-06,2.92655979792277,4.252165842705497,9.751281443188258,1.0,0.3488471003373464
498,1.6346466571262905,0.10280259374209813,0.3776174129758562,0.0769468337382589,4.829199703960642e-06,2.9210457445780436,4.253832896139208,9.746228886173165,1.0,0.3491478796005249
499,1.626624361174447,0.10334818131583078,0.3780082132816315,0.07634981246505465,4.157475400721263e-06,2.919886567433675,4.252484518109386,9.750904102478248,1.0,0.34924380350112916
500,1.5907831187929427,0.10379607960156031,0.37762956976890566,0.07395612273897444,3.1239838642684552e-06,2.9301832828521728,4.258530057222938,9.752143554930917,1.0,0.3489878726800283
