source_param,sweep_val,re_encoded_Rbv,re_encoded_Cbv,re_encoded_Rdv,re_encoded_Ldv,re_encoded_Cdv,re_encoded_Rav
Rbv,-2.0,-1.949154,0.21300389,0.25817943,-0.31676984,-0.07127991,0.23789807
Rbv,-1.949367,-1.8933109,0.21465869,0.261602,-0.30432358,-0.0742016,0.2388442
Rbv,-1.8987342,-1.8377807,0.21664579,0.26604265,-0.29097447,-0.07626651,0.2389497
Rbv,-1.8481013,-1.7825235,0.21893285,0.27151904,-0.2766532,-0.0774952,0.23843457
Rbv,-1.7974683,-1.7274812,0.22149052,0.27798095,-0.26138812,-0.077938244,0.23742504
Rbv,-1.7468355,-1.6725851,0.22429916,0.2853361,-0.24522436,-0.077663966,0.23608783
Rbv,-1.6962025,-1.6177619,0.22733733,0.29343334,-0.22828543,-0.076761626,0.23452398
Rbv,-1.6455696,-1.5629418,0.23058067,0.3020861,-0.21072684,-0.07533148,0.23286028
Rbv,-1.5949367,-1.508057,0.23399249,0.31106853,-0.19276376,-0.07347959,0.23116784
Rbv,-1.5443038,-1.4530473,0.23751855,0.3201385,-0.17465842,-0.071311854,0.22952789
Rbv,-1.493671,-1.3978659,0.24108416,0.3290451,-0.15671669,-0.06893098,0.22799334
Rbv,-1.443038,-1.3424773,0.24459572,0.33755544,-0.13923872,-0.066429704,0.2266238
Rbv,-1.392405,-1.2868649,0.24794455,0.3454406,-0.1225562,-0.06389555,0.22542945
Rbv,-1.3417722,-1.2310343,0.25101572,0.35251567,-0.10693477,-0.06140377,0.22443885
Rbv,-1.2911392,-1.1750164,0.25369948,0.3586236,-0.09259633,-0.059021655,0.22363725
Rbv,-1.2405063,-1.1188717,0.25590006,0.36365578,-0.0796747,-0.056806587,0.22300933
Rbv,-1.1898735,-1.0626934,0.25754887,0.36755127,-0.06821175,-0.054806724,0.22254263
Rbv,-1.1392405,-1.0066036,0.2586079,0.37029,-0.05816513,-0.053059686,0.22220002
Rbv,-1.0886075,-0.95074975,0.25907537,0.3718984,-0.04941953,-0.051592667,0.22194755
Rbv,-1.0379747,-0.8952958,0.25898322,0.37243253,-0.041821662,-0.050424322,0.22173582
Rbv,-0.98734176,-0.8404082,0.25839242,0.37198514,-0.03518115,-0.049558632,0.22152624
Rbv,-0.93670887,-0.7862453,0.25738543,0.37066588,-0.029303879,-0.048990946,0.22127868
Rbv,-0.886076,-0.7329395,0.25605693,0.36859807,-0.024008732,-0.048706133,0.22096242
Rbv,-0.835443,-0.6805901,0.25450274,0.36590418,-0.019144364,-0.048680983,0.22052774
Rbv,-0.7848101,-0.6292556,0.2528143,0.3627078,-0.014572061,-0.048885114,0.21995425
Rbv,-0.73417723,-0.57895225,0.25107065,0.35911995,-0.010197641,-0.04928339,0.21922441
Rbv,-0.6835443,-0.52965415,0.24933511,0.3552374,-0.0059522456,-0.04983887,0.21832643
Rbv,-0.6329114,-0.48130172,0.24765511,0.3511436,-0.0017997499,-0.05051478,0.21724916
Rbv,-0.5822785,-0.43380886,0.2460613,0.34691715,0.0022822989,-0.051273186,0.21602152
Rbv,-0.5316456,-0.38706994,0.2445706,0.34261596,0.006285344,-0.05208229,0.21463835
Rbv,-0.48101267,-0.34097257,0.24318825,0.33829024,0.010184732,-0.05291224,0.21310906
Rbv,-0.43037975,-0.2954068,0.24191135,0.33399045,0.013948398,-0.0537369,0.21147412
Rbv,-0.37974682,-0.25027326,0.24073087,0.3297557,0.01753578,-0.054535307,0.20973913
Rbv,-0.32911393,-0.20549203,0.23963523,0.32562274,0.020907858,-0.055289336,0.20793469
Rbv,-0.278481,-0.1610107,0.23861077,0.32162356,0.024014976,-0.05598799,0.20608355
Rbv,-0.2278481,-0.11680495,0.23764431,0.31777918,0.026815675,-0.0566236,0.20418967
Rbv,-0.17721519,-0.07288753,0.23672336,0.31411773,0.029288556,-0.05718907,0.20228337
Rbv,-0.12658228,-0.029298414,0.23583782,0.31064868,0.031397007,-0.057684213,0.20037048
Rbv,-0.07594936,0.013890308,0.23497906,0.3073825,0.033129856,-0.058109436,0.19845772
Rbv,-0.025316456,0.05658328,0.23414089,0.30432278,0.034482133,-0.05846725,0.19654821
Rbv,0.025316456,0.0986689,0.23331863,0.30146956,0.035458956,-0.058761656,0.19465263
Rbv,0.07594936,0.14002703,0.23250964,0.2988207,0.03607524,-0.058996186,0.19277796
Rbv,0.12658228,0.18053392,0.23171332,0.296364,0.036345232,-0.05917733,0.19091605
Rbv,0.17721519,0.22007269,0.23092888,0.29409432,0.036304586,-0.059308976,0.18907137
Rbv,0.2278481,0.25853586,0.23015718,0.2920026,0.035978902,-0.059396323,0.18725151
Rbv,0.278481,0.29583287,0.2293991,0.29007593,0.035398733,-0.059444014,0.18544464
Rbv,0.32911393,0.33188704,0.22865656,0.28830597,0.034601286,-0.05945513,0.18366815
Rbv,0.37974682,0.36664376,0.22793037,0.28668287,0.033617746,-0.05943404,0.18191196
Rbv,0.43037975,0.40005985,0.22722186,0.28520566,0.032497108,-0.059382237,0.18019612
Rbv,0.48101267,0.4321238,0.2265327,0.28385434,0.031243002,-0.059304185,0.17849688
Rbv,0.5316456,0.46282336,0.2258631,0.28263515,0.029909566,-0.059200518,0.17683667
Rbv,0.5822785,0.49216998,0.22521444,0.2815384,0.028512523,-0.059072785,0.17521691
Rbv,0.6329114,0.5201861,0.22458665,0.280559,0.027078409,-0.058921985,0.17363507
Rbv,0.6835443,0.5469,0.22398062,0.2796982,0.025635352,-0.058748648,0.17210387
Rbv,0.73417723,0.57235307,0.22339574,0.2789488,0.024193805,-0.058555163,0.17061703
Rbv,0.7848101,0.5965859,0.22283258,0.27831104,0.022777399,-0.058340058,0.16918597
Rbv,0.835443,0.6196489,0.22229028,0.27778503,0.021402866,-0.058104135,0.16781609
Rbv,0.886076,0.64159524,0.22176912,0.27735916,0.020065082,-0.05784882,0.16649245
Rbv,0.93670887,0.6624727,0.22126842,0.27704498,0.018799571,-0.057572745,0.16524427
Rbv,0.98734176,0.68233645,0.22078736,0.27683413,0.017605934,-0.05727549,0.16405705
Rbv,1.0379747,0.7012408,0.22032587,0.27672014,0.016477464,-0.056959562,0.16292228
Rbv,1.0886075,0.7192329,0.21988304,0.27671477,0.015445771,-0.05662156,0.16188034
Rbv,1.1392405,0.73636895,0.21945843,0.27680233,0.014492311,-0.05626404,0.16088882
Rbv,1.1898735,0.7526933,0.21905138,0.27698943,0.013631637,-0.055886213,0.1599688
Rbv,1.2405063,0.7682536,0.21866114,0.27727103,0.012863432,-0.055487078,0.15912044
Rbv,1.2911392,0.7830939,0.21828689,0.2776487,0.012197331,-0.055066213,0.1583548
Rbv,1.3417722,0.7972582,0.21792817,0.27811596,0.011623098,-0.054624915,0.15765591
Rbv,1.392405,0.81078595,0.21758413,0.27867597,0.011149732,-0.054161817,0.15703163
Rbv,1.443038,0.8237146,0.21725442,0.27931908,0.010767379,-0.05367845,0.15646985
Rbv,1.493671,0.83608085,0.21693797,0.2800474,0.010479525,-0.053173322,0.15598263
Rbv,1.5443038,0.8479179,0.21663406,0.28085858,0.010287014,-0.052646715,0.15556891
Rbv,1.5949367,0.85925573,0.21634191,0.28175253,0.010192549,-0.052097954,0.1552241
Rbv,1.6455696,0.87012583,0.21606138,0.28272292,0.0101862205,-0.051527902,0.15495121
Rbv,1.6962025,0.88055474,0.21579091,0.2837715,0.010274776,-0.05093572,0.15475018
Rbv,1.7468355,0.89057153,0.2155307,0.28488684,0.010441812,-0.05032265,0.15460229
Rbv,1.7974683,0.9001954,0.21527916,0.28607982,0.010705249,-0.049686603,0.15453982
Rbv,1.8481013,0.90945274,0.2150361,0.28733668,0.011044375,-0.049029507,0.15453203
Rbv,1.8987342,0.9183638,0.21480049,0.28866172,0.011469704,-0.04835003,0.15458895
Rbv,1.949367,0.92694855,0.21457137,0.29004833,0.0119730905,-0.04764863,0.15471129
Rbv,2.0,0.93522644,0.21434906,0.29149503,0.012552742,-0.046925828,0.15489662
Cbv,-2.0,0.34222525,-1.9726386,0.28208733,-0.09594686,0.020215176,0.15952623
Cbv,-1.949367,0.35269564,-1.9267681,0.2898028,-0.076604925,0.018988006,0.15414122
Cbv,-1.8987342,0.36261,-1.8795247,0.2986756,-0.061442442,0.016759872,0.14928958
Cbv,-1.8481013,0.37121743,-1.830437,0.30825588,-0.050489694,0.013245478,0.14535414
Cbv,-1.7974683,0.37767836,-1.7792484,0.31790805,-0.04277455,0.008440964,0.14253944
Cbv,-1.7468355,0.38128746,-1.7261485,0.32696328,-0.036317803,0.0027465895,0.14093795
Cbv,-1.6962025,0.381711,-1.6718066,0.3348589,-0.028710991,-0.0031027421,0.1405088
Cbv,-1.6455696,0.3791626,-1.6171159,0.34128812,-0.01796914,-0.008317441,0.14115736
Cbv,-1.5949367,0.37442118,-1.5628184,0.34624544,-0.0032495013,-0.012361839,0.14285958
Cbv,-1.5443038,0.36864552,-1.5092868,0.35000432,0.015011059,-0.015096016,0.145675
Cbv,-1.493671,0.36304656,-1.4565045,0.35296097,0.03545917,-0.016710714,0.14961226
Cbv,-1.443038,0.35856274,-1.4041697,0.35548854,0.056515563,-0.017542332,0.15451774
Cbv,-1.392405,0.35566482,-1.3518382,0.35779786,0.0767805,-0.017915197,0.16008331
Cbv,-1.3417722,0.35434735,-1.2990817,0.35992306,0.0952502,-0.018050216,0.16593096
Cbv,-1.2911392,0.35425395,-1.2456179,0.36178127,0.11125948,-0.018065676,0.17173828
Cbv,-1.2405063,0.3548611,-1.1913834,0.363251,0.12438818,-0.018011063,0.17724496
Cbv,-1.1898735,0.3556511,-1.1365308,0.36428726,0.13448882,-0.017892696,0.18233302
Cbv,-1.1392405,0.35621578,-1.0813651,0.36491644,0.14155425,-0.017706878,0.18693525
Cbv,-1.0886075,0.35629407,-1.0262568,0.36524484,0.14574134,-0.01744277,0.19106027
Cbv,-1.0379747,0.35575765,-0.97155946,0.3654015,0.14727971,-0.017094865,0.1947434
Cbv,-0.98734176,0.35457826,-0.9175536,0.3654911,0.14641845,-0.016668253,0.1980134
Cbv,-0.93670887,0.35278445,-0.86442196,0.36557752,0.14345577,-0.0161793,0.200905
Cbv,-0.886076,0.35043943,-0.8122524,0.36566854,0.13868828,-0.015661523,0.20344998
Cbv,-0.835443,0.34761843,-0.7610555,0.36570868,0.13238557,-0.015168451,0.20564744
Cbv,-0.7848101,0.34440282,-0.71079123,0.36560234,0.12481812,-0.01477088,0.2074967
Cbv,-0.73417723,0.34087762,-0.6613869,0.36523297,0.11623678,-0.014557689,0.20898291
Cbv,-0.6835443,0.33713162,-0.61275864,0.36448675,0.106902875,-0.014626503,0.21013178
Cbv,-0.6329114,0.3332569,-0.5648192,0.3632563,0.097036965,-0.015084341,0.210933
Cbv,-0.5822785,0.32934645,-0.51748186,0.3614604,0.08684795,-0.016035087,0.21139492
Cbv,-0.5316456,0.32548225,-0.47066084,0.3590621,0.076546304,-0.01757215,0.21154231
Cbv,-0.48101267,0.32173324,-0.4242704,0.35604438,0.06629886,-0.019767888,0.211379
Cbv,-0.43037975,0.31813988,-0.3782217,0.35243043,0.056282926,-0.02266135,0.21091993
Cbv,-0.37974682,0.3147156,-0.33242586,0.34825632,0.046665728,-0.026247427,0.21013813
Cbv,-0.32911393,0.31145516,-0.2867956,0.34358022,0.03763228,-0.030461274,0.20903683
Cbv,-0.278481,0.3083459,-0.24124941,0.3384573,0.029376816,-0.035178974,0.20756468
Cbv,-0.2278481,0.30539125,-0.19571653,0.3329697,0.022151614,-0.040206775,0.20571737
Cbv,-0.17721519,0.3026425,-0.150138,0.32720348,0.016201286,-0.045298032,0.20350236
Cbv,-0.12658228,0.30022156,-0.104471184,0.32126465,0.01177838,-0.050170287,0.20093952
Cbv,-0.07594936,0.2983273,-0.05869007,0.31530014,0.009128321,-0.054529063,0.19813944
Cbv,-0.025316456,0.29722148,-0.012785173,0.309479,0.008424194,-0.058105927,0.19522087
Cbv,0.025316456,0.29717466,0.033240195,0.3040093,0.009784397,-0.060684636,0.19236915
Cbv,0.07594936,0.29840901,0.079375565,0.29909825,0.013173551,-0.06213699,0.18976898
Cbv,0.12658228,0.30101746,0.12561761,0.294955,0.018444333,-0.062431473,0.18757915
Cbv,0.17721519,0.30491826,0.17198582,0.29176083,0.02528246,-0.061642207,0.18593381
Cbv,0.2278481,0.30985594,0.2185352,0.28964102,0.033211105,-0.059939876,0.18486457
Cbv,0.278481,0.31544322,0.26536322,0.28865436,0.041621644,-0.057564862,0.1843506
Cbv,0.32911393,0.32123417,0.31260115,0.2888078,0.049868915,-0.054794192,0.18432616
Cbv,0.37974682,0.32682645,0.3603974,0.29003155,0.057294317,-0.05191022,0.18468218
Cbv,0.43037975,0.33192596,0.4088895,0.29221836,0.06335662,-0.049164664,0.18533847
Cbv,0.48101267,0.33640417,0.45817938,0.29521814,0.06767162,-0.046757806,0.18623231
Cbv,0.5316456,0.34031367,0.5083103,0.29885167,0.070083775,-0.04482504,0.18732487
Cbv,0.5822785,0.34386653,0.55924875,0.3029343,0.07070759,-0.043424558,0.18863739
Cbv,0.6329114,0.34740123,0.6108736,0.30728114,0.069939286,-0.04254073,0.19022238
Cbv,0.6835443,0.35132593,0.662966,0.31171107,0.06842649,-0.042085655,0.1921902
Cbv,0.73417723,0.35605034,0.71520877,0.31604272,0.0670051,-0.041903965,0.19464713
Cbv,0.7848101,0.36188143,0.7671947,0.32011068,0.06661541,-0.041776597,0.197746
Cbv,0.835443,0.36893043,0.818462,0.32372236,0.068084925,-0.041439243,0.2015454
Cbv,0.886076,0.3769742,0.8685581,0.32667917,0.07197423,-0.04060305,0.20605424
Cbv,0.93670887,0.38538536,0.91713786,0.32873583,0.07828932,-0.039011933,0.21110694
Cbv,0.98734176,0.39312875,0.96406686,0.32964367,0.08632976,-0.036528468,0.21636568
Cbv,1.0379747,0.39891773,1.0094807,0.32921028,0.09464214,-0.033240102,0.22132896
Cbv,1.0886075,0.40151381,1.0537485,0.32742283,0.10129439,-0.029501706,0.22547708
Cbv,1.1392405,0.40010595,1.0973371,0.32442105,0.10428454,-0.025859654,0.22823587
Cbv,1.1898735,0.39459613,1.1406399,0.3204361,0.10216535,-0.022821411,0.22911988
Cbv,1.2405063,0.38564366,1.183862,0.31562632,0.09437592,-0.020631716,0.22775823
Cbv,1.2911392,0.3743985,1.2270038,0.30996862,0.08115849,-0.01919847,0.22388543
Cbv,1.3417722,0.3620755,1.2699138,0.3032842,0.06324163,-0.018193983,0.21740776
Cbv,1.392405,0.3496064,1.3123696,0.29534692,0.04148728,-0.017230079,0.20838968
Cbv,1.443038,0.3374958,1.3541474,0.2859705,0.016626298,-0.01600308,0.19704194
Cbv,1.493671,0.3258678,1.3950576,0.27506936,-0.010784543,-0.014353156,0.18363975
Cbv,1.5443038,0.31458986,1.4349552,0.26267684,-0.04034816,-0.01225923,0.16851851
Cbv,1.5949367,0.303407,1.4737374,0.24891387,-0.07177869,-0.009801559,0.15198535
Cbv,1.6455696,0.29204422,1.5113333,0.23396589,-0.10484769,-0.007122606,0.13434379
Cbv,1.6962025,0.28026295,1.547694,0.21805923,-0.13934213,-0.0043875948,0.11587551
Cbv,1.7468355,0.2678861,1.5827881,0.20140933,-0.17509416,-0.0017705113,0.09682311
Cbv,1.7974683,0.25480196,1.6165974,0.18421552,-0.21195027,0.0005623698,0.077401206
Cbv,1.8481013,0.24095418,1.6491135,0.16666232,-0.24973744,0.002462007,0.057817742
Cbv,1.8987342,0.2263315,1.6803421,0.1488971,-0.28829476,0.0037990957,0.038253218
Cbv,1.949367,0.21095581,1.7102972,0.13103777,-0.3274438,0.004468523,0.018868187
Cbv,2.0,0.19487156,1.7390057,0.11317812,-0.36698785,0.004394792,-0.00020923093
Rdv,-2.0,0.30315235,0.2392149,-1.9525574,0.2607468,0.023001082,0.49322432
Rdv,-1.949367,0.3103176,0.23831849,-1.9070563,0.29065466,0.017818324,0.4498454
Rdv,-1.8987342,0.31878754,0.23852341,-1.8603573,0.31738603,0.013639696,0.41935235
Rdv,-1.8481013,0.32801214,0.23991653,-1.8128047,0.33621582,0.009621471,0.39643234
Rdv,-1.7974683,0.33755174,0.2423645,-1.7641884,0.345433,0.0053706095,0.37759447
Rdv,-1.7468355,0.34699437,0.24559397,-1.7139693,0.3460179,0.0008137673,0.3610847
Rdv,-1.6962025,0.35593653,0.24926403,-1.6615725,0.34059224,-0.003948264,0.34626496
Rdv,-1.6455696,0.3640159,0.25300616,-1.6066109,0.3318003,-0.008750632,0.33282375
Rdv,-1.5949367,0.37094453,0.2564543,-1.5489731,0.32052788,-0.013438687,0.31982988
Rdv,-1.5443038,0.37654513,0.25927204,-1.4888022,0.30498308,-0.017895363,0.305336
Rdv,-1.493671,0.38075772,0.26120186,-1.4264442,0.2813504,-0.022042312,0.28672197
Rdv,-1.443038,0.38362214,0.26209718,-1.3624121,0.24611318,-0.025813632,0.26208764
Rdv,-1.392405,0.38525614,0.26194426,-1.2973627,0.19814698,-0.029159985,0.23139873
Rdv,-1.3417722,0.38582647,0.26083508,-1.2320528,0.13965224,-0.032044724,0.19686776
Rdv,-1.2911392,0.3855299,0.2589328,-1.1672485,0.07525771,-0.034456313,0.1620688
Rdv,-1.2405063,0.38457665,0.25642756,-1.1036153,0.010612293,-0.036396816,0.13076296
Rdv,-1.1898735,0.38317353,0.25351635,-1.0416229,-0.049251836,-0.03788577,0.105606675
Rdv,-1.1392405,0.38150525,0.2503829,-0.98150665,-0.10049783,-0.038948283,0.08793281
Rdv,-1.0886075,0.37971735,0.24719523,-0.9232862,-0.1408232,-0.03962878,0.077796414
Rdv,-1.0379747,0.377906,0.24409884,-0.8668206,-0.16908185,-0.039987847,0.07449951
Rdv,-0.98734176,0.37611237,0.2412185,-0.81187636,-0.18513012,-0.040109865,0.076948926
Rdv,-0.93670887,0.37432593,0.23865603,-0.7581882,-0.18952934,-0.040098585,0.08390877
Rdv,-0.886076,0.37249693,0.23648797,-0.705502,-0.18328886,-0.040064424,0.09420794
Rdv,-0.835443,0.37054792,0.23476447,-0.65360916,-0.16779497,-0.040114656,0.10672933
Rdv,-0.7848101,0.3683931,0.23350802,-0.6023684,-0.14480951,-0.040342987,0.12040882
Rdv,-0.73417723,0.36595643,0.23271209,-0.5517108,-0.11630777,-0.040816166,0.13425125
Rdv,-0.6835443,0.36318833,0.23234075,-0.5016369,-0.084398225,-0.041566722,0.14737785
Rdv,-0.6329114,0.36007106,0.23233257,-0.452205,-0.051291615,-0.042595685,0.15902083
Rdv,-0.5822785,0.35662764,0.23260483,-0.4035023,-0.019056479,-0.04387019,0.16861795
Rdv,-0.5316456,0.35291937,0.23306164,-0.35562247,0.010445274,-0.04533613,0.17581548
Rdv,-0.48101267,0.34902453,0.23360334,-0.3086284,0.035818543,-0.04692345,0.18057902
Rdv,-0.43037975,0.34505042,0.23413546,-0.2625402,0.056060653,-0.048563413,0.1830629
Rdv,-0.37974682,0.34109342,0.23457819,-0.21731955,0.07078205,-0.050190315,0.18366256
Rdv,-0.32911393,0.33724532,0.23487122,-0.17287377,0.08008959,-0.05174909,0.182914
Rdv,-0.278481,0.3335785,0.23497634,-0.12907887,0.084493645,-0.053200625,0.18138269
Rdv,-0.2278481,0.33014798,0.23487903,-0.08580335,0.084762976,-0.054520592,0.17958684
Rdv,-0.17721519,0.32698083,0.23458414,-0.042919382,0.08188398,-0.05569101,0.17798045
Rdv,-0.12658228,0.32409462,0.23411398,-0.00034474954,0.076787755,-0.05670695,0.17684259
Rdv,-0.07594936,0.321489,0.23350316,0.041964497,0.070381515,-0.057564434,0.17632963
Rdv,-0.025316456,0.3191573,0.23279282,0.08399914,0.06340703,-0.058263488,0.17649062
Rdv,0.025316456,0.31708935,0.23202589,0.12570204,0.056449436,-0.058805905,0.17727028
Rdv,0.07594936,0.31526622,0.23124331,0.16698903,0.049956,-0.059190843,0.1785993
Rdv,0.12658228,0.31367964,0.2304806,0.20773499,0.044171177,-0.05942511,0.18032642
Rdv,0.17721519,0.31230763,0.22976658,0.24781702,0.03926744,-0.059511624,0.18235864
Rdv,0.2278481,0.31113884,0.22912093,0.28710103,0.035288613,-0.05945977,0.18457367
Rdv,0.278481,0.31015775,0.22855659,0.32546076,0.032221016,-0.059278794,0.18687256
Rdv,0.32911393,0.3093512,0.22807963,0.3627841,0.030000184,-0.058981366,0.18919364
Rdv,0.37974682,0.3087053,0.22769016,0.39898387,0.028552264,-0.058578685,0.19149067
Rdv,0.43037975,0.30821192,0.22738478,0.43397,0.02775847,-0.05808763,0.19370057
Rdv,0.48101267,0.3078558,0.2271569,0.46769407,0.027529469,-0.057520278,0.19582874
Rdv,0.5316456,0.3076328,0.22699858,0.50010866,0.027758868,-0.05689225,0.19783512
Rdv,0.5822785,0.3075295,0.2269008,0.53119534,0.028366055,-0.056214713,0.199735
Rdv,0.6329114,0.30754414,0.2268552,0.5609336,0.029256947,-0.055502437,0.20151414
Rdv,0.6835443,0.3076667,0.22685277,0.58933437,0.030377785,-0.054764275,0.20318218
Rdv,0.73417723,0.3078913,0.22688597,0.6164056,0.031665336,-0.054010373,0.20474462
Rdv,0.7848101,0.30821422,0.22694787,0.6421665,0.033067863,-0.053249165,0.20621008
Rdv,0.835443,0.3086309,0.22703175,0.6666434,0.034551397,-0.052487865,0.20758116
Rdv,0.886076,0.30913502,0.22713263,0.68987083,0.036082007,-0.051732194,0.20887676
Rdv,0.93670887,0.309726,0.2272457,0.7118787,0.037632864,-0.05098764,0.21009125
Rdv,0.98734176,0.31039777,0.22736737,0.73271006,0.03918698,-0.05025774,0.21124786
Rdv,1.0379747,0.31114745,0.22749461,0.7524019,0.040727716,-0.049545877,0.21235184
Rdv,1.0886075,0.3119738,0.22762504,0.7709918,0.04223963,-0.048854973,0.21340734
Rdv,1.1392405,0.31287223,0.2277558,0.7885212,0.043719307,-0.048187047,0.21441261
Rdv,1.1898735,0.31384128,0.22788617,0.80503416,0.04515572,-0.047543034,0.21539468
Rdv,1.2405063,0.31487873,0.22801445,0.82056105,0.046542905,-0.046924636,0.21634033
Rdv,1.2911392,0.3159823,0.2281399,0.835144,0.04788104,-0.046332486,0.21725254
Rdv,1.3417722,0.3171474,0.22826189,0.84882736,0.049170524,-0.045766182,0.21816468
Rdv,1.392405,0.31837457,0.22838005,0.8616395,0.050403953,-0.045226328,0.21905772
Rdv,1.443038,0.3196618,0.22849406,0.87361336,0.051583316,-0.04471282,0.21993397
Rdv,1.493671,0.32100466,0.22860342,0.8847885,0.052710395,-0.044224996,0.22081275
Rdv,1.5443038,0.32240534,0.22870858,0.89519083,0.05378416,-0.0437632,0.22167924
Rdv,1.5949367,0.32385787,0.22880946,0.9048566,0.05480728,-0.04332588,0.22255498
Rdv,1.6455696,0.32536262,0.22890617,0.913814,0.055781994,-0.042912595,0.2234341
Rdv,1.6962025,0.32691976,0.22899877,0.92207867,0.05670085,-0.042524718,0.22431338
Rdv,1.7468355,0.32852393,0.22908771,0.9296963,0.057579093,-0.042158164,0.22520731
Rdv,1.7974683,0.3301768,0.22917284,0.93667305,0.058407206,-0.041814916,0.22610095
Rdv,1.8481013,0.3318757,0.22925484,0.94304156,0.059189472,-0.041492984,0.2270145
Rdv,1.8987342,0.33362067,0.22933382,0.94882166,0.05992864,-0.04119207,0.22793177
Rdv,1.949367,0.33540666,0.22941004,0.95404065,0.06062933,-0.040910326,0.22887129
Rdv,2.0,0.3372363,0.22948396,0.9587096,0.061286002,-0.04064829,0.22982842
Ldv,-2.0,0.38351074,0.23153451,0.21898074,0.021809755,-0.03648325,0.23373295
Ldv,-1.949367,0.38083172,0.23155499,0.22269495,0.02158821,-0.03726186,0.23265971
Ldv,-1.8987342,0.37819055,0.23157004,0.2262683,0.02138073,-0.0380292,0.23158303
Ldv,-1.8481013,0.37558746,0.23157902,0.22971164,0.021203196,-0.038783133,0.23051655
Ldv,-1.7974683,0.37302297,0.2315821,0.23301841,0.021045746,-0.03952522,0.22944364
Ldv,-1.7468355,0.3704951,0.23157947,0.23619728,0.020920213,-0.040253803,0.22837792
Ldv,-1.6962025,0.36800948,0.2315713,0.23924185,0.020809056,-0.040971257,0.22730015
Ldv,-1.6455696,0.36556223,0.23155785,0.2421598,0.020724487,-0.041676864,0.22622333
Ldv,-1.5949367,0.36315605,0.23153839,0.24495395,0.020669414,-0.042369522,0.22514623
Ldv,-1.5443038,0.360789,0.23151371,0.24762623,0.02064092,-0.04305082,0.22406082
Ldv,-1.493671,0.35846683,0.23148356,0.25017533,0.020633982,-0.043721188,0.22296067
Ldv,-1.443038,0.35618356,0.23144811,0.25261328,0.020665681,-0.04437824,0.22186776
Ldv,-1.392405,0.3539442,0.23140784,0.25493494,0.020720093,-0.045024864,0.22076806
Ldv,-1.3417722,0.35174868,0.23136234,0.25714442,0.02080086,-0.045660175,0.2196504
Ldv,-1.2911392,0.3495968,0.2313121,0.25924626,0.020908903,-0.046284348,0.21852694
Ldv,-1.2405063,0.347491,0.23125736,0.26124227,0.021042434,-0.04689885,0.21738857
Ldv,-1.1898735,0.34542802,0.23119812,0.26314154,0.021217424,-0.047501225,0.21624266
Ldv,-1.1392405,0.34341314,0.23113471,0.26494277,0.021415317,-0.048093695,0.21508376
Ldv,-1.0886075,0.34144372,0.23106706,0.26665074,0.02164615,-0.048675604,0.21391414
Ldv,-1.0379747,0.33952168,0.23099568,0.26826927,0.02190652,-0.049247995,0.21272877
Ldv,-0.98734176,0.33764762,0.23092072,0.26980278,0.022199973,-0.049810454,0.21153224
Ldv,-0.93670887,0.33582237,0.23084258,0.27125663,0.022525093,-0.050363235,0.21031857
Ldv,-0.886076,0.33404702,0.23076114,0.2726317,0.022879627,-0.050906684,0.20909223
Ldv,-0.835443,0.33232042,0.23067713,0.27393705,0.023269262,-0.051440965,0.20785704
Ldv,-0.7848101,0.33064502,0.23059027,0.27517295,0.02368968,-0.05196665,0.20660685
Ldv,-0.73417723,0.32902026,0.23050149,0.27634466,0.024145143,-0.05248311,0.20533831
Ldv,-0.6835443,0.32744852,0.23041062,0.27745765,0.024632355,-0.052991856,0.20405826
Ldv,-0.6329114,0.32592747,0.23031801,0.27851757,0.02515786,-0.053491157,0.20276922
Ldv,-0.5822785,0.32446158,0.23022416,0.2795221,0.025708728,-0.053984277,0.2014593
Ldv,-0.5316456,0.32304853,0.23012912,0.28048316,0.026296256,-0.054469153,0.20013636
Ldv,-0.48101267,0.32168987,0.23003331,0.28140232,0.026918788,-0.054946166,0.19880763
Ldv,-0.43037975,0.32038727,0.22993705,0.28228182,0.02756941,-0.05541703,0.1974635
Ldv,-0.37974682,0.31913814,0.229841,0.28312984,0.028261319,-0.055880047,0.19610697
Ldv,-0.32911393,0.31794637,0.22974484,0.2839475,0.028981535,-0.056337018,0.1947421
Ldv,-0.278481,0.31681204,0.22964913,0.28474137,0.029735524,-0.056787234,0.19336984
Ldv,-0.2278481,0.31573316,0.2295544,0.2855127,0.030521065,-0.05723184,0.19198847
Ldv,-0.17721519,0.31471354,0.22946064,0.286264,0.031335633,-0.057671178,0.19058779
Ldv,-0.12658228,0.31375173,0.22936814,0.28700525,0.032182623,-0.05810442,0.18919326
Ldv,-0.07594936,0.3128479,0.22927766,0.28773615,0.033065297,-0.058531888,0.18779188
Ldv,-0.025316456,0.3120041,0.22918905,0.2884601,0.033971913,-0.058954716,0.18638898
Ldv,0.025316456,0.31122166,0.22910261,0.28917736,0.034904793,-0.059373397,0.18496615
Ldv,0.07594936,0.31049734,0.22901879,0.28989905,0.035871193,-0.059787136,0.18355568
Ldv,0.12658228,0.30983505,0.22893758,0.290621,0.036862954,-0.060196422,0.18213557
Ldv,0.17721519,0.30923197,0.22885948,0.29135293,0.037883162,-0.060601164,0.1807294
Ldv,0.2278481,0.3086914,0.22878459,0.2920917,0.038927186,-0.061002508,0.17931598
Ldv,0.278481,0.30821136,0.22871311,0.29284313,0.0400001,-0.061399397,0.1779099
Ldv,0.32911393,0.30779368,0.22864524,0.2936086,0.0410924,-0.061793163,0.17650577
Ldv,0.37974682,0.3074395,0.22858118,0.29438946,0.04220516,-0.06218407,0.17510587
Ldv,0.43037975,0.3071476,0.2285209,0.29518986,0.04334258,-0.06257124,0.17371148
Ldv,0.48101267,0.3069172,0.22846496,0.29601324,0.044502642,-0.06295472,0.1723379
Ldv,0.5316456,0.30674994,0.2284132,0.29685706,0.0456797,-0.0633356,0.17096509
Ldv,0.5822785,0.30664614,0.22836573,0.2977265,0.046877112,-0.063713044,0.16961144
Ldv,0.6329114,0.30660644,0.22832277,0.2986179,0.048083954,-0.064088345,0.16826068
Ldv,0.6835443,0.30662844,0.22828402,0.2995416,0.04931742,-0.064460024,0.16693637
Ldv,0.73417723,0.30671605,0.2282501,0.30048746,0.05055617,-0.06482972,0.16561809
Ldv,0.7848101,0.3068668,0.22822057,0.30146432,0.051811133,-0.065196745,0.16431794
Ldv,0.835443,0.30708042,0.22819562,0.30247012,0.053078577,-0.06556025,0.16303796
Ldv,0.886076,0.30735898,0.2281749,0.3035075,0.054360338,-0.06592135,0.16177653
Ldv,0.93670887,0.30769873,0.22815856,0.3045771,0.055656787,-0.06627855,0.16054185
Ldv,0.98734176,0.30810586,0.2281469,0.3056706,0.0569488,-0.06663443,0.15931451
Ldv,1.0379747,0.30857366,0.2281393,0.30680093,0.058262613,-0.06698604,0.15812242
Ldv,1.0886075,0.3091064,0.22813608,0.30795842,0.05957845,-0.06733533,0.15694457
Ldv,1.1392405,0.3097039,0.22813678,0.30914414,0.06089786,-0.06768151,0.15578683
Ldv,1.1898735,0.3103637,0.22814108,0.31036326,0.062229965,-0.068023354,0.1546599
Ldv,1.2405063,0.3110887,0.22814927,0.3116056,0.06355757,-0.06836259,0.15355228
Ldv,1.2911392,0.31187454,0.22816071,0.31288147,0.064900964,-0.068696946,0.15247434
Ldv,1.3417722,0.3127271,0.22817555,0.3141771,0.0662354,-0.06902881,0.15141115
Ldv,1.392405,0.31363946,0.22819296,0.31550816,0.06758982,-0.06935496,0.15038443
Ldv,1.443038,0.31461525,0.22821327,0.31685877,0.06893921,-0.06967703,0.14938053
Ldv,1.493671,0.31565395,0.22823577,0.3182347,0.07029357,-0.069994226,0.1483984
Ldv,1.5443038,0.31675386,0.22826046,0.3196322,0.071652696,-0.07030609,0.14745156
Ldv,1.5949367,0.3179189,0.22828665,0.32104793,0.07301043,-0.07061358,0.14651239
Ldv,1.6455696,0.3191452,0.22831461,0.32248214,0.07436988,-0.07091508,0.14560145
Ldv,1.6962025,0.3204324,0.22834314,0.32393372,0.07573493,-0.07121031,0.14471895
Ldv,1.7468355,0.3217811,0.22837268,0.3254015,0.07710293,-0.07149895,0.14386244
Ldv,1.7974683,0.32319182,0.22840203,0.32688037,0.07847178,-0.07178113,0.14301944
Ldv,1.8481013,0.32466272,0.22843173,0.32837176,0.07984342,-0.07205574,0.1422124
Ldv,1.8987342,0.32619527,0.22846049,0.3298702,0.081218034,-0.07232359,0.1414137
Ldv,1.949367,0.3277862,0.22848827,0.33137807,0.08260339,-0.072582714,0.14064309
Ldv,2.0,0.32943952,0.22851469,0.3328847,0.08398185,-0.07283401,0.13988586
Cdv,-2.0,0.2557073,0.23343118,0.27876553,-0.49966285,-1.4721123,0.165138
Cdv,-1.949367,0.25807276,0.22823563,0.2829402,-0.52556443,-1.4645582,0.046670705
Cdv,-1.8987342,0.262942,0.22270332,0.28399345,-0.5414397,-1.4604515,-0.08501896
Cdv,-1.8481013,0.26884726,0.216955,0.2834749,-0.54386514,-1.454722,-0.1962071
Cdv,-1.7974683,0.2747687,0.21163099,0.28409323,-0.529553,-1.442426,-0.24825577
Cdv,-1.7468355,0.28022736,0.20731269,0.2879937,-0.49717495,-1.4199958,-0.21507409
Cdv,-1.6962025,0.2850113,0.20416561,0.2952084,-0.44851622,-1.3868129,-0.1016414
Cdv,-1.6455696,0.28917354,0.20230499,0.30336142,-0.3886509,-1.3483276,0.048636988
Cdv,-1.5949367,0.29313514,0.20209955,0.30920258,-0.3244037,-1.3146595,0.17541833
Cdv,-1.5443038,0.29726598,0.20359148,0.31160018,-0.26225966,-1.2903322,0.24975239
Cdv,-1.493671,0.30152822,0.20619434,0.31218657,-0.20687374,-1.2704884,0.2871341
Cdv,-1.443038,0.30563235,0.20929879,0.31282666,-0.1608703,-1.2492015,0.31259757
Cdv,-1.392405,0.30931723,0.21261221,0.31419995,-0.12502372,-1.22446,0.33785152
Cdv,-1.3417722,0.3124616,0.21601099,0.31622797,-0.0988376,-1.1968241,0.36434305
Cdv,-1.2911392,0.3150976,0.21938786,0.31863824,-0.081023216,-1.1673812,0.38990766
Cdv,-1.2405063,0.31737173,0.22261673,0.32118964,-0.069907255,-1.1369126,0.41195446
Cdv,-1.1898735,0.3194585,0.22557677,0.3237335,-0.063773006,-1.1057886,0.42869467
Cdv,-1.1392405,0.32151914,0.22817788,0.3261606,-0.061074235,-1.0740774,0.43924633
Cdv,-1.0886075,0.32365316,0.2303741,0.32839534,-0.06050564,-1.0416772,0.44351622
Cdv,-1.0379747,0.32588166,0.23216057,0.33037373,-0.061045527,-1.008402,0.4420856
Cdv,-0.98734176,0.3281586,0.23356041,0.33205596,-0.06189923,-0.97404176,0.43595305
Cdv,-0.93670887,0.3303866,0.23461144,0.33337733,-0.062446557,-0.9384031,0.4259982
Cdv,-0.886076,0.33243546,0.23535106,0.3343149,-0.0622283,-0.9013206,0.41330388
Cdv,-0.835443,0.334166,0.2358107,0.33484095,-0.060890526,-0.862681,0.39864138
Cdv,-0.7848101,0.3354462,0.23601082,0.33494666,-0.05819018,-0.82242996,0.3826483
Cdv,-0.73417723,0.33617866,0.23596765,0.33462492,-0.0540178,-0.78057873,0.36580423
Cdv,-0.6835443,0.33629864,0.23569685,0.3338794,-0.04838223,-0.73719805,0.3484879
Cdv,-0.6329114,0.33579087,0.2352196,0.33270773,-0.041447297,-0.69240916,0.33104593
Cdv,-0.5822785,0.33467227,0.23456667,0.3311223,-0.03347827,-0.6463644,0.3138259
Cdv,-0.5316456,0.3330045,0.23378044,0.32912305,-0.024852159,-0.5992298,0.2971399
Cdv,-0.48101267,0.33087525,0.23290999,0.32672518,-0.015968604,-0.551167,0.28129327
Cdv,-0.43037975,0.32840472,0.23201208,0.323929,-0.0072482615,-0.50231946,0.26650268
Cdv,-0.37974682,0.3257156,0.23114122,0.32076457,0.0009837733,-0.4528,0.25296372
Cdv,-0.32911393,0.32294905,0.23034802,0.31725174,0.008457186,-0.4026941,0.24073693
Cdv,-0.278481,0.3202381,0.22967419,0.31343612,0.015026054,-0.35205612,0.2298229
Cdv,-0.2278481,0.3177159,0.22915171,0.3093586,0.020613652,-0.3009214,0.22009212
Cdv,-0.17721519,0.31549105,0.22880168,0.30508304,0.025235178,-0.24931079,0.2113706
Cdv,-0.12658228,0.31365284,0.2286359,0.30069187,0.028960107,-0.19724193,0.20344627
Cdv,-0.07594936,0.31226856,0.22865881,0.2962657,0.031868145,-0.14473918,0.19605906
Cdv,-0.025316456,0.31137544,0.22886899,0.29189956,0.0340591,-0.09183878,0.18895943
Cdv,0.025316456,0.31098595,0.22926049,0.28769538,0.035631064,-0.03859126,0.18195343
Cdv,0.07594936,0.31109,0.22982475,0.283745,0.036662344,0.014931515,0.17486125
Cdv,0.12658228,0.31165653,0.23054788,0.28014055,0.037219357,0.068642415,0.16758807
Cdv,0.17721519,0.31264663,0.23141377,0.27694395,0.037324913,0.12243431,0.16005796
Cdv,0.2278481,0.31400442,0.23240276,0.27421612,0.037007354,0.17619249,0.15228875
Cdv,0.278481,0.3156742,0.23348932,0.27198735,0.036262065,0.22979173,0.14432886
Cdv,0.32911393,0.31759608,0.2346463,0.2702752,0.03508199,0.28310546,0.13627589
Cdv,0.37974682,0.31971592,0.2358435,0.26906827,0.033432405,0.33600268,0.12822618
Cdv,0.43037975,0.3219802,0.23705085,0.2683528,0.03131333,0.38836274,0.12030715
Cdv,0.48101267,0.3243467,0.23823918,0.26809105,0.02869926,0.4400648,0.11263524
Cdv,0.5316456,0.32677555,0.23938331,0.26825058,0.02561309,0.49100107,0.10532203
Cdv,0.5822785,0.32924187,0.2404615,0.2687759,0.022056287,0.54106754,0.098451585
Cdv,0.6329114,0.3317234,0.24145852,0.26961786,0.01806406,0.5901721,0.09208782
Cdv,0.6835443,0.33420604,0.24236427,0.2707341,0.013706217,0.63823557,0.08629586
Cdv,0.73417723,0.33668393,0.24317467,0.27207518,0.009040894,0.6851867,0.08110808
Cdv,0.7848101,0.3391593,0.24388969,0.2735899,0.004125882,0.73096377,0.07652925
Cdv,0.835443,0.34163454,0.2445141,0.27524328,-0.00093741756,0.7755203,0.072567105
Cdv,0.886076,0.3441209,0.24505493,0.27699566,-0.0060823974,0.81881857,0.06921224
Cdv,0.93670887,0.34662825,0.24552199,0.27880996,-0.011235529,0.8608304,0.06644268
Cdv,0.98734176,0.3491702,0.24592568,0.28066057,-0.016316993,0.90154177,0.06423414
Cdv,1.0379747,0.3517577,0.24627721,0.28252923,-0.02124491,0.94094664,0.06256542
Cdv,1.0886075,0.35440752,0.24658674,0.28438193,-0.025996104,0.9790439,0.06138941
Cdv,1.1392405,0.3571311,0.24686563,0.28621137,-0.030497406,1.0158494,0.060683783
Cdv,1.1898735,0.3599396,0.2471225,0.28800073,-0.034715015,1.0513769,0.060409468
Cdv,1.2405063,0.3628409,0.247367,0.28974152,-0.038608987,1.0856537,0.060533404
Cdv,1.2911392,0.36584267,0.2476064,0.29142985,-0.04215199,1.118711,0.061029218
Cdv,1.3417722,0.36895368,0.24784723,0.29305813,-0.045333184,1.1505815,0.06186155
Cdv,1.392405,0.37217593,0.2480955,0.29462162,-0.048143044,1.1813035,0.062996745
Cdv,1.443038,0.37551278,0.24835569,0.2961189,-0.050574083,1.2109184,0.06441164
Cdv,1.493671,0.37896392,0.2486329,0.29755712,-0.05261357,1.2394719,0.06608241
Cdv,1.5443038,0.38252884,0.24892981,0.29893598,-0.054263268,1.2670081,0.0679792
Cdv,1.5949367,0.386207,0.24924985,0.3002556,-0.05553978,1.2935712,0.0700824
Cdv,1.6455696,0.38999352,0.24959514,0.30152082,-0.056441106,1.3192089,0.07236913
Cdv,1.6962025,0.3938847,0.2499676,0.30273807,-0.05697172,1.3439682,0.0748197
Cdv,1.7468355,0.39787698,0.25036877,0.30390555,-0.057160065,1.3678921,0.07741104
Cdv,1.7974683,0.40196362,0.25080004,0.30503157,-0.057003483,1.3910275,0.0801277
Cdv,1.8481013,0.40614086,0.25126195,0.30611548,-0.056535132,1.4134147,0.08295006
Cdv,1.8987342,0.41039842,0.251756,0.30717257,-0.0557359,1.4351009,0.08587092
Cdv,1.949367,0.4147349,0.25228202,0.30819425,-0.05464957,1.4561229,0.08886537
Cdv,2.0,0.41913885,0.25284064,0.30919522,-0.053269085,1.4765217,0.091927975
Rav,-2.0,0.34294397,0.24779874,0.3368884,0.15606904,0.073757686,-1.307267
Rav,-1.949367,0.34179667,0.24731317,0.3379663,0.15132523,0.071262114,-1.2892996
Rav,-1.8987342,0.34068245,0.24680673,0.33900833,0.1468466,0.068678714,-1.2705107
Rav,-1.8481013,0.33960295,0.24627931,0.3400147,0.14265275,0.06601017,-1.2508663
Rav,-1.7974683,0.33856264,0.24573119,0.34097445,0.13875328,0.06325836,-1.230354
Rav,-1.7468355,0.3375633,0.24516292,0.34188604,0.13516445,0.060425363,-1.2089386
Rav,-1.6962025,0.33660555,0.2445747,0.3427527,0.13190809,0.057513334,-1.1865764
Rav,-1.6455696,0.3356912,0.24396724,0.34356627,0.12899795,0.0545234,-1.1632432
Rav,-1.5949367,0.3348204,0.24334146,0.3443225,0.12643704,0.051455073,-1.1389033
Rav,-1.5443038,0.33399445,0.24269836,0.34501213,0.12422004,0.048306726,-1.1135378
Rav,-1.493671,0.3332111,0.24203897,0.34562984,0.12235083,0.045075826,-1.0871081
Rav,-1.443038,0.33246678,0.24136455,0.34616938,0.120825194,0.041759305,-1.0595776
Rav,-1.392405,0.33175755,0.24067691,0.3466188,0.119627215,0.038352214,-1.0309215
Rav,-1.3417722,0.33107868,0.23997727,0.346966,0.11873081,0.03484667,-1.0011098
Rav,-1.2911392,0.3304236,0.23926857,0.3471954,0.11810299,0.03123618,-0.9701284
Rav,-1.2405063,0.32978228,0.23855203,0.34729657,0.11771277,0.027512915,-0.9379414
Rav,-1.1898735,0.32914665,0.23783071,0.34725368,0.11752022,0.02367007,-0.9045269
Rav,-1.1392405,0.32850498,0.23710753,0.3470519,0.11747608,0.019701995,-0.86988163
Rav,-1.0886075,0.32784843,0.23638493,0.34667313,0.117518425,0.015604079,-0.83399713
Rav,-1.0379747,0.32716587,0.23566699,0.34610242,0.11758964,0.011377379,-0.79688364
Rav,-0.98734176,0.326452,0.23495726,0.34532017,0.1176115,0.007025026,-0.75856024
Rav,-0.93670887,0.32569522,0.23425977,0.34432313,0.11753851,0.0025593117,-0.71904886
Rav,-0.886076,0.32489437,0.2335791,0.34309143,0.117283255,-0.0020037666,-0.6784041
Rav,-0.835443,0.32404774,0.23291989,0.3416187,0.11678375,-0.0066406876,-0.6366736
Rav,-0.7848101,0.32315445,0.23228692,0.3399095,0.11599346,-0.0113199875,-0.5939034
Rav,-0.73417723,0.3222238,0.23168547,0.33794853,0.114824526,-0.01600527,-0.5502019
Rav,-0.6835443,0.32125893,0.23112012,0.33575487,0.11325607,-0.020653255,-0.50560546
Rav,-0.6329114,0.32027435,0.23059626,0.33332613,0.111220926,-0.025218748,-0.46021795
Rav,-0.5822785,0.319282,0.23011889,0.33067933,0.1086913,-0.029652394,-0.41410822
Rav,-0.5316456,0.31829482,0.22969203,0.32782888,0.10564217,-0.033905573,-0.3673425
Rav,-0.48101267,0.31733045,0.22932012,0.32479173,0.1020424,-0.037931822,-0.31999773
Rav,-0.43037975,0.3164021,0.2290066,0.32158652,0.09787851,-0.0416874,-0.27212662
Rav,-0.37974682,0.3155216,0.22875501,0.31824228,0.093154885,-0.045133322,-0.22377402
Rav,-0.32911393,0.31470245,0.22856697,0.3147858,0.08786978,-0.04823781,-0.17497498
Rav,-0.278481,0.31395298,0.22844417,0.3112391,0.08202737,-0.050977163,-0.12576357
Rav,-0.2278481,0.31327808,0.2283872,0.3076396,0.07565123,-0.053334333,-0.076139346
Rav,-0.17721519,0.31268522,0.22839583,0.3040064,0.06874007,-0.055302918,-0.02614452
Rav,-0.12658228,0.3121734,0.22846873,0.3003746,0.06132567,-0.056883253,0.024229975
Rav,-0.07594936,0.31174153,0.22860381,0.29677743,0.053441416,-0.058082145,0.07497135
Rav,-0.025316456,0.31138828,0.22879823,0.2932409,0.045104865,-0.058916695,0.12606859
Rav,0.025316456,0.3111112,0.22904766,0.2897889,0.036342718,-0.059409764,0.17749979
Rav,0.07594936,0.3109033,0.22934744,0.28645465,0.027197188,-0.05958675,0.22925065
Rav,0.12658228,0.3107593,0.22969177,0.28326008,0.01769908,-0.059480384,0.28129676
Rav,0.17721519,0.310675,0.23007432,0.280226,0.007887189,-0.05912377,0.3335909
Rav,0.2278481,0.3106421,0.23048784,0.2773773,-0.0021917252,-0.058552384,0.386102
Rav,0.278481,0.31065375,0.23092405,0.27472696,-0.012499051,-0.057801835,0.4387674
Rav,0.32911393,0.31070387,0.23137513,0.27228725,-0.02299043,-0.056907598,0.49150562
Rav,0.37974682,0.31078723,0.23183212,0.27006397,-0.033619653,-0.055902958,0.5442338
Rav,0.43037975,0.31089437,0.23228548,0.2680722,-0.044331193,-0.05481621,0.5968695
Rav,0.48101267,0.3110206,0.2327263,0.26630723,-0.055083077,-0.053673744,0.6492957
Rav,0.5316456,0.31116274,0.23314577,0.26476437,-0.06583507,-0.05249916,0.70137864
Rav,0.5822785,0.31131274,0.2335349,0.26344636,-0.07652509,-0.051307783,0.7529973
Rav,0.6329114,0.31146538,0.23388602,0.26234582,-0.08711217,-0.050112247,0.80402315
Rav,0.6835443,0.3116233,0.23419173,0.26144493,-0.097562835,-0.048922878,0.8542809
Rav,0.73417723,0.31178093,0.23444577,0.26073378,-0.10783802,-0.04774207,0.9036361
Rav,0.7848101,0.31193724,0.23464273,0.26020712,-0.11788749,-0.0465698,0.951948
Rav,0.835443,0.31209275,0.23477858,0.25984484,-0.1276914,-0.045404118,0.99907976
Rav,0.886076,0.3122468,0.23484994,0.25964046,-0.13721474,-0.044238336,1.0449119
Rav,0.93670887,0.31240296,0.23485519,0.25957218,-0.1464411,-0.04306691,1.0893148
Rav,0.98734176,0.31256118,0.23479402,0.25963435,-0.1553468,-0.041880786,1.1322184
Rav,1.0379747,0.31272373,0.2346661,0.25981,-0.16392076,-0.04067231,1.1735352
Rav,1.0886075,0.3128923,0.23447287,0.26009196,-0.1721536,-0.039433382,1.2132175
Rav,1.1392405,0.31306934,0.23421629,0.2604641,-0.18004358,-0.038156435,1.2512195
Rav,1.1898735,0.31325638,0.23389877,0.26092127,-0.18758537,-0.036833994,1.2875406
Rav,1.2405063,0.3134523,0.23352341,0.2614597,-0.19477357,-0.03545993,1.3221878
Rav,1.2911392,0.31366307,0.23309277,0.26206002,-0.20163384,-0.03403128,1.35516
Rav,1.3417722,0.31388688,0.23261122,0.26272166,-0.20816237,-0.0325433,1.3865049
Rav,1.392405,0.31412423,0.23208162,0.2634369,-0.21437281,-0.030993998,1.4162618
Rav,1.443038,0.31437388,0.23150724,0.26420423,-0.22027102,-0.029380843,1.4444958
Rav,1.493671,0.3146379,0.2308911,0.26501656,-0.22587812,-0.02770304,1.4712598
Rav,1.5443038,0.31491506,0.2302368,0.26586646,-0.23120649,-0.025961287,1.4966133
Rav,1.5949367,0.31520528,0.22954641,0.26675096,-0.23627244,-0.024154939,1.5206301
Rav,1.6455696,0.31550688,0.22882187,0.267669,-0.24108784,-0.022283629,1.5433826
Rav,1.6962025,0.3158185,0.22806582,0.2686157,-0.24567156,-0.020348646,1.5649407
Rav,1.7468355,0.31613892,0.22727977,0.26959154,-0.25002962,-0.018348135,1.5853705
Rav,1.7974683,0.31646794,0.22646521,0.27058768,-0.25418922,-0.016284801,1.6047338
Rav,1.8481013,0.31680486,0.22562355,0.2716076,-0.25815126,-0.014157034,1.6230935
Rav,1.8987342,0.31714422,0.22475478,0.27265233,-0.2619277,-0.011962973,1.6405197
Rav,1.949367,0.3174885,0.22385964,0.27371117,-0.26554108,-0.009703897,1.6570553
Rav,2.0,0.31783557,0.22293939,0.27478823,-0.26899016,-0.007376857,1.6727545
